embedding_index,pid,image_path
0,LJGDYQ2HQQGVHHXG,../data/images/LJGDYQ2HQQGVHHXG.jpg
1,SHTE7ZPZZY64JF72,../data/images/SHTE7ZPZZY64JF72.jpg
2,TOPE94JH8ZFHZVTV,../data/images/TOPE94JH8ZFHZVTV.jpg
3,LJGE8GG2XTA4YXH4,../data/images/LJGE8GG2XTA4YXH4.jpg
4,SHTEC9M7NADQD9EJ,../data/images/SHTEC9M7NADQD9EJ.jpg
5,LJGE9YJHTJZCQ5VP,../data/images/LJGE9YJHTJZCQ5VP.jpg
6,TSHE75PWNHSC53VW,../data/images/TSHE75PWNHSC53VW.jpg
7,TSHE9HNYWEZDQTK3,../data/images/TSHE9HNYWEZDQTK3.jpg
8,TSHEDCVYEHDWNG5Z,../data/images/TSHEDCVYEHDWNG5Z.jpg
9,TOPECYENWHHDGFCH,../data/images/TOPECYENWHHDGFCH.jpg
10,BRAEBBMQZH8Y56XN,../data/images/BRAEBBMQZH8Y56XN.jpg
11,TSHE9QS4JCJNNYYZ,../data/images/TSHE9QS4JCJNNYYZ.jpg
12,TOPE8VYAVY9ESVJ6,../data/images/TOPE8VYAVY9ESVJ6.jpg
13,BRADWZ4K9GN5VCM9,../data/images/BRADWZ4K9GN5VCM9.jpg
14,BRAEBBYRYTEEDDA9,../data/images/BRAEBBYRYTEEDDA9.jpg
15,SKIEC9AF3ZPKHKVC,../data/images/SKIEC9AF3ZPKHKVC.jpg
16,SWTEBYZGPBJESZ7R,../data/images/SWTEBYZGPBJESZ7R.jpg
17,SWSEDHHRZCEEAU8U,../data/images/SWSEDHHRZCEEAU8U.jpg
18,TROEHGFYZTGCAUM9,../data/images/TROEHGFYZTGCAUM9.jpg
19,SHTE89H7YX7GFGUZ,../data/images/SHTE89H7YX7GFGUZ.jpg
20,TSHEF3Z3DEYW8VZF,../data/images/TSHEF3Z3DEYW8VZF.jpg
21,SHTE6P4EVQ4VCPFG,../data/images/SHTE6P4EVQ4VCPFG.jpg
22,KTAEBFNMZMYC4PGC,../data/images/KTAEBFNMZMYC4PGC.jpg
23,TKPEG6PZEBEYFB2M,../data/images/TKPEG6PZEBEYFB2M.jpg
24,BRAEYFDFDG5VFF6K,../data/images/BRAEYFDFDG5VFF6K.jpg
25,BRAEDQDFSDVTSSWK,../data/images/BRAEDQDFSDVTSSWK.jpg
26,SHTEBUEGUX7QFFEN,../data/images/SHTEBUEGUX7QFFEN.jpg
27,TSHE993QFWTCUVH2,../data/images/TSHE993QFWTCUVH2.jpg
28,TSHE75PX6X9FZQZZ,../data/images/TSHE75PX6X9FZQZZ.jpg
29,BRAE8WPSH2EVXGBM,../data/images/BRAE8WPSH2EVXGBM.jpg
30,SWTEDP7UDHHTZY2Y,../data/images/SWTEDP7UDHHTZY2Y.jpg
31,TIEEEBZ6RVHN8JZG,../data/images/TIEEEBZ6RVHN8JZG.jpg
32,SWTDZCHNEZAGKVHZ,../data/images/SWTDZCHNEZAGKVHZ.jpg
33,LJGDZJ625TFAJ7UA,../data/images/LJGDZJ625TFAJ7UA.jpg
34,SHTEBTB9ZM42MVDY,../data/images/SHTEBTB9ZM42MVDY.jpg
35,TSHECXA5W8VFH653,../data/images/TSHECXA5W8VFH653.jpg
36,NDNEGCU2N8CPHWKB,../data/images/NDNEGCU2N8CPHWKB.jpg
37,TSHE44QJ9ZN7V7AT,../data/images/TSHE44QJ9ZN7V7AT.jpg
38,LJGE524RJZMTDWJH,../data/images/LJGE524RJZMTDWJH.jpg
39,TOPED9T3J3EMHDKH,../data/images/TOPED9T3J3EMHDKH.jpg
40,BRAECFKHXZ5TNW4N,../data/images/BRAECFKHXZ5TNW4N.jpg
41,KTAEGYZZNB6CDSEH,../data/images/KTAEGYZZNB6CDSEH.jpg
42,SHTECS55K6GXMDA2,../data/images/SHTECS55K6GXMDA2.jpg
43,TOPECB586KWJY34R,../data/images/TOPECB586KWJY34R.jpg
44,JCKEDVZMPH4R7FNN,../data/images/JCKEDVZMPH4R7FNN.jpg
45,TKSEGVXZ5GCH2TMG,../data/images/TKSEGVXZ5GCH2TMG.jpg
46,TSHEDKKXYGKVYABU,../data/images/TSHEDKKXYGKVYABU.jpg
47,TSHE9CK2T6ZXXHD9,../data/images/TSHE9CK2T6ZXXHD9.jpg
48,SHTEGQCHBEWQBVBT,../data/images/SHTEGQCHBEWQBVBT.jpg
49,PANEGYWYVSTHAZQE,../data/images/PANEGYWYVSTHAZQE.jpg
50,TSHEG57TG27P9EZM,../data/images/TSHEG57TG27P9EZM.jpg
51,TSHE2MESF3ATPA7G,../data/images/TSHE2MESF3ATPA7G.jpg
52,TOPDTH8EEUDZRKBK,../data/images/TOPDTH8EEUDZRKBK.jpg
53,TOPE5F53CXYGPVTC,../data/images/TOPE5F53CXYGPVTC.jpg
54,SKIE2ZNJE7AESJVR,../data/images/SKIE2ZNJE7AESJVR.jpg
55,TOPE7H2E7ZT54D5B,../data/images/TOPE7H2E7ZT54D5B.jpg
56,TSHE9K9JVXV4QDQY,../data/images/TSHE9K9JVXV4QDQY.jpg
57,TSHE993QS7HSVPZR,../data/images/TSHE993QS7HSVPZR.jpg
58,BRAECBDFRXGMZ9TW,../data/images/BRAECBDFRXGMZ9TW.jpg
59,SRTEGKWYRMVXC7GE,../data/images/SRTEGKWYRMVXC7GE.jpg
60,LJGEDPJAHHZHR7UB,../data/images/LJGEDPJAHHZHR7UB.jpg
61,SWSE36FPYKT5QHTM,../data/images/SWSE36FPYKT5QHTM.jpg
62,CAPE8HYQSXRDAGGC,../data/images/CAPE8HYQSXRDAGGC.jpg
63,BRAE8VUUYMWAYSCK,../data/images/BRAE8VUUYMWAYSCK.jpg
64,ACBECFGT6YXGSNU4,../data/images/ACBECFGT6YXGSNU4.jpg
65,SHTEBS8ZRBGG6ZXT,../data/images/SHTEBS8ZRBGG6ZXT.jpg
66,SWSEE7VTBNR4G6DQ,../data/images/SWSEE7VTBNR4G6DQ.jpg
67,BRAEDQFRTQFYPJ2Y,../data/images/BRAEDQFRTQFYPJ2Y.jpg
68,ETHEGCR3PYGB3MA4,../data/images/ETHEGCR3PYGB3MA4.jpg
69,SHTECFAKNASP6VVJ,../data/images/SHTECFAKNASP6VVJ.jpg
70,TOPEBTGCPSWPYGRM,../data/images/TOPEBTGCPSWPYGRM.jpg
71,BRAEDQEDZ5HPXCY8,../data/images/BRAEDQEDZ5HPXCY8.jpg
72,TSHE3H9TYXGMS6GV,../data/images/TSHE3H9TYXGMS6GV.jpg
73,PTLEH3DFKNJRHR94,../data/images/PTLEH3DFKNJRHR94.jpg
74,SHTECY54ZYGUHVDN,../data/images/SHTECY54ZYGUHVDN.jpg
75,FABE7ZDZCVMZGUB5,../data/images/FABE7ZDZCVMZGUB5.jpg
76,TSHE9CK2D83YM3WY,../data/images/TSHE9CK2D83YM3WY.jpg
77,PYJEG324KUXQFTPM,../data/images/PYJEG324KUXQFTPM.jpg
78,TSHEAQMCE5APABEH,../data/images/TSHEAQMCE5APABEH.jpg
79,TSHE7KBH65QU5PJE,../data/images/TSHE7KBH65QU5PJE.jpg
80,SHTE8ZWVS5BUPARG,../data/images/SHTE8ZWVS5BUPARG.jpg
81,BRAEDQFRUZRVYKMG,../data/images/BRAEDQFRUZRVYKMG.jpg
82,ACBEAGHHRM5FWHXB,../data/images/ACBEAGHHRM5FWHXB.jpg
83,BRAECSFFZ7BJCSSF,../data/images/BRAECSFFZ7BJCSSF.jpg
84,TOPE5N5ACWGNUWBY,../data/images/TOPE5N5ACWGNUWBY.jpg
85,TOPEEEPVGBBUCHFH,../data/images/TOPEEEPVGBBUCHFH.jpg
86,ETHEGBVZJJWYVKVQ,../data/images/ETHEGBVZJJWYVKVQ.jpg
87,TSHEHU5RYE6UH4SQ,../data/images/TSHEHU5RYE6UH4SQ.jpg
88,SHTE9XBFQDE4HPGF,../data/images/SHTE9XBFQDE4HPGF.jpg
89,TSHE9K9GCGK6GRB5,../data/images/TSHE9K9GCGK6GRB5.jpg
90,SRTE7PSSCM2H43MC,../data/images/SRTE7PSSCM2H43MC.jpg
91,SHTE9Q5YZVJZZXCR,../data/images/SHTE9Q5YZVJZZXCR.jpg
92,SHTEA8GTM6GGGEZB,../data/images/SHTEA8GTM6GGGEZB.jpg
93,SHTECV69KMGUCXM7,../data/images/SHTECV69KMGUCXM7.jpg
94,TSHEA7W9VCKX2DSJ,../data/images/TSHEA7W9VCKX2DSJ.jpg
95,LJGE8GGQAJ2USTSG,../data/images/LJGE8GGQAJ2USTSG.jpg
96,TSHE79U6KPVXFGVX,../data/images/TSHE79U6KPVXFGVX.jpg
97,TSHEAKUGCRNEMD2X,../data/images/TSHEAKUGCRNEMD2X.jpg
98,TSHE8GF4NWDCDSX2,../data/images/TSHE8GF4NWDCDSX2.jpg
99,TOPDYAZZNRQMQABE,../data/images/TOPDYAZZNRQMQABE.jpg
100,TSHEAQMBZZGAZ2W5,../data/images/TSHEAQMBZZGAZ2W5.jpg
101,SHTE7T3ZYWMQAK5E,../data/images/SHTE7T3ZYWMQAK5E.jpg
102,BRAEHD9FNNJHVHQG,../data/images/BRAEHD9FNNJHVHQG.jpg
103,TIEEEAG2F5EPHGKZ,../data/images/TIEEEAG2F5EPHGKZ.jpg
104,TSHE993PJPXPVFKR,../data/images/TSHE993PJPXPVFKR.jpg
105,LJGE8WRFZZNHG29E,../data/images/LJGE8WRFZZNHG29E.jpg
106,SHTEE69NHZKZW7BN,../data/images/SHTEE69NHZKZW7BN.jpg
107,TROEGR9GXTNVWACF,../data/images/TROEGR9GXTNVWACF.jpg
108,TOPECCMNG24UGAHX,../data/images/TOPECCMNG24UGAHX.jpg
109,TSHE967ZUHBPSYMH,../data/images/TSHE967ZUHBPSYMH.jpg
110,SHTE8GNBZRXJQPR2,../data/images/SHTE8GNBZRXJQPR2.jpg
111,SAREG44UGXQU7AJD,../data/images/SAREG44UGXQU7AJD.jpg
112,TSHE7FUZGGFHFFNH,../data/images/TSHE7FUZGGFHFFNH.jpg
113,TSHEJHJRYXHGJVPW,../data/images/TSHEJHJRYXHGJVPW.jpg
114,SHTEGZB8HYN9BCZK,../data/images/SHTEGZB8HYN9BCZK.jpg
115,BRAE6ZCHAQFRYMQY,../data/images/BRAE6ZCHAQFRYMQY.jpg
116,BRAE3TSHZWSBH2UD,../data/images/BRAE3TSHZWSBH2UD.jpg
117,SWSEEF4TZ2HVKDZN,../data/images/SWSEEF4TZ2HVKDZN.jpg
118,NDNEGCSG2JYTXSYU,../data/images/NDNEGCSG2JYTXSYU.jpg
119,BRAE8RSAHXUVA9FQ,../data/images/BRAE8RSAHXUVA9FQ.jpg
120,TSHE993RV7GU33KR,../data/images/TSHE993RV7GU33KR.jpg
121,SKIEC87PN6FWXKNJ,../data/images/SKIEC87PN6FWXKNJ.jpg
122,TOPE94XU499AB6X7,../data/images/TOPE94XU499AB6X7.jpg
123,BRAEB9SJMFKF39ZW,../data/images/BRAEB9SJMFKF39ZW.jpg
124,SHTE5GVFBGGGHVDM,../data/images/SHTE5GVFBGGGHVDM.jpg
125,FABEGGHHDFMY8BZU,../data/images/FABEGGHHDFMY8BZU.jpg
126,TSHDUXJ2GACZXFYD,../data/images/TSHDUXJ2GACZXFYD.jpg
127,PANEHA7QXHBX9UYE,../data/images/PANEHA7QXHBX9UYE.jpg
128,JCKEH9EMRAAEPJBD,../data/images/JCKEH9EMRAAEPJBD.jpg
129,TSHE9CRGW6WGHZHF,../data/images/TSHE9CRGW6WGHZHF.jpg
130,TSHE993PGTYPA6ZC,../data/images/TSHE993PGTYPA6ZC.jpg
131,TSHECJAYAC5MGEXR,../data/images/TSHECJAYAC5MGEXR.jpg
132,BXREDW5MRKSWFNGR,../data/images/BXREDW5MRKSWFNGR.jpg
133,TSHE5NYHPDVGNBJ4,../data/images/TSHE5NYHPDVGNBJ4.jpg
134,CAPEYGFG4HFH6HXH,../data/images/CAPEYGFG4HFH6HXH.jpg
135,BRAEGJFXYZ5H8DJC,../data/images/BRAEGJFXYZ5H8DJC.jpg
136,TOPE89JZJY3CHR2E,../data/images/TOPE89JZJY3CHR2E.jpg
137,BRAEDQEECHRPH6RJ,../data/images/BRAEDQEECHRPH6RJ.jpg
138,SHTEBBWJXBH9GPHD,../data/images/SHTEBBWJXBH9GPHD.jpg
139,LINE9YX3ZAVWPKZN,../data/images/LINE9YX3ZAVWPKZN.jpg
140,JCKEJHAHFHBHQS9W,../data/images/JCKEJHAHFHBHQS9W.jpg
141,SHTEANKUFFWHHJBU,../data/images/SHTEANKUFFWHHJBU.jpg
142,BRAE8MX2DNXVEDNH,../data/images/BRAE8MX2DNXVEDNH.jpg
143,PYJEGR45T6HSVGZS,../data/images/PYJEGR45T6HSVGZS.jpg
144,SHTE4ZP4Y3T97MGA,../data/images/SHTE4ZP4Y3T97MGA.jpg
145,PLOEHFEWQZHVJFQC,../data/images/PLOEHFEWQZHVJFQC.jpg
146,JCKEJFPDVWBKHPFY,../data/images/JCKEJFPDVWBKHPFY.jpg
147,BLOEJFFYGJCJZERW,../data/images/BLOEJFFYGJCJZERW.jpg
148,TSHEHU5RDKHKCGFA,../data/images/TSHEHU5RDKHKCGFA.jpg
149,TOPECV69HWZGWRAW,../data/images/TOPECV69HWZGWRAW.jpg
150,SHTECS55ZENHBUFN,../data/images/SHTECS55ZENHBUFN.jpg
151,BRAEB2ZTZVZNJRVT,../data/images/BRAEB2ZTZVZNJRVT.jpg
152,LJGEATZSV5VGNDXW,../data/images/LJGEATZSV5VGNDXW.jpg
153,TSHE9WVTCGY7DRAJ,../data/images/TSHE9WVTCGY7DRAJ.jpg
154,SAREGSFW6RDSHGNU,../data/images/SAREGSFW6RDSHGNU.jpg
155,SHTE6P4EQHBG7VWY,../data/images/SHTE6P4EQHBG7VWY.jpg
156,SHTEA9PKJJRHPRUU,../data/images/SHTEA9PKJJRHPRUU.jpg
157,LJGE9D7UD4XXFVNZ,../data/images/LJGE9D7UD4XXFVNZ.jpg
158,TSHEFC49T6VCSYGS,../data/images/TSHEFC49T6VCSYGS.jpg
159,TSHE6UDN7AC9HDWW,../data/images/TSHE6UDN7AC9HDWW.jpg
160,TOPE789SZDCNRPXW,../data/images/TOPE789SZDCNRPXW.jpg
161,BRAEB2ZTMFRTJDDF,../data/images/BRAEB2ZTMFRTJDDF.jpg
162,SKIEJGNWSMZPZESB,../data/images/SKIEJGNWSMZPZESB.jpg
163,TOPEDDV9USBFWGPZ,../data/images/TOPEDDV9USBFWGPZ.jpg
164,SHTEBPW9BGQHKRGA,../data/images/SHTEBPW9BGQHKRGA.jpg
165,SHTE7P7XSYGKYGAX,../data/images/SHTE7P7XSYGKYGAX.jpg
166,TOPE7QTUPGHXCBGZ,../data/images/TOPE7QTUPGHXCBGZ.jpg
167,NSTE65WVWDXWRCKC,../data/images/NSTE65WVWDXWRCKC.jpg
168,SHTE4G48XNHGJQYF,../data/images/SHTE4G48XNHGJQYF.jpg
169,ETHEGFZGNGANDFHH,../data/images/ETHEGFZGNGANDFHH.jpg
170,SHTDUA8DXHWKTUVD,../data/images/SHTDUA8DXHWKTUVD.jpg
171,SHTE4YFY9Y7YKPZF,../data/images/SHTE4YFY9Y7YKPZF.jpg
172,SWTECZMBCGGFKGFK,../data/images/SWTECZMBCGGFKGFK.jpg
173,TOPEYY5YK3WEGGXX,../data/images/TOPEYY5YK3WEGGXX.jpg
174,WSCEG2FYDYFDSVZ6,../data/images/WSCEG2FYDYFDSVZ6.jpg
175,SRTEGWKHGMNG3WRJ,../data/images/SRTEGWKHGMNG3WRJ.jpg
176,TSHE6UDN2ZTZRZHF,../data/images/TSHE6UDN2ZTZRZHF.jpg
177,BRAECKHYSHDEQJCM,../data/images/BRAECKHYSHDEQJCM.jpg
178,SWTEAXYCZJV4T5HA,../data/images/SWTEAXYCZJV4T5HA.jpg
179,SOCEDFAY5EHHZKUF,../data/images/SOCEDFAY5EHHZKUF.jpg
180,BRAEDUXKYEZXQAXS,../data/images/BRAEDUXKYEZXQAXS.jpg
181,CRGEYZ5FGRTYJUT6,../data/images/CRGEYZ5FGRTYJUT6.jpg
182,TOPE2HZRFKVVTCKU,../data/images/TOPE2HZRFKVVTCKU.jpg
183,SWTEDAN6BF6ZKGTV,../data/images/SWTEDAN6BF6ZKGTV.jpg
184,TSHE7RZJBEZCKSAH,../data/images/TSHE7RZJBEZCKSAH.jpg
185,BZREHH7YDUABC2TR,../data/images/BZREHH7YDUABC2TR.jpg
186,TOPEDHFBFPKCQF89,../data/images/TOPEDHFBFPKCQF89.jpg
187,SHTEBS8Z8PAHNZZV,../data/images/SHTEBS8Z8PAHNZZV.jpg
188,BRAEBCY3YXNXGCZX,../data/images/BRAEBCY3YXNXGCZX.jpg
189,SHTE7HPFXST94MS6,../data/images/SHTE7HPFXST94MS6.jpg
190,BRAE86C6TR2DCC7C,../data/images/BRAE86C6TR2DCC7C.jpg
191,SWSE4CNDZMMCJGM6,../data/images/SWSE4CNDZMMCJGM6.jpg
192,TSHE993Q4AKCPAVR,../data/images/TSHE993Q4AKCPAVR.jpg
193,SHTEGYHSH7MG4SVU,../data/images/SHTEGYHSH7MG4SVU.jpg
194,TRODYXVC8MXEWWQR,../data/images/TRODYXVC8MXEWWQR.jpg
195,TOPE7T4YMXRK5BVG,../data/images/TOPE7T4YMXRK5BVG.jpg
196,TSHEFC4AYHDXFDNK,../data/images/TSHEFC4AYHDXFDNK.jpg
197,SHTECY54XAHGVJ7K,../data/images/SHTECY54XAHGVJ7K.jpg
198,TSHED67VHBK6XHZQ,../data/images/TSHED67VHBK6XHZQ.jpg
199,TSHEGMWZYCTCDAAZ,../data/images/TSHEGMWZYCTCDAAZ.jpg
200,SHTE7H6ZXRZZPHGF,../data/images/SHTE7H6ZXRZZPHGF.jpg
201,TIEEHZDEDRUH6NMB,../data/images/TIEEHZDEDRUH6NMB.jpg
202,SHTEJGESKVEMGRYR,../data/images/SHTEJGESKVEMGRYR.jpg
203,LJGDWAC3ZATUGA3D,../data/images/LJGDWAC3ZATUGA3D.jpg
204,CAPEDZVRVGH9YZSZ,../data/images/CAPEDZVRVGH9YZSZ.jpg
205,BRFEGF7QDMHUSF2T,../data/images/BRFEGF7QDMHUSF2T.jpg
206,SWSEHK8ZMMYXGEFZ,../data/images/SWSEHK8ZMMYXGEFZ.jpg
207,TIEEDEY9PDYGWKDW,../data/images/TIEEDEY9PDYGWKDW.jpg
208,SWSEH7ZZ6EYGH7T2,../data/images/SWSEH7ZZ6EYGH7T2.jpg
209,SHTEJZKNDAFHN5MZ,../data/images/SHTEJZKNDAFHN5MZ.jpg
210,TSHDZ6S2XWQUHWZ9,../data/images/TSHDZ6S2XWQUHWZ9.jpg
211,BRAEDGQFWPFGVPNF,../data/images/BRAEDGQFWPFGVPNF.jpg
212,TSHDTTQFUDGGDHB8,../data/images/TSHDTTQFUDGGDHB8.jpg
213,BRAE6Y462EZP7QWA,../data/images/BRAE6Y462EZP7QWA.jpg
214,TSHECQN9DGJWGW9F,../data/images/TSHECQN9DGJWGW9F.jpg
215,ETHEG627YV8KBGJH,../data/images/ETHEG627YV8KBGJH.jpg
216,TSHE75PXSMNAZZVS,../data/images/TSHE75PXSMNAZZVS.jpg
217,KTAEG4P2NNNBDRMT,../data/images/KTAEG4P2NNNBDRMT.jpg
218,CSPDS8XMXBU5EQRT,../data/images/CSPDS8XMXBU5EQRT.jpg
219,BRAE3Y3FFZGZFKZN,../data/images/BRAE3Y3FFZGZFKZN.jpg
220,LJGE9YD3WZPRNQ4E,../data/images/LJGE9YD3WZPRNQ4E.jpg
221,BRAEDSGAZMGQDKTJ,../data/images/BRAEDSGAZMGQDKTJ.jpg
222,BZREGXNGANDWYZKU,../data/images/BZREGXNGANDWYZKU.jpg
223,SWTEDX3KRCTNHUGY,../data/images/SWTEDX3KRCTNHUGY.jpg
224,JCKEBGGJWV6UH4FV,../data/images/JCKEBGGJWV6UH4FV.jpg
225,BRAE2GWB6GSSCFGT,../data/images/BRAE2GWB6GSSCFGT.jpg
226,SKIE2XDWNFWZYK9S,../data/images/SKIE2XDWNFWZYK9S.jpg
227,TSHEBGC3SBJM3AQN,../data/images/TSHEBGC3SBJM3AQN.jpg
228,TSHE993QZHQGFEFP,../data/images/TSHE993QZHQGFEFP.jpg
229,BRAEDSKCZJHTVZNZ,../data/images/BRAEDSKCZJHTVZNZ.jpg
230,TSHE7G27YV8WZUFF,../data/images/TSHE7G27YV8WZUFF.jpg
231,JCKEEQP3QGVECNG7,../data/images/JCKEEQP3QGVECNG7.jpg
232,SHTE6GYZQTWVYYVA,../data/images/SHTE6GYZQTWVYYVA.jpg
233,TOPECJAMAHQZNZ8Z,../data/images/TOPECJAMAHQZNZ8Z.jpg
234,TSHE9K9KFVGBSZGH,../data/images/TSHE9K9KFVGBSZGH.jpg
235,SWDEGP9AHSFHRSUF,../data/images/SWDEGP9AHSFHRSUF.jpg
236,TOPE2RX95MBJFRTT,../data/images/TOPE2RX95MBJFRTT.jpg
237,TSHDUXJ2AUQPGHZT,../data/images/TSHDUXJ2AUQPGHZT.jpg
238,TSHDUXJFZ2YWCP86,../data/images/TSHDUXJFZ2YWCP86.jpg
239,CGNEDFY77SGZTEQ2,../data/images/CGNEDFY77SGZTEQ2.jpg
240,SHTECB92WG7ZCPBV,../data/images/SHTECB92WG7ZCPBV.jpg
241,ACBECFGTPPECWHKZ,../data/images/ACBECFGTPPECWHKZ.jpg
242,BRAEE6YMHGPCFTYJ,../data/images/BRAEE6YMHGPCFTYJ.jpg
243,SWSECUCFQQPWKTSA,../data/images/SWSECUCFQQPWKTSA.jpg
244,TOPE954FNTYZQVFZ,../data/images/TOPE954FNTYZQVFZ.jpg
245,LJGE2FAEGYYQAVWR,../data/images/LJGE2FAEGYYQAVWR.jpg
246,BRAE6FMZZVJVEHAZ,../data/images/BRAE6FMZZVJVEHAZ.jpg
247,TSHE4S26FVNGW5TZ,../data/images/TSHE4S26FVNGW5TZ.jpg
248,BRAE9WYKXCX8YVUM,../data/images/BRAE9WYKXCX8YVUM.jpg
249,TSHE8HWMBE3PHY5Z,../data/images/TSHE8HWMBE3PHY5Z.jpg
250,BRAEB2ZTYW2ZVNAZ,../data/images/BRAEB2ZTYW2ZVNAZ.jpg
251,TRODZNTFF9EXWB5S,../data/images/TRODZNTFF9EXWB5S.jpg
252,BRAEBCY3U9ZWA3AG,../data/images/BRAEBCY3U9ZWA3AG.jpg
253,TOPEGKDCHFWS4HRY,../data/images/TOPEGKDCHFWS4HRY.jpg
254,LJGE8GG9PKZYPEPQ,../data/images/LJGE8GG9PKZYPEPQ.jpg
255,TOPEHZRABE92BKYA,../data/images/TOPEHZRABE92BKYA.jpg
256,TSHE9WZADKTETCYG,../data/images/TSHE9WZADKTETCYG.jpg
257,TSHE9QSCV9QZMMZH,../data/images/TSHE9QSCV9QZMMZH.jpg
258,JUMEGDXPKGX226PK,../data/images/JUMEGDXPKGX226PK.jpg
259,SHTEJVJMEYV6U4HU,../data/images/SHTEJVJMEYV6U4HU.jpg
260,TSHE9CK2HZBMRAGW,../data/images/TSHE9CK2HZBMRAGW.jpg
261,SHTEA48RPJADQQ5C,../data/images/SHTEA48RPJADQQ5C.jpg
262,ABQEJ7YQTNQGMXZV,../data/images/ABQEJ7YQTNQGMXZV.jpg
263,TSHE9GATGVKSBGFB,../data/images/TSHE9GATGVKSBGFB.jpg
264,LJGEJQ4H82QG64PN,../data/images/LJGEJQ4H82QG64PN.jpg
265,TSHE967UVGGCTBCV,../data/images/TSHE967UVGGCTBCV.jpg
266,BRAED6G6TVPF94CV,../data/images/BRAED6G6TVPF94CV.jpg
267,NDNEGCU4QZJUYCWG,../data/images/NDNEGCU4QZJUYCWG.jpg
268,ETHEGBVPYKM2GZUY,../data/images/ETHEGBVPYKM2GZUY.jpg
269,SWSE4DF6VQENZZGG,../data/images/SWSE4DF6VQENZZGG.jpg
270,SKIE4S4NN4MHYM3Z,../data/images/SKIE4S4NN4MHYM3Z.jpg
271,TOPE8ZAF4NMCGHR3,../data/images/TOPE8ZAF4NMCGHR3.jpg
272,TSHE9T8FCXUSMGVG,../data/images/TSHE9T8FCXUSMGVG.jpg
273,BRAED7QUJVM6HEEZ,../data/images/BRAED7QUJVM6HEEZ.jpg
274,PANEJQ5AMGFJKRAF,../data/images/PANEJQ5AMGFJKRAF.jpg
275,SWTEDFVGSHZBRB3Z,../data/images/SWTEDFVGSHZBRB3Z.jpg
276,SHTE6K74ZMWEPSHH,../data/images/SHTE6K74ZMWEPSHH.jpg
277,SHTE9UGFFKKTYJ7S,../data/images/SHTE9UGFFKKTYJ7S.jpg
278,CAPEDVTES4EQMG4H,../data/images/CAPEDVTES4EQMG4H.jpg
279,JCKEJNH2AZGKWGZC,../data/images/JCKEJNH2AZGKWGZC.jpg
280,SHTEA48RXHZZ7YKB,../data/images/SHTEA48RXHZZ7YKB.jpg
281,BRAEBUHXKDBWRMCK,../data/images/BRAEBUHXKDBWRMCK.jpg
282,SWTEDAU6RPWWYMJP,../data/images/SWTEDAU6RPWWYMJP.jpg
283,TOPEEEPV4GFFSHJG,../data/images/TOPEEEPV4GFFSHJG.jpg
284,JCKE24NP9VDMR8KD,../data/images/JCKE24NP9VDMR8KD.jpg
285,BRAEYMFDHAQBDMZH,../data/images/BRAEYMFDHAQBDMZH.jpg
286,ACBEHFPVV7PYCVHR,../data/images/ACBEHFPVV7PYCVHR.jpg
287,TOPEGH2EMFNHGMFK,../data/images/TOPEGH2EMFNHGMFK.jpg
288,SWSEYFY2E6P8HYSP,../data/images/SWSEYFY2E6P8HYSP.jpg
289,TSHEF3Z2JHQHK2GZ,../data/images/TSHEF3Z2JHQHK2GZ.jpg
290,TSHE4S26ZSFE9JTB,../data/images/TSHE4S26ZSFE9JTB.jpg
291,SHTEAZU6Z6Q7UTSP,../data/images/SHTEAZU6Z6Q7UTSP.jpg
292,TSHE993R7A3ZBB6E,../data/images/TSHE993R7A3ZBB6E.jpg
293,SHTEY2Z4ZZYHB7GZ,../data/images/SHTEY2Z4ZZYHB7GZ.jpg
294,ACBECSFFNEUFZSYE,../data/images/ACBECSFFNEUFZSYE.jpg
295,SHTE3HGETNXH7HDB,../data/images/SHTE3HGETNXH7HDB.jpg
296,TSHE6SJFFQUMVYBH,../data/images/TSHE6SJFFQUMVYBH.jpg
297,CSPE6XYVRSBX64PN,../data/images/CSPE6XYVRSBX64PN.jpg
298,TSHEHU5RQ4TEYXXS,../data/images/TSHEHU5RQ4TEYXXS.jpg
299,TUNE7ZAUNQHFTXEE,../data/images/TUNE7ZAUNQHFTXEE.jpg
300,BRAEDW63EGE5VDXG,../data/images/BRAEDW63EGE5VDXG.jpg
301,TROEGVK5XMECKZWR,../data/images/TROEGVK5XMECKZWR.jpg
302,TOPEDFFJMUYZFYW3,../data/images/TOPEDFFJMUYZFYW3.jpg
303,SHTEG88ZZRQ5GEZD,../data/images/SHTEG88ZZRQ5GEZD.jpg
304,TSHE75PWXGWGHTYH,../data/images/TSHE75PWXGWGHTYH.jpg
305,TOPEHZMKZ67ZYXYX,../data/images/TOPEHZMKZ67ZYXYX.jpg
306,TSHE9CK2YKT7ZRQT,../data/images/TSHE9CK2YKT7ZRQT.jpg
307,BZREHJ6Z8WJQHFPX,../data/images/BZREHJ6Z8WJQHFPX.jpg
308,TOPEHAG3MXHB55EU,../data/images/TOPEHAG3MXHB55EU.jpg
309,ACBEHFPXNE8ZUSKK,../data/images/ACBEHFPXNE8ZUSKK.jpg
310,TSHE3GHHVKJAY8DY,../data/images/TSHE3GHHVKJAY8DY.jpg
311,TSHE9C3MZHGYM4YH,../data/images/TSHE9C3MZHGYM4YH.jpg
312,BRAEATGY5FGGJAZZ,../data/images/BRAEATGY5FGGJAZZ.jpg
313,TUNEB73EF5SSGWGS,../data/images/TUNEB73EF5SSGWGS.jpg
314,SHTEBQ5W9ZXGHBZZ,../data/images/SHTEBQ5W9ZXGHBZZ.jpg
315,TOPEB84NG2VRMTXB,../data/images/TOPEB84NG2VRMTXB.jpg
316,BRAEGJFXJR4GPU2C,../data/images/BRAEGJFXJR4GPU2C.jpg
317,TSHE7S4HH7YJUHP6,../data/images/TSHE7S4HH7YJUHP6.jpg
318,TSHE9RZUKTKV4Y3A,../data/images/TSHE9RZUKTKV4Y3A.jpg
319,SWSEBFKBVFU7CHZG,../data/images/SWSEBFKBVFU7CHZG.jpg
320,TSHE9DFQHXU8MYBA,../data/images/TSHE9DFQHXU8MYBA.jpg
321,TSHE993QZ5W5ZCSG,../data/images/TSHE993QZ5W5ZCSG.jpg
322,BRAEGJFXYJXQYESX,../data/images/BRAEGJFXYJXQYESX.jpg
323,LJGEDP8YUUKZMH5E,../data/images/LJGEDP8YUUKZMH5E.jpg
324,TSHDVZHRYSGNPPHC,../data/images/TSHDVZHRYSGNPPHC.jpg
325,TROEGWHHRHGBEZS9,../data/images/TROEGWHHRHGBEZS9.jpg
326,TOPECFN9VXARJU8P,../data/images/TOPECFN9VXARJU8P.jpg
327,SHTEAVBVDRBN5ATQ,../data/images/SHTEAVBVDRBN5ATQ.jpg
328,LJGEG52SRXN5JXFE,../data/images/LJGEG52SRXN5JXFE.jpg
329,SHTDSV7BY27JKMHN,../data/images/SHTDSV7BY27JKMHN.jpg
330,ACBECFGTEVJ6WB6U,../data/images/ACBECFGTEVJ6WB6U.jpg
331,SHTEE72RCD7G7D2N,../data/images/SHTEE72RCD7G7D2N.jpg
332,GVEEHSJGNGDWTGAF,../data/images/GVEEHSJGNGDWTGAF.jpg
333,TOPEDCHAAH2UHQSR,../data/images/TOPEDCHAAH2UHQSR.jpg
334,BRAEDUXKWTYRBXZH,../data/images/BRAEDUXKWTYRBXZH.jpg
335,TSHEDKKXFG4R57PZ,../data/images/TSHEDKKXFG4R57PZ.jpg
336,BRAEHCDBJX2MG2EY,../data/images/BRAEHCDBJX2MG2EY.jpg
337,CSPEGWZGQ66HYAKY,../data/images/CSPEGWZGQ66HYAKY.jpg
338,BRAEBXRBCCJAF72G,../data/images/BRAEBXRBCCJAF72G.jpg
339,TSHEDKKXUH4U9HXK,../data/images/TSHEDKKXUH4U9HXK.jpg
340,ACBEB3489M4NQZBD,../data/images/ACBEB3489M4NQZBD.jpg
341,TOPEHZSMY3VVDZ5V,../data/images/TOPEHZSMY3VVDZ5V.jpg
342,PYJEJENKGGSEC33V,../data/images/PYJEJENKGGSEC33V.jpg
343,TKPEJXUP89GFFZUS,../data/images/TKPEJXUP89GFFZUS.jpg
344,TSHEAQMCBHJEXJJY,../data/images/TSHEAQMCBHJEXJJY.jpg
345,SWTEC9Z2URZYRBGR,../data/images/SWTEC9Z2URZYRBGR.jpg
346,TSHE6KWDZSGWYGAF,../data/images/TSHE6KWDZSGWYGAF.jpg
347,LJGEATZSBXX3GT64,../data/images/LJGEATZSBXX3GT64.jpg
348,BRAEYPGFQHKW4H2R,../data/images/BRAEYPGFQHKW4H2R.jpg
349,TSHEBD3FSARKWH4C,../data/images/TSHEBD3FSARKWH4C.jpg
350,TOPEGQJYGPFHEKCK,../data/images/TOPEGQJYGPFHEKCK.jpg
351,TSHEAKUGYHYP2B2V,../data/images/TSHEAKUGYHYP2B2V.jpg
352,SHTE9KD43YWMW7WM,../data/images/SHTE9KD43YWMW7WM.jpg
353,TIEEEYH5JYGS7EAW,../data/images/TIEEEYH5JYGS7EAW.jpg
354,SHTE7RFFYVHGXGMW,../data/images/SHTE7RFFYVHGXGMW.jpg
355,SHTEGQESCBEPDMZZ,../data/images/SHTEGQESCBEPDMZZ.jpg
356,BRAEBXRBYHGJJ8KT,../data/images/BRAEBXRBYHGJJ8KT.jpg
357,BRAE2HNUAGVFHDPP,../data/images/BRAE2HNUAGVFHDPP.jpg
358,JUMEG9E3BGHFM4TA,../data/images/JUMEG9E3BGHFM4TA.jpg
359,SHTE69H6WWXCNFTA,../data/images/SHTE69H6WWXCNFTA.jpg
360,TOPE8FYXVADXWVST,../data/images/TOPE8FYXVADXWVST.jpg
361,TSHE9K9JNRS5UQZP,../data/images/TSHE9K9JNRS5UQZP.jpg
362,SRTEGWKHXHCF2TME,../data/images/SRTEGWKHXHCF2TME.jpg
363,TSHE5YQ4CDHJX4ZA,../data/images/TSHE5YQ4CDHJX4ZA.jpg
364,SHTE9795D6MYYRJ3,../data/images/SHTE9795D6MYYRJ3.jpg
365,TOPE4HXDZHPR9K2C,../data/images/TOPE4HXDZHPR9K2C.jpg
366,TOPE5DJHZJWJTM8W,../data/images/TOPE5DJHZJWJTM8W.jpg
367,TSHEFJFZH4UG2FJT,../data/images/TSHEFJFZH4UG2FJT.jpg
368,TSHEAZFBRPJFTB62,../data/images/TSHEAZFBRPJFTB62.jpg
369,LJGEJQAGMR4CTDYY,../data/images/LJGEJQAGMR4CTDYY.jpg
370,TOPE7FKZY8BWUGVV,../data/images/TOPE7FKZY8BWUGVV.jpg
371,SHTEBY72FGKPYBRU,../data/images/SHTEBY72FGKPYBRU.jpg
372,SHTEBZU8AGESEXBG,../data/images/SHTEBZU8AGESEXBG.jpg
373,SWSEBGYUPTH7GSHE,../data/images/SWSEBGYUPTH7GSHE.jpg
374,SWSEYSUPXXHNZM4Y,../data/images/SWSEYSUPXXHNZM4Y.jpg
375,TSHE75PWHVTUYRHM,../data/images/TSHE75PWHVTUYRHM.jpg
376,SHTE4ZVVXTFCYZGW,../data/images/SHTE4ZVVXTFCYZGW.jpg
377,TOPEBQGGJ2C7Y7HZ,../data/images/TOPEBQGGJ2C7Y7HZ.jpg
378,TSHEFC49GXXR8SYG,../data/images/TSHEFC49GXXR8SYG.jpg
379,TSHE2MEZTMREWNFG,../data/images/TSHE2MEZTMREWNFG.jpg
380,TOPEFGG8TJGJ7QDT,../data/images/TOPEFGG8TJGJ7QDT.jpg
381,SWTECYW6DMF5VQTZ,../data/images/SWTECYW6DMF5VQTZ.jpg
382,BRAE3ZDEXD5ZC83N,../data/images/BRAE3ZDEXD5ZC83N.jpg
383,FABEH3PHVMXXWTMA,../data/images/FABEH3PHVMXXWTMA.jpg
384,PYJEG32FFYTGKSKA,../data/images/PYJEG32FFYTGKSKA.jpg
385,TSHE97E6MGJA9ZVQ,../data/images/TSHE97E6MGJA9ZVQ.jpg
386,LJGE8WRYRQDNQMAY,../data/images/LJGE8WRYRQDNQMAY.jpg
387,TSHE3GHHUHF8EKXG,../data/images/TSHE3GHHUHF8EKXG.jpg
388,TOPEGVHJECVFBRMF,../data/images/TOPEGVHJECVFBRMF.jpg
389,TOPE494XPFCSZA6H,../data/images/TOPE494XPFCSZA6H.jpg
390,BRAEDTNZZRXBHZGZ,../data/images/BRAEDTNZZRXBHZGZ.jpg
391,BRAEDAGAVCAR68GM,../data/images/BRAEDAGAVCAR68GM.jpg
392,SHTEGXV5ZGHWEMYR,../data/images/SHTEGXV5ZGHWEMYR.jpg
393,TUNE8XCD5NGNPDYJ,../data/images/TUNE8XCD5NGNPDYJ.jpg
394,SHTE94E9CTFU4W93,../data/images/SHTE94E9CTFU4W93.jpg
395,SWSE4B85NSDCAUEZ,../data/images/SWSE4B85NSDCAUEZ.jpg
396,SWTEDMX4BW4KYHZS,../data/images/SWTEDMX4BW4KYHZS.jpg
397,TOPDW7AQKZZHFCZF,../data/images/TOPDW7AQKZZHFCZF.jpg
398,SWSEEF4TW4TFKNQW,../data/images/SWSEEF4TW4TFKNQW.jpg
399,TSHE72ZRHWDGFYHX,../data/images/TSHE72ZRHWDGFYHX.jpg
400,JCKEBSD2QTXR3BYH,../data/images/JCKEBSD2QTXR3BYH.jpg
401,BRAEDSKC3YRYJZCR,../data/images/BRAEDSKC3YRYJZCR.jpg
402,BRAE3TSHZQDVSGYY,../data/images/BRAE3TSHZQDVSGYY.jpg
403,BRAE4DJMYZQ2QGKZ,../data/images/BRAE4DJMYZQ2QGKZ.jpg
404,TSHE4DNGWNY3TE4B,../data/images/TSHE4DNGWNY3TE4B.jpg
405,TSHE8GGHBFCQKMHV,../data/images/TSHE8GGHBFCQKMHV.jpg
406,TSHECQN9YZDWFHUZ,../data/images/TSHECQN9YZDWFHUZ.jpg
407,BRAEYJY2VKPB8JNJ,../data/images/BRAEYJY2VKPB8JNJ.jpg
408,TSHE6UDND6C66GFH,../data/images/TSHE6UDND6C66GFH.jpg
409,BRADM8DWS52HEGJV,../data/images/BRADM8DWS52HEGJV.jpg
410,SHTE2FRVZHHBXAZR,../data/images/SHTE2FRVZHHBXAZR.jpg
411,BRAE8WYHFEGXPYBZ,../data/images/BRAE8WYHFEGXPYBZ.jpg
412,SHTEBG37THM95UTQ,../data/images/SHTEBG37THM95UTQ.jpg
413,TSHE993PCZFPYHPE,../data/images/TSHE993PCZFPYHPE.jpg
414,SHTEE6XFRRZ83XWB,../data/images/SHTEE6XFRRZ83XWB.jpg
415,TSHE4V48YYCRRZDG,../data/images/TSHE4V48YYCRRZDG.jpg
416,TSHDZ6S2QPKKYVSF,../data/images/TSHDZ6S2QPKKYVSF.jpg
417,BRAEBBYRUYDHCZNG,../data/images/BRAEBBYRUYDHCZNG.jpg
418,TSHE5NYHA92RSHFY,../data/images/TSHE5NYHA92RSHFY.jpg
419,SRTEGWKKZTUGHFZ6,../data/images/SRTEGWKKZTUGHFZ6.jpg
420,PYJEGR3YTGEUFDFV,../data/images/PYJEGR3YTGEUFDFV.jpg
421,TSHE8GNE3PYUQJCB,../data/images/TSHE8GNE3PYUQJCB.jpg
422,TOPE7ZHZHT3SKKMN,../data/images/TOPE7ZHZHT3SKKMN.jpg
423,LJGE4SVX2N98YRKZ,../data/images/LJGE4SVX2N98YRKZ.jpg
424,SHTDTYYPSUZGKH89,../data/images/SHTDTYYPSUZGKH89.jpg
425,TSHE993Q9T9EDPAH,../data/images/TSHE993Q9T9EDPAH.jpg
426,BRAE5PKZGT7AMYZJ,../data/images/BRAE5PKZGT7AMYZJ.jpg
427,LJGDYRGXBYPECFDV,../data/images/LJGDYRGXBYPECFDV.jpg
428,SHTE93ZPTWPFQQZG,../data/images/SHTE93ZPTWPFQQZG.jpg
429,BRAEAFRZ6M2PANXK,../data/images/BRAEAFRZ6M2PANXK.jpg
430,SHTDXPSXYNVHYEMY,../data/images/SHTDXPSXYNVHYEMY.jpg
431,TSHEE99HHWZMMGCF,../data/images/TSHEE99HHWZMMGCF.jpg
432,TOPE8XCDBUGUZWSP,../data/images/TOPE8XCDBUGUZWSP.jpg
433,BRAE5VAWGFY3SGKJ,../data/images/BRAE5VAWGFY3SGKJ.jpg
434,LJGE3FPMVGJYUG8V,../data/images/LJGE3FPMVGJYUG8V.jpg
435,TSHEA7W9F63ZDUTY,../data/images/TSHEA7W9F63ZDUTY.jpg
436,TOPEE2GKXTFZN9FG,../data/images/TOPEE2GKXTFZN9FG.jpg
437,TSHE7KBH5J56JY4F,../data/images/TSHE7KBH5J56JY4F.jpg
438,TOPEAKYKZKRHPMHX,../data/images/TOPEAKYKZKRHPMHX.jpg
439,SKIE7WMUUEZJXK2K,../data/images/SKIE7WMUUEZJXK2K.jpg
440,TSHEGG9KQHGQEZXS,../data/images/TSHEGG9KQHGQEZXS.jpg
441,SHTE2ZMZG9GPYZXY,../data/images/SHTE2ZMZG9GPYZXY.jpg
442,TSHEGWMXSW5PUJWN,../data/images/TSHEGWMXSW5PUJWN.jpg
443,SHTEYW3NDBCFTS8D,../data/images/SHTEYW3NDBCFTS8D.jpg
444,SHTEA48QD8CJDSMZ,../data/images/SHTEA48QD8CJDSMZ.jpg
445,SHTE27TDHB5GRTQN,../data/images/SHTE27TDHB5GRTQN.jpg
446,TSHE2TFYJVKEDXZK,../data/images/TSHE2TFYJVKEDXZK.jpg
447,SHTE7HGYYVFZ5AGH,../data/images/SHTE7HGYYVFZ5AGH.jpg
448,SHTEB3NEBYFFCWFW,../data/images/SHTEB3NEBYFFCWFW.jpg
449,TIEEE8A8UBKG9BMA,../data/images/TIEEE8A8UBKG9BMA.jpg
450,TFHEDAHNQRZAZUHQ,../data/images/TFHEDAHNQRZAZUHQ.jpg
451,SKIECBJQMXTRYAXE,../data/images/SKIECBJQMXTRYAXE.jpg
452,TKPEHGWYVVXUYCFC,../data/images/TKPEHGWYVVXUYCFC.jpg
453,TSHE79U68HQ7W9KH,../data/images/TSHE79U68HQ7W9KH.jpg
454,TKPE6GJCZT9AAJRH,../data/images/TKPE6GJCZT9AAJRH.jpg
455,SHTDZDRP2JGKKUWT,../data/images/SHTDZDRP2JGKKUWT.jpg
456,TSHEAKUG2YCBX4DD,../data/images/TSHEAKUG2YCBX4DD.jpg
457,TIEEEBM6KBNQQUYU,../data/images/TIEEEBM6KBNQQUYU.jpg
458,SAREGSFVGZBN2UC8,../data/images/SAREGSFVGZBN2UC8.jpg
459,TSHEYUPCREVUGBRY,../data/images/TSHEYUPCREVUGBRY.jpg
460,ACBECFGTHHNXBVVZ,../data/images/ACBECFGTHHNXBVVZ.jpg
461,BRAE3TSHPTKBVBHK,../data/images/BRAE3TSHPTKBVBHK.jpg
462,TSHEAKUGSKDRHGFD,../data/images/TSHEAKUGSKDRHGFD.jpg
463,SHTEDWTVCEUBHNJN,../data/images/SHTEDWTVCEUBHNJN.jpg
464,SWTE32FVAFCPB5QT,../data/images/SWTE32FVAFCPB5QT.jpg
465,CAPE2ZGGBSYGHRWR,../data/images/CAPE2ZGGBSYGHRWR.jpg
466,BRAEBCY3MM4KMB3Q,../data/images/BRAEBCY3MM4KMB3Q.jpg
467,JCKED9T5NPY4GRN5,../data/images/JCKED9T5NPY4GRN5.jpg
468,TUNE6S44RSASZMB6,../data/images/TUNE6S44RSASZMB6.jpg
469,SAREJH8YZC3ZBPVH,../data/images/SAREJH8YZC3ZBPVH.jpg
470,TSHED4Y9VGDEA4BW,../data/images/TSHED4Y9VGDEA4BW.jpg
471,SHTDZHYHJAQHGUFN,../data/images/SHTDZHYHJAQHGUFN.jpg
472,BRAECTFYGGGQMX29,../data/images/BRAECTFYGGGQMX29.jpg
473,PELEJUCGWJAHT6CW,../data/images/PELEJUCGWJAHT6CW.jpg
474,TSHE7AX4NBAVHC3F,../data/images/TSHE7AX4NBAVHC3F.jpg
475,TSHEBMHQZQZRSZGD,../data/images/TSHEBMHQZQZRSZGD.jpg
476,ACBEA449RSHGJ4GE,../data/images/ACBEA449RSHGJ4GE.jpg
477,SHTECJD8YE5MGS34,../data/images/SHTECJD8YE5MGS34.jpg
478,TIEEEYH5PWDZUY65,../data/images/TIEEEYH5PWDZUY65.jpg
479,SHTEBSMGTZVTH3DE,../data/images/SHTEBSMGTZVTH3DE.jpg
480,SKIEGHG56EC78YXW,../data/images/SKIEGHG56EC78YXW.jpg
481,SHTE8SMD3X9N6RHV,../data/images/SHTE8SMD3X9N6RHV.jpg
482,SCFEJBDK84YDCZNW,../data/images/SCFEJBDK84YDCZNW.jpg
483,ETHEGBVP6N5NEVGA,../data/images/ETHEGBVP6N5NEVGA.jpg
484,KTAEBFPVNBPHFDFF,../data/images/KTAEBFPVNBPHFDFF.jpg
485,BRAE3TSHUSJJYKM7,../data/images/BRAE3TSHUSJJYKM7.jpg
486,VESEGWKMMPAVNGGZ,../data/images/VESEGWKMMPAVNGGZ.jpg
487,TSHEAKUG7CBUBEZT,../data/images/TSHEAKUG7CBUBEZT.jpg
488,SHTE3Z53YPFMUXUW,../data/images/SHTE3Z53YPFMUXUW.jpg
489,TOPEBQGG3HWZXFAQ,../data/images/TOPEBQGG3HWZXFAQ.jpg
490,TOPEGGEFVZAZHTZN,../data/images/TOPEGGEFVZAZHTZN.jpg
491,PANEJZWGJD55B2CC,../data/images/PANEJZWGJD55B2CC.jpg
492,SKIEG49YYDQ2QDKM,../data/images/SKIEG49YYDQ2QDKM.jpg
493,TSHE993QZGEZ9HVR,../data/images/TSHE993QZGEZ9HVR.jpg
494,TOPE89Q4SYQXFGXF,../data/images/TOPE89Q4SYQXFGXF.jpg
495,TSHE9K9GMGFREDGW,../data/images/TSHE9K9GMGFREDGW.jpg
496,TUNEAUVH8G8ZPGYC,../data/images/TUNEAUVH8G8ZPGYC.jpg
497,BRAEE6KRZQSEBSQJ,../data/images/BRAEE6KRZQSEBSQJ.jpg
498,BRAEB3TRYF3NYZVP,../data/images/BRAEB3TRYF3NYZVP.jpg
499,SWSEBHCP5YSCUU2S,../data/images/SWSEBHCP5YSCUU2S.jpg
500,BRAEE6KRYYYX2KGQ,../data/images/BRAEE6KRYYYX2KGQ.jpg
501,ETHEJG7NHGRFGHHK,../data/images/ETHEJG7NHGRFGHHK.jpg
502,CSPEGWZGZHEDFMCG,../data/images/CSPEGWZGZHEDFMCG.jpg
503,SHTE7H6NVYGH6SRR,../data/images/SHTE7H6NVYGH6SRR.jpg
504,SHTE8YHTXYXFRNGU,../data/images/SHTE8YHTXYXFRNGU.jpg
505,SHTEC89DFNKGQYWN,../data/images/SHTEC89DFNKGQYWN.jpg
506,SWSEJFF8AMMSBMVC,../data/images/SWSEJFF8AMMSBMVC.jpg
507,SWTEGAG26DSUPQZG,../data/images/SWTEGAG26DSUPQZG.jpg
508,TOPECB4EZYHC6C3B,../data/images/TOPECB4EZYHC6C3B.jpg
509,SHTE9MSYHGNZUNUW,../data/images/SHTE9MSYHGNZUNUW.jpg
510,BRAE7Y46N7YAFU2H,../data/images/BRAE7Y46N7YAFU2H.jpg
511,SHTEDAU6YEYVGEKG,../data/images/SHTEDAU6YEYVGEKG.jpg
512,SHTE2MET2HCRHCJV,../data/images/SHTE2MET2HCRHCJV.jpg
513,TSHECK5BQJT2CGED,../data/images/TSHECK5BQJT2CGED.jpg
514,SHTE4G488BYTWMMH,../data/images/SHTE4G488BYTWMMH.jpg
515,SHTE4CNDUJH8XFKX,../data/images/SHTE4CNDUJH8XFKX.jpg
516,SWSEEF4TZZJE5VNY,../data/images/SWSEEF4TZZJE5VNY.jpg
517,TSHE9QSCZ2YTYRYJ,../data/images/TSHE9QSCZ2YTYRYJ.jpg
518,TSHEJCUYWTCP4QY2,../data/images/TSHEJCUYWTCP4QY2.jpg
519,SRTE8M6RTYZVHMWR,../data/images/SRTE8M6RTYZVHMWR.jpg
520,SHTEBTB8GMQFNPRY,../data/images/SHTEBTB8GMQFNPRY.jpg
521,WSCEFUV4TVWT73ZB,../data/images/WSCEFUV4TVWT73ZB.jpg
522,CSPEGWUYXZNXC8ZG,../data/images/CSPEGWUYXZNXC8ZG.jpg
523,BRAEBBYRZ5P654US,../data/images/BRAEBBYRZ5P654US.jpg
524,TSHEB96CXEUHVVT7,../data/images/TSHEB96CXEUHVVT7.jpg
525,TSHECJAYXWW4NQZZ,../data/images/TSHECJAYXWW4NQZZ.jpg
526,BRAED6G63H64TSXJ,../data/images/BRAED6G63H64TSXJ.jpg
527,FABE92NVHZHSFHGT,../data/images/FABE92NVHZHSFHGT.jpg
528,TSHE3HHZNZRN6NZH,../data/images/TSHE3HHZNZRN6NZH.jpg
529,BRAEYPGFHHPDR7HG,../data/images/BRAEYPGFHHPDR7HG.jpg
530,SWTE9S6FBMHNKRMJ,../data/images/SWTE9S6FBMHNKRMJ.jpg
531,SHTDXDM4QY59UHZR,../data/images/SHTDXDM4QY59UHZR.jpg
532,SHTEAJ5ZRY4QEJ6G,../data/images/SHTEAJ5ZRY4QEJ6G.jpg
533,TSHE9QS7UNUZQKGD,../data/images/TSHE9QS7UNUZQKGD.jpg
534,BRAEDSGARUBYJAMY,../data/images/BRAEDSGARUBYJAMY.jpg
535,BRAE84GGENBAJ5DX,../data/images/BRAE84GGENBAJ5DX.jpg
536,TIEEEYH5ESYDMPCA,../data/images/TIEEEYH5ESYDMPCA.jpg
537,SWSEH99SSMHCNFQ9,../data/images/SWSEH99SSMHCNFQ9.jpg
538,SHTE9MH6QPQBNQSY,../data/images/SHTE9MH6QPQBNQSY.jpg
539,NSTE3HZ2FZZQF6ZC,../data/images/NSTE3HZ2FZZQF6ZC.jpg
540,TSHEA7W9ZQE7AGGM,../data/images/TSHEA7W9ZQE7AGGM.jpg
541,PANEH9Y39GF5NNHR,../data/images/PANEH9Y39GF5NNHR.jpg
542,TROEGNRFM8FCZHHM,../data/images/TROEGNRFM8FCZHHM.jpg
543,BRAE3P8YHUMGMYJE,../data/images/BRAE3P8YHUMGMYJE.jpg
544,SHTEJT4DCZAKK3YW,../data/images/SHTEJT4DCZAKK3YW.jpg
545,SHTE5GT3CZ6RJJH2,../data/images/SHTE5GT3CZ6RJJH2.jpg
546,TSHEGGPPRG4SUZHU,../data/images/TSHEGGPPRG4SUZHU.jpg
547,SHTECZNHHBWC493H,../data/images/SHTECZNHHBWC493H.jpg
548,TSHE9QSDKGZANSZP,../data/images/TSHE9QSDKGZANSZP.jpg
549,SRTEH2FD3ANFFMHP,../data/images/SRTEH2FD3ANFFMHP.jpg
550,VESEGVEMYYNMDDMP,../data/images/VESEGVEMYYNMDDMP.jpg
551,SKIEBU7HB4JYJVMP,../data/images/SKIEBU7HB4JYJVMP.jpg
552,TUNEB42Q7WY4HRFN,../data/images/TUNEB42Q7WY4HRFN.jpg
553,TSHE9K9KZBA2A2YX,../data/images/TSHE9K9KZBA2A2YX.jpg
554,DRPEFT39HDTW8EPJ,../data/images/DRPEFT39HDTW8EPJ.jpg
555,VESEGHG7WGPUAAFC,../data/images/VESEGHG7WGPUAAFC.jpg
556,TSHE6UDNVC85CGDR,../data/images/TSHE6UDNVC85CGDR.jpg
557,FABE92NUZZENGGJF,../data/images/FABE92NUZZENGGJF.jpg
558,SWTECFFWWQ5BDTMP,../data/images/SWTECFFWWQ5BDTMP.jpg
559,TOPEGBHBFYUHUWZE,../data/images/TOPEGBHBFYUHUWZE.jpg
560,SWSEF8J6YU8BKAKW,../data/images/SWSEF8J6YU8BKAKW.jpg
561,SCFEHBHXDGDY4FHQ,../data/images/SCFEHBHXDGDY4FHQ.jpg
562,BRAEE5HR7UM4CZ7D,../data/images/BRAEE5HR7UM4CZ7D.jpg
563,SHTEE72RZN4TVPUY,../data/images/SHTEE72RZN4TVPUY.jpg
564,SHTE2FGCWYMDW4VR,../data/images/SHTE2FGCWYMDW4VR.jpg
565,SHTEDSV76NNTFZ4E,../data/images/SHTEDSV76NNTFZ4E.jpg
566,SWTE9S6EKBYBGRGM,../data/images/SWTE9S6EKBYBGRGM.jpg
567,TSHEDHVRAZGUCGNJ,../data/images/TSHEDHVRAZGUCGNJ.jpg
568,BRAE8QNFJPKUJVJM,../data/images/BRAE8QNFJPKUJVJM.jpg
569,LJGE8TQ3HZJANSCD,../data/images/LJGE8TQ3HZJANSCD.jpg
570,TSHE9K9GQYJVVJXA,../data/images/TSHE9K9GQYJVVJXA.jpg
571,BRAECTFYX5WAPU8J,../data/images/BRAECTFYX5WAPU8J.jpg
572,TKPEGGHBZZW2MHFW,../data/images/TKPEGGHBZZW2MHFW.jpg
573,TOPE954FERN5VZYH,../data/images/TOPE954FERN5VZYH.jpg
574,SHTEAKRZWCHHZEYP,../data/images/SHTEAKRZWCHHZEYP.jpg
575,SOCEGHEZKTYVJUWT,../data/images/SOCEGHEZKTYVJUWT.jpg
576,TOPEBKPFZSBVQMNT,../data/images/TOPEBKPFZSBVQMNT.jpg
577,TSHECU3FXUGAGAG9,../data/images/TSHECU3FXUGAGAG9.jpg
578,BRAE8EHTWXMGVQUS,../data/images/BRAE8EHTWXMGVQUS.jpg
579,SWTED56J4DYNPJDH,../data/images/SWTED56J4DYNPJDH.jpg
580,SHTEAVZTJAZMZPFX,../data/images/SHTEAVZTJAZMZPFX.jpg
581,SHTEGQ6KKZAANJVZ,../data/images/SHTEGQ6KKZAANJVZ.jpg
582,SWSEBHCPTESRGGGR,../data/images/SWSEBHCPTESRGGGR.jpg
583,SHTE56H4M7TPZGGZ,../data/images/SHTE56H4M7TPZGGZ.jpg
584,BRAEGHEFYQQAWYKJ,../data/images/BRAEGHEFYQQAWYKJ.jpg
585,BRAE3Y4ZZZJHJVHV,../data/images/BRAE3Y4ZZZJHJVHV.jpg
586,SWSECD6Q8GYZFWXZ,../data/images/SWSECD6Q8GYZFWXZ.jpg
587,BRADM8DWKXXJDEHW,../data/images/BRADM8DWKXXJDEHW.jpg
588,TOPE7FYTNWSWAF6N,../data/images/TOPE7FYTNWSWAF6N.jpg
589,BRAECJ7SUPN7VHUV,../data/images/BRAECJ7SUPN7VHUV.jpg
590,SHTEA6GAJRMXPQ8Q,../data/images/SHTEA6GAJRMXPQ8Q.jpg
591,BRAE9WYKXQZKSEHP,../data/images/BRAE9WYKXQZKSEHP.jpg
592,TGTEJVS3AV9EJW7F,../data/images/TGTEJVS3AV9EJW7F.jpg
593,SHTE8E39QVSFGRHU,../data/images/SHTE8E39QVSFGRHU.jpg
594,SPWEJ8JHFG9PTDUF,../data/images/SPWEJ8JHFG9PTDUF.jpg
595,TSHDTTQFZBTGGPQH,../data/images/TSHDTTQFZBTGGPQH.jpg
596,TIEEE5ZQVUG3QWPZ,../data/images/TIEEE5ZQVUG3QWPZ.jpg
597,SKIEA8SSSEUAQ8CW,../data/images/SKIEA8SSSEUAQ8CW.jpg
598,SHTEBZU8F54TH9VD,../data/images/SHTEBZU8F54TH9VD.jpg
599,SWDEJXHBHWTUXCXS,../data/images/SWDEJXHBHWTUXCXS.jpg
600,SHTDU2HZSAPER4VQ,../data/images/SHTDU2HZSAPER4VQ.jpg
601,SWSECD6QKHNNPX3T,../data/images/SWSECD6QKHNNPX3T.jpg
602,TSHE57PPXZBVHPHC,../data/images/TSHE57PPXZBVHPHC.jpg
603,SUIEDSKCZY3VVE2T,../data/images/SUIEDSKCZY3VVE2T.jpg
604,TSHEDKKXHU8HBXE4,../data/images/TSHEDKKXHU8HBXE4.jpg
605,SHTEDWTVVGDRVTNX,../data/images/SHTEDWTVVGDRVTNX.jpg
606,CSPEA44G2GGDYZ9V,../data/images/CSPEA44G2GGDYZ9V.jpg
607,SKIE9UPRZQZMSYA2,../data/images/SKIE9UPRZQZMSYA2.jpg
608,DREEDC7THGYTA2JZ,../data/images/DREEDC7THGYTA2JZ.jpg
609,SWTECW2SGCQGRE5B,../data/images/SWTECW2SGCQGRE5B.jpg
610,SHTE5EFYW3HTFZGV,../data/images/SHTE5EFYW3HTFZGV.jpg
611,CSPEGWQGHTGYCVMR,../data/images/CSPEGWQGHTGYCVMR.jpg
612,BRAECKHYM8BYAKHR,../data/images/BRAECKHYM8BYAKHR.jpg
613,SWSEBFKBPXYHPDV4,../data/images/SWSEBFKBPXYHPDV4.jpg
614,BRAEBUHYHEYKZKHK,../data/images/BRAEBUHYHEYKZKHK.jpg
615,TSHE6KAJQBTVGHVE,../data/images/TSHE6KAJQBTVGHVE.jpg
616,TSHEBUZ7DHB8XBHV,../data/images/TSHEBUZ7DHB8XBHV.jpg
617,TSHE9CK2SWWG3FGN,../data/images/TSHE9CK2SWWG3FGN.jpg
618,TOPEBQGJCNJBJXZK,../data/images/TOPEBQGJCNJBJXZK.jpg
619,JCKEGYPKKWGZRBKN,../data/images/JCKEGYPKKWGZRBKN.jpg
620,LNGEBDTBFHT4AAQN,../data/images/LNGEBDTBFHT4AAQN.jpg
621,SHTE7ZGWSFBG4QAC,../data/images/SHTE7ZGWSFBG4QAC.jpg
622,TOPE2RX983ZJKHZT,../data/images/TOPE2RX983ZJKHZT.jpg
623,LJGE8MZQEVAFUQ7G,../data/images/LJGE8MZQEVAFUQ7G.jpg
624,TSHECQN9RFWAUFUA,../data/images/TSHECQN9RFWAUFUA.jpg
625,TSHE3FCURBAYWWBH,../data/images/TSHE3FCURBAYWWBH.jpg
626,LJGE8WRYTHEY87TF,../data/images/LJGE8WRYTHEY87TF.jpg
627,SFAEEGTF6PZ82MFX,../data/images/SFAEEGTF6PZ82MFX.jpg
628,TSHE9K9JNHTDMG7E,../data/images/TSHE9K9JNHTDMG7E.jpg
629,SHTE7ZGWXVYN3GZ2,../data/images/SHTE7ZGWXVYN3GZ2.jpg
630,TOPEHZSMJYWRYH8F,../data/images/TOPEHZSMJYWRYH8F.jpg
631,BRAEANHWZBUUYSHG,../data/images/BRAEANHWZBUUYSHG.jpg
632,SRTE8M6RTHH2DZKP,../data/images/SRTE8M6RTHH2DZKP.jpg
633,TOPEDF95XZC3KRYV,../data/images/TOPEDF95XZC3KRYV.jpg
634,TSHE993RBTWENFGV,../data/images/TSHE993RBTWENFGV.jpg
635,SHTEFVQAWF6GJ7GG,../data/images/SHTEFVQAWF6GJ7GG.jpg
636,TOPE8E8NZP256K8G,../data/images/TOPE8E8NZP256K8G.jpg
637,SKIECYAEESPNPXPB,../data/images/SKIECYAEESPNPXPB.jpg
638,CAPE2ZGGCAHUAUVS,../data/images/CAPE2ZGGCAHUAUVS.jpg
639,SHTDZUGEYSBDHFT3,../data/images/SHTDZUGEYSBDHFT3.jpg
640,BRAEA6Z4CTERPC7Q,../data/images/BRAEA6Z4CTERPC7Q.jpg
641,TOPEB7DZ5YSNTRUU,../data/images/TOPEB7DZ5YSNTRUU.jpg
642,PTLEH3D4YC7QRK2S,../data/images/PTLEH3D4YC7QRK2S.jpg
643,PELEJUCGZHFJDDNF,../data/images/PELEJUCGZHFJDDNF.jpg
644,TOPEGWURCXSZMQ6H,../data/images/TOPEGWURCXSZMQ6H.jpg
645,ETHEGDTGRWRVJQGP,../data/images/ETHEGDTGRWRVJQGP.jpg
646,SHTDT65ZCTTKVHYD,../data/images/SHTDT65ZCTTKVHYD.jpg
647,TOPEDXSYXMYMYDBG,../data/images/TOPEDXSYXMYMYDBG.jpg
648,BRAE5Y3XK4HGX4Z9,../data/images/BRAE5Y3XK4HGX4Z9.jpg
649,SHTDVC4GB6G5XE3K,../data/images/SHTDVC4GB6G5XE3K.jpg
650,TSHE864GQUQQMSGJ,../data/images/TSHE864GQUQQMSGJ.jpg
651,TOPE9KJEYHXXNBGC,../data/images/TOPE9KJEYHXXNBGC.jpg
652,SWSEHTRZKX3HZCMJ,../data/images/SWSEHTRZKX3HZCMJ.jpg
653,SHTEB9BVYWYVMGWY,../data/images/SHTEB9BVYWYVMGWY.jpg
654,TSHE2METTNESHGSN,../data/images/TSHE2METTNESHGSN.jpg
655,LJGEY6D3VWCHKVPW,../data/images/LJGEY6D3VWCHKVPW.jpg
656,BRAEDSGAX4ZS3NGZ,../data/images/BRAEDSGAX4ZS3NGZ.jpg
657,TSHDVZHTKHPQHWYY,../data/images/TSHDVZHTKHPQHWYY.jpg
658,TSHECJAYTXD4TAZX,../data/images/TSHECJAYTXD4TAZX.jpg
659,TOPEYP876AAGE9NC,../data/images/TOPEYP876AAGE9NC.jpg
660,TSHE75PWGFSKTZ2E,../data/images/TSHE75PWGFSKTZ2E.jpg
661,TOPE5FA7KRE3UKFR,../data/images/TOPE5FA7KRE3UKFR.jpg
662,TOPE9799GQGQRNKG,../data/images/TOPE9799GQGQRNKG.jpg
663,BRAEAFRZVZZUZ7ZB,../data/images/BRAEAFRZVZZUZ7ZB.jpg
664,JCKE2HWFZD5HZRE5,../data/images/JCKE2HWFZD5HZRE5.jpg
665,SKIEBXFEMA4PCGWM,../data/images/SKIEBXFEMA4PCGWM.jpg
666,SHTE4QSV9UY462QX,../data/images/SHTE4QSV9UY462QX.jpg
667,TSHEJTYSMSXX8ZDM,../data/images/TSHEJTYSMSXX8ZDM.jpg
668,SOCEJ8CMEXAHFHJ5,../data/images/SOCEJ8CMEXAHFHJ5.jpg
669,SWTEE995HZE9WRTM,../data/images/SWTEE995HZE9WRTM.jpg
670,SHTE5BANJZGMWPUD,../data/images/SHTE5BANJZGMWPUD.jpg
671,TKPDS6ZEQCGBRX9V,../data/images/TKPDS6ZEQCGBRX9V.jpg
672,SHTE8NHJQZBGBZSZ,../data/images/SHTE8NHJQZBGBZSZ.jpg
673,ACBECFGTGFXBKKYH,../data/images/ACBECFGTGFXBKKYH.jpg
674,SOCEJPT5YDSZ7QQP,../data/images/SOCEJPT5YDSZ7QQP.jpg
675,TSHECU3FSRJK7XUU,../data/images/TSHECU3FSRJK7XUU.jpg
676,TFHEGXQNWQ2DFXKW,../data/images/TFHEGXQNWQ2DFXKW.jpg
677,PTLEHK3XYDGFC7Y9,../data/images/PTLEHK3XYDGFC7Y9.jpg
678,TSHE5NEERGY8HJFY,../data/images/TSHE5NEERGY8HJFY.jpg
679,ACBEA4496TX8ZZV4,../data/images/ACBEA4496TX8ZZV4.jpg
680,SWTDSG8ZN9PMPYWK,../data/images/SWTDSG8ZN9PMPYWK.jpg
681,BRAE2Z9VKVUEJWZQ,../data/images/BRAE2Z9VKVUEJWZQ.jpg
682,SHTEA8GNUNWHQYDD,../data/images/SHTEA8GNUNWHQYDD.jpg
683,SHTDXYNYZBPHFFFX,../data/images/SHTDXYNYZBPHFFFX.jpg
684,BRAE8EHTPC3P248W,../data/images/BRAE8EHTPC3P248W.jpg
685,KTAEGYZPAWSNTKGM,../data/images/KTAEGYZPAWSNTKGM.jpg
686,SHTEB4MHWGHHYZMV,../data/images/SHTEB4MHWGHHYZMV.jpg
687,TSHEBUZ7AFQ8RZKF,../data/images/TSHEBUZ7AFQ8RZKF.jpg
688,TSHE8HZY8MVVGGBA,../data/images/TSHE8HZY8MVVGGBA.jpg
689,TOPEBFCFUCPYTD7M,../data/images/TOPEBFCFUCPYTD7M.jpg
690,JCKDXPJGDX8MMGDF,../data/images/JCKDXPJGDX8MMGDF.jpg
691,BRAEBB6TWYYGKYQC,../data/images/BRAEBB6TWYYGKYQC.jpg
692,RNCEGE7HZZRPMSRF,../data/images/RNCEGE7HZZRPMSRF.jpg
693,TUNE8FWQBS7TVVT7,../data/images/TUNE8FWQBS7TVVT7.jpg
694,TSHEFC4DQUTHNT6Y,../data/images/TSHEFC4DQUTHNT6Y.jpg
695,TROEFJ39TCJCFGXN,../data/images/TROEFJ39TCJCFGXN.jpg
696,ETHEJ6F5BGTXT4RK,../data/images/ETHEJ6F5BGTXT4RK.jpg
697,SHTE9KP2HFAUNPPG,../data/images/SHTE9KP2HFAUNPPG.jpg
698,SKIEBU7GAKQHPPNF,../data/images/SKIEBU7GAKQHPPNF.jpg
699,SHTECG6J69DKZD2K,../data/images/SHTECG6J69DKZD2K.jpg
700,TOPE8FWQYHVHPR5K,../data/images/TOPE8FWQYHVHPR5K.jpg
701,TOPE5WX3KMNXGUGM,../data/images/TOPE5WX3KMNXGUGM.jpg
702,TSHE4SBYYGSTHA9H,../data/images/TSHE4SBYYGSTHA9H.jpg
703,TSHE7733WZHZYJGV,../data/images/TSHE7733WZHZYJGV.jpg
704,TOPE6QYAWWNKXJRC,../data/images/TOPE6QYAWWNKXJRC.jpg
705,SKIEFBPUNZMJJG2C,../data/images/SKIEFBPUNZMJJG2C.jpg
706,TIEEEYH5V3DKJ3EH,../data/images/TIEEEYH5V3DKJ3EH.jpg
707,TOPEGFXU8ZAGFGNZ,../data/images/TOPEGFXU8ZAGFGNZ.jpg
708,SHTE5C2HZYNMJ8SX,../data/images/SHTE5C2HZYNMJ8SX.jpg
709,TOPEBABFMZ2GSC2G,../data/images/TOPEBABFMZ2GSC2G.jpg
710,TSHE93RYD5FX5MPW,../data/images/TSHE93RYD5FX5MPW.jpg
711,TOPDUA67ZZCSGN5G,../data/images/TOPDUA67ZZCSGN5G.jpg
712,BRAEE3RMMRRFQ9AD,../data/images/BRAEE3RMMRRFQ9AD.jpg
713,PYJEH24XGHWTJTZA,../data/images/PYJEH24XGHWTJTZA.jpg
714,TSHECXA5DHGMXMYK,../data/images/TSHECXA5DHGMXMYK.jpg
715,TKPECMHB4F3FGXHZ,../data/images/TKPECMHB4F3FGXHZ.jpg
716,TOPE45NZKEMCDZXX,../data/images/TOPE45NZKEMCDZXX.jpg
717,LCHEGWKTBT7JPRDH,../data/images/LCHEGWKTBT7JPRDH.jpg
718,VESEGVEMGKVDGPQD,../data/images/VESEGVEMGKVDGPQD.jpg
719,JCKECEBHEUHRNAEU,../data/images/JCKECEBHEUHRNAEU.jpg
720,KTAEGPBZFPCGGFKZ,../data/images/KTAEGPBZFPCGGFKZ.jpg
721,PYJEG322KSQBQF75,../data/images/PYJEG322KSQBQF75.jpg
722,TOPEHZMKVW9USEK9,../data/images/TOPEHZMKVW9USEK9.jpg
723,TSHEHU5RY4T3XXQZ,../data/images/TSHEHU5RY4T3XXQZ.jpg
724,JCKEGDFGPZZFBJ63,../data/images/JCKEGDFGPZZFBJ63.jpg
725,TSHEE4WNPAZGNG97,../data/images/TSHEE4WNPAZGNG97.jpg
726,SHTE4NR3HFWFBDUW,../data/images/SHTE4NR3HFWFBDUW.jpg
727,SCFEJVK9VK6U9WHE,../data/images/SCFEJVK9VK6U9WHE.jpg
728,TSHE9CK2SCT4GZBD,../data/images/TSHE9CK2SCT4GZBD.jpg
729,TMLECXEQ9PJUZGTY,../data/images/TMLECXEQ9PJUZGTY.jpg
730,SRTEGUA8AG9HYTAH,../data/images/SRTEGUA8AG9HYTAH.jpg
731,TIEEEDY3JMYXZSXJ,../data/images/TIEEEDY3JMYXZSXJ.jpg
732,BRAEE6YMF9A2ZR9Z,../data/images/BRAEE6YMF9A2ZR9Z.jpg
733,SWTEYZ7YWYG77NPD,../data/images/SWTEYZ7YWYG77NPD.jpg
734,SWTEB9BUZ7GPWZ4G,../data/images/SWTEB9BUZ7GPWZ4G.jpg
735,SHTE6QDFYHVZ8XCV,../data/images/SHTE6QDFYHVZ8XCV.jpg
736,TOPEE2GGSZTSNKPR,../data/images/TOPEE2GGSZTSNKPR.jpg
737,TROEGZ65YHBQKG9T,../data/images/TROEGZ65YHBQKG9T.jpg
738,LJGE4YPSH5NK3GMY,../data/images/LJGE4YPSH5NK3GMY.jpg
739,BRAE9WYKK8ZK3YNN,../data/images/BRAE9WYKK8ZK3YNN.jpg
740,SHTE5YHGMHQZHD8E,../data/images/SHTE5YHGMHQZHD8E.jpg
741,SHTEARG3SJ9SXZKZ,../data/images/SHTEARG3SJ9SXZKZ.jpg
742,BRAEDTP7YHBYWYG5,../data/images/BRAEDTP7YHBYWYG5.jpg
743,TSHDX6XEUHTSBCZG,../data/images/TSHDX6XEUHTSBCZG.jpg
744,KTAEG9GHS6GWKKNX,../data/images/KTAEG9GHS6GWKKNX.jpg
745,BRAECTFYVHHKMV9H,../data/images/BRAECTFYVHHKMV9H.jpg
746,TSHE3YHBGYYEDCAF,../data/images/TSHE3YHBGYYEDCAF.jpg
747,TKPEGAKYXBMSAMG8,../data/images/TKPEGAKYXBMSAMG8.jpg
748,TSHE66CGQG4ZZJRA,../data/images/TSHE66CGQG4ZZJRA.jpg
749,BRAE7FNDQBZGKKMR,../data/images/BRAE7FNDQBZGKKMR.jpg
750,TKPEYPGFPY4FZZ7Z,../data/images/TKPEYPGFPY4FZZ7Z.jpg
751,FABE8YQFHSUDYRC3,../data/images/FABE8YQFHSUDYRC3.jpg
752,TSHE97E6DSFGUAQ2,../data/images/TSHE97E6DSFGUAQ2.jpg
753,SHTDZNRRVRZV2VVH,../data/images/SHTDZNRRVRZV2VVH.jpg
754,TOPDW8FNHZGB4XAM,../data/images/TOPDW8FNHZGB4XAM.jpg
755,TOPE6HZUKGTFPUFP,../data/images/TOPE6HZUKGTFPUFP.jpg
756,SWSEHEK5C6T2WZWW,../data/images/SWSEHEK5C6T2WZWW.jpg
757,BRAE8WYHYFUPDTF6,../data/images/BRAE8WYHYFUPDTF6.jpg
758,TSHDTTQFSGZUTURG,../data/images/TSHDTTQFSGZUTURG.jpg
759,SHTEATTVQZYMJDYQ,../data/images/SHTEATTVQZYMJDYQ.jpg
760,TOPECMKVNSFHVMHF,../data/images/TOPECMKVNSFHVMHF.jpg
761,TOPE5F53GUYFP5DD,../data/images/TOPE5F53GUYFP5DD.jpg
762,BRAEBBMQQ37GW3CZ,../data/images/BRAEBBMQQ37GW3CZ.jpg
763,CRGE8AUCFCPBYXYH,../data/images/CRGE8AUCFCPBYXYH.jpg
764,SHTEDWTVTHSU5XCU,../data/images/SHTEDWTVTHSU5XCU.jpg
765,CAPEG9RPZTKHTGPN,../data/images/CAPEG9RPZTKHTGPN.jpg
766,BRAE3TSHZGQRFVWZ,../data/images/BRAE3TSHZGQRFVWZ.jpg
767,TOPEGG4A9XPEBZ2S,../data/images/TOPEGG4A9XPEBZ2S.jpg
768,JCKEEAEZMGBEXQFK,../data/images/JCKEEAEZMGBEXQFK.jpg
769,BRAE8RSAZXKACNQJ,../data/images/BRAE8RSAZXKACNQJ.jpg
770,BRAEBMWVSDWZYNK8,../data/images/BRAEBMWVSDWZYNK8.jpg
771,LJGE8WRFR2VCA39K,../data/images/LJGE8WRFR2VCA39K.jpg
772,LJGEBXRRYVZFVRDH,../data/images/LJGEBXRRYVZFVRDH.jpg
773,TKPEGFWWV9K7PMMD,../data/images/TKPEGFWWV9K7PMMD.jpg
774,TSHE5NYHHCVJSR4S,../data/images/TSHE5NYHHCVJSR4S.jpg
775,TSHEBCKMEMWZZAAP,../data/images/TSHEBCKMEMWZZAAP.jpg
776,BRAE5F3KHHPXDMUR,../data/images/BRAE5F3KHHPXDMUR.jpg
777,SHTE3GBSY2ZGCNXM,../data/images/SHTE3GBSY2ZGCNXM.jpg
778,TOPE7H6NJKNYWBGN,../data/images/TOPE7H6NJKNYWBGN.jpg
779,BRAEARHGWNZZEZ7B,../data/images/BRAEARHGWNZZEZ7B.jpg
780,TSHE75NYHEN5UVGG,../data/images/TSHE75NYHEN5UVGG.jpg
781,FABEJQ69KC2ESRYX,../data/images/FABEJQ69KC2ESRYX.jpg
782,PANEJQ5AMKZEEJ3E,../data/images/PANEJQ5AMKZEEJ3E.jpg
783,DREEADBTNB5HX2EH,../data/images/DREEADBTNB5HX2EH.jpg
784,SHTEAYPGFENJZZR4,../data/images/SHTEAYPGFENJZZR4.jpg
785,BRAE8WYH2QMRQCMZ,../data/images/BRAE8WYH2QMRQCMZ.jpg
786,TSHE7KBHSZGHUHHE,../data/images/TSHE7KBHSZGHUHHE.jpg
787,TSHEFC4BSHJSJHAK,../data/images/TSHEFC4BSHJSJHAK.jpg
788,FABE92NUCYX63B37,../data/images/FABE92NUCYX63B37.jpg
789,SKIE5AQJZNKHESBA,../data/images/SKIE5AQJZNKHESBA.jpg
790,TOPEDAKWHHVYGDSA,../data/images/TOPEDAKWHHVYGDSA.jpg
791,SHTEFUMGZHHHKKQZ,../data/images/SHTEFUMGZHHHKKQZ.jpg
792,BRAEY6JXZJFUHUKZ,../data/images/BRAEY6JXZJFUHUKZ.jpg
793,VESEGWKB3YXJQHSD,../data/images/VESEGWKB3YXJQHSD.jpg
794,TOPE99DTCKGQKZDH,../data/images/TOPE99DTCKGQKZDH.jpg
795,TSHEE4WZVGVAMRAP,../data/images/TSHEE4WZVGVAMRAP.jpg
796,TOPEGF6PWBFXSEQ9,../data/images/TOPEGF6PWBFXSEQ9.jpg
797,BRAEB2S8VJF83M8C,../data/images/BRAEB2S8VJF83M8C.jpg
798,SHTE773YQ5FEHQDJ,../data/images/SHTE773YQ5FEHQDJ.jpg
799,BRAE6AV3YVDFJZH3,../data/images/BRAE6AV3YVDFJZH3.jpg
800,LJGEYSUNH9VDRYEV,../data/images/LJGEYSUNH9VDRYEV.jpg
801,SHTEG7MW9GWDJZUG,../data/images/SHTEG7MW9GWDJZUG.jpg
802,BRAE6MPEE4X6CMB4,../data/images/BRAE6MPEE4X6CMB4.jpg
803,SHTECDERSNWTPCZH,../data/images/SHTECDERSNWTPCZH.jpg
804,TSHEDFAD9E8PNTQX,../data/images/TSHEDFAD9E8PNTQX.jpg
805,SHTE6WPDWYCZKEGF,../data/images/SHTE6WPDWYCZKEGF.jpg
806,PTLEHK3XJGZZH62H,../data/images/PTLEHK3XJGZZH62H.jpg
807,ETHEGDXZCGNQNFNR,../data/images/ETHEGDXZCGNQNFNR.jpg
808,TKSEE4FNWRDYZYGK,../data/images/TKSEE4FNWRDYZYGK.jpg
809,TSHEJT2R2XQJN8D7,../data/images/TSHEJT2R2XQJN8D7.jpg
810,LJGE8NS7A3RNHBNF,../data/images/LJGE8NS7A3RNHBNF.jpg
811,PANEH9YW9U62ETCS,../data/images/PANEH9YW9U62ETCS.jpg
812,VESEJFR8GX5GGCSG,../data/images/VESEJFR8GX5GGCSG.jpg
813,SAREG4535HPVV2ZV,../data/images/SAREG4535HPVV2ZV.jpg
814,RNGEDAKFNPUNF5BJ,../data/images/RNGEDAKFNPUNF5BJ.jpg
815,BBAECYHFCMMYSNY8,../data/images/BBAECYHFCMMYSNY8.jpg
816,BBAE3JRHMQRQNGAZ,../data/images/BBAE3JRHMQRQNGAZ.jpg
817,NKCE88AHGVTQ6Z5G,../data/images/NKCE88AHGVTQ6Z5G.jpg
818,RNGE7M928JSR2PZY,../data/images/RNGE7M928JSR2PZY.jpg
819,RNGEBQZRZSJHG9ZE,../data/images/RNGEBQZRZSJHG9ZE.jpg
820,BBAEEYGPZQPHDVV7,../data/images/BBAEEYGPZQPHDVV7.jpg
821,NKCECGVARVRMARSS,../data/images/NKCECGVARVRMARSS.jpg
822,RNGEH3H8UQ2FHQZ2,../data/images/RNGEH3H8UQ2FHQZ2.jpg
823,BBAECWEYQEARSJFB,../data/images/BBAECWEYQEARSJFB.jpg
824,NKCE48ZU6EAYFSCM,../data/images/NKCE48ZU6EAYFSCM.jpg
825,JWSEE3MYZ2QZ4QHG,../data/images/JWSEE3MYZ2QZ4QHG.jpg
826,BBAEB2GCT9ETYDN2,../data/images/BBAEB2GCT9ETYDN2.jpg
827,NKCE69P8TC88UPPC,../data/images/NKCE69P8TC88UPPC.jpg
828,NKCE3KVSXWZPHFB9,../data/images/NKCE3KVSXWZPHFB9.jpg
829,RNGDQSVDZSWFGUXK,../data/images/RNGDQSVDZSWFGUXK.jpg
830,BBAE9ZVCYN7HNFZY,../data/images/BBAE9ZVCYN7HNFZY.jpg
831,BBAE9ZGYZGFMTBUZ,../data/images/BBAE9ZGYZGFMTBUZ.jpg
832,NKCEC8AZV8TG6VZA,../data/images/NKCEC8AZV8TG6VZA.jpg
833,ERGE8D4ZHZRSHVEC,../data/images/ERGE8D4ZHZRSHVEC.jpg
834,NKCE4GF8ZXFXNF9A,../data/images/NKCE4GF8ZXFXNF9A.jpg
835,NKCE966EGJPEYUUF,../data/images/NKCE966EGJPEYUUF.jpg
836,NKCEBMDCUWFNR7ZC,../data/images/NKCEBMDCUWFNR7ZC.jpg
837,BBADYE6HFZKJD6FG,../data/images/BBADYE6HFZKJD6FG.jpg
838,NKCE5QSZTMRJQJ2H,../data/images/NKCE5QSZTMRJQJ2H.jpg
839,NKCEASN6V7MJ482Y,../data/images/NKCEASN6V7MJ482Y.jpg
840,NKCE7MBRTJSHD4MA,../data/images/NKCE7MBRTJSHD4MA.jpg
841,NKCEA5FH87FNMFUK,../data/images/NKCEA5FH87FNMFUK.jpg
842,RNGE8HPEZZNZQHGF,../data/images/RNGE8HPEZZNZQHGF.jpg
843,NKCEABYZH92FDYDD,../data/images/NKCEABYZH92FDYDD.jpg
844,NKCEAPCV5FV9UXPX,../data/images/NKCEAPCV5FV9UXPX.jpg
845,RNGE86J7VJNYBSHZ,../data/images/RNGE86J7VJNYBSHZ.jpg
846,NKCE96SXDK3JFZC3,../data/images/NKCE96SXDK3JFZC3.jpg
847,NKCDYQ3RDP3YZHMD,../data/images/NKCDYQ3RDP3YZHMD.jpg
848,NKCEAX7HWGSGKDZC,../data/images/NKCEAX7HWGSGKDZC.jpg
849,NKCE4TV4CFBGWTYH,../data/images/NKCE4TV4CFBGWTYH.jpg
850,BCHEGARUNJCHGFRH,../data/images/BCHEGARUNJCHGFRH.jpg
851,NKCE5WSJTHTHQFUG,../data/images/NKCE5WSJTHTHQFUG.jpg
852,NKCE5EF4H8C5MCGD,../data/images/NKCE5EF4H8C5MCGD.jpg
853,ERGEJNWWBJZFQCW9,../data/images/ERGEJNWWBJZFQCW9.jpg
854,RNGEDAPVTMWEQDH2,../data/images/RNGEDAPVTMWEQDH2.jpg
855,RNGEDAKEFRUE6PYK,../data/images/RNGEDAKEFRUE6PYK.jpg
856,BCHEGAMZXFBH5VHD,../data/images/BCHEGAMZXFBH5VHD.jpg
857,NKCE6P3FBGQDBMY9,../data/images/NKCE6P3FBGQDBMY9.jpg
858,RNGE7GVYAP66GRDD,../data/images/RNGE7GVYAP66GRDD.jpg
859,NKCE3MVWGRGTJEY9,../data/images/NKCE3MVWGRGTJEY9.jpg
860,RNGDX7SAWWZ7CD35,../data/images/RNGDX7SAWWZ7CD35.jpg
861,BBAE5W98SDUHYAUA,../data/images/BBAE5W98SDUHYAUA.jpg
862,NKCE7VKYTANNFZ32,../data/images/NKCE7VKYTANNFZ32.jpg
863,BBAECF98YZGZBV9E,../data/images/BBAECF98YZGZBV9E.jpg
864,BBAE9ZGYTRBF75VW,../data/images/BBAE9ZGYTRBF75VW.jpg
865,BBAEEYH67ZGXREJQ,../data/images/BBAEEYH67ZGXREJQ.jpg
866,NKCEBZNZ3QY6KYZ8,../data/images/NKCEBZNZ3QY6KYZ8.jpg
867,NKCE64Z4PHQRV7UG,../data/images/NKCE64Z4PHQRV7UG.jpg
868,NKCEFFFP3QPZXBFU,../data/images/NKCEFFFP3QPZXBFU.jpg
869,NKCE5T3GVHYKZSDH,../data/images/NKCE5T3GVHYKZSDH.jpg
870,NKCECYNZGHYQEFHY,../data/images/NKCECYNZGHYQEFHY.jpg
871,RNGEDAKBYETUY2AB,../data/images/RNGEDAKBYETUY2AB.jpg
872,BBAEGJFQSXZSNB67,../data/images/BBAEGJFQSXZSNB67.jpg
873,NKCE4CSZWA3EAF7G,../data/images/NKCE4CSZWA3EAF7G.jpg
874,NKCEAY3RMGDD9DCS,../data/images/NKCEAY3RMGDD9DCS.jpg
875,NKCE5VAAPVP5DGMZ,../data/images/NKCE5VAAPVP5DGMZ.jpg
876,NKCEEH56PZFRUGNU,../data/images/NKCEEH56PZFRUGNU.jpg
877,NKCE2F33TN7SZB6N,../data/images/NKCE2F33TN7SZB6N.jpg
878,RNGDVVYB6RGSAWRZ,../data/images/RNGDVVYB6RGSAWRZ.jpg
879,NKCE8P4WBDWVSFRY,../data/images/NKCE8P4WBDWVSFRY.jpg
880,RNGEDAPTYHEUYHGH,../data/images/RNGEDAPTYHEUYHGH.jpg
881,RNGE9HE4FJUJ3CTH,../data/images/RNGE9HE4FJUJ3CTH.jpg
882,RNGE864HQQUYJQHB,../data/images/RNGE864HQQUYJQHB.jpg
883,PELE8F5SYHHT5XUP,../data/images/PELE8F5SYHHT5XUP.jpg
884,BBAECH62WNHFZ4GU,../data/images/BBAECH62WNHFZ4GU.jpg
885,RNGDWKZMGSZJCGD3,../data/images/RNGDWKZMGSZJCGD3.jpg
886,BBAE4HBESXXHACEM,../data/images/BBAE4HBESXXHACEM.jpg
887,RNGE7GVYFRENTCWZ,../data/images/RNGE7GVYFRENTCWZ.jpg
888,RNGDTBQUJUCRDTCK,../data/images/RNGDTBQUJUCRDTCK.jpg
889,BBAE9Y5DTH9YTJBK,../data/images/BBAE9Y5DTH9YTJBK.jpg
890,NKCEC8ASYCY89ATW,../data/images/NKCEC8ASYCY89ATW.jpg
891,PELEGTPGEMCWUGS8,../data/images/PELEGTPGEMCWUGS8.jpg
892,NKCE9YFBNZRPZNDY,../data/images/NKCE9YFBNZRPZNDY.jpg
893,BBAECVGX7ZKEM3UC,../data/images/BBAECVGX7ZKEM3UC.jpg
894,BBAECFD4N7UBNXDB,../data/images/BBAECFD4N7UBNXDB.jpg
895,BBAE6GAWXPSTTPC8,../data/images/BBAE6GAWXPSTTPC8.jpg
896,NKCE5UZHWVVB7FCU,../data/images/NKCE5UZHWVVB7FCU.jpg
897,BBAE6FZQZQWHU6SH,../data/images/BBAE6FZQZQWHU6SH.jpg
898,NKCEB7XHZFHK8E82,../data/images/NKCEB7XHZFHK8E82.jpg
899,NKCEA5FHTMXWF5MK,../data/images/NKCEA5FHTMXWF5MK.jpg
900,BBAE8YSYGZEJDAT9,../data/images/BBAE8YSYGZEJDAT9.jpg
901,RNGE7M92NZGZSZJQ,../data/images/RNGE7M92NZGZSZJQ.jpg
902,BBADXV8PZGHTVX4Y,../data/images/BBADXV8PZGHTVX4Y.jpg
903,BCHEGFZ82BDJGWV7,../data/images/BCHEGFZ82BDJGWV7.jpg
904,BBAE4EZFNHVDF43F,../data/images/BBAE4EZFNHVDF43F.jpg
905,RNGE8TZ6ZQHYF6HD,../data/images/RNGE8TZ6ZQHYF6HD.jpg
906,BBAE5W34GYHRFW3S,../data/images/BBAE5W34GYHRFW3S.jpg
907,NKCE49ATFAUMZ8Z7,../data/images/NKCE49ATFAUMZ8Z7.jpg
908,NKCEB98TYYUZE7BQ,../data/images/NKCEB98TYYUZE7BQ.jpg
909,BBAE7YVPMTU2PJFX,../data/images/BBAE7YVPMTU2PJFX.jpg
910,ERGE4R887MEWYRHY,../data/images/ERGE4R887MEWYRHY.jpg
911,RNGE9HEYYHRUE23R,../data/images/RNGE9HEYYHRUE23R.jpg
912,NKCDXT2ZVFR6PFUM,../data/images/NKCDXT2ZVFR6PFUM.jpg
913,NKCEYGTG8H79NJYY,../data/images/NKCEYGTG8H79NJYY.jpg
914,NKCEF9GTZR2DAYHA,../data/images/NKCEF9GTZR2DAYHA.jpg
915,JWSE29X9EZDKQ6GV,../data/images/JWSE29X9EZDKQ6GV.jpg
916,RNGE7GVYZVRPJC7J,../data/images/RNGE7GVYZVRPJC7J.jpg
917,NKCEAPCYZAS9PERK,../data/images/NKCEAPCYZAS9PERK.jpg
918,NKCDYQ3RTESTNSWS,../data/images/NKCDYQ3RTESTNSWS.jpg
919,NKCE9PFFQKXFACFT,../data/images/NKCE9PFFQKXFACFT.jpg
920,BBAE7AGX9CTCWX3W,../data/images/BBAE7AGX9CTCWX3W.jpg
921,RNGE7M92A3SXRGHR,../data/images/RNGE7M92A3SXRGHR.jpg
922,NKCEB2S9JCHCMK3N,../data/images/NKCEB2S9JCHCMK3N.jpg
923,BCHEG3YMFRRT5RGH,../data/images/BCHEG3YMFRRT5RGH.jpg
924,NKCDU4RZHYKCPQEG,../data/images/NKCDU4RZHYKCPQEG.jpg
925,JWSDYFUFNYBSDY6B,../data/images/JWSDYFUFNYBSDY6B.jpg
926,NKCE54CNGQAPAZ87,../data/images/NKCE54CNGQAPAZ87.jpg
927,NKCE7MMGJSVN3J2W,../data/images/NKCE7MMGJSVN3J2W.jpg
928,NKCE6SR488C827WS,../data/images/NKCE6SR488C827WS.jpg
929,NKCEFH7VWH8UE5AD,../data/images/NKCEFH7VWH8UE5AD.jpg
930,BBAECARBVWVQGCZX,../data/images/BBAECARBVWVQGCZX.jpg
931,NKCDYPDS8THDBS7K,../data/images/NKCDYPDS8THDBS7K.jpg
932,NKCECZNMZJGZFS43,../data/images/NKCECZNMZJGZFS43.jpg
933,NKCE996SVQZKHQ44,../data/images/NKCE996SVQZKHQ44.jpg
934,RNGEC9RHPFCGF43U,../data/images/RNGEC9RHPFCGF43U.jpg
935,RNGEAM4MMF8BUZZG,../data/images/RNGEAM4MMF8BUZZG.jpg
936,NKCEAFA9DJYHKHUT,../data/images/NKCEAFA9DJYHKHUT.jpg
937,RNGEDAQ3YDDZRSHQ,../data/images/RNGEDAQ3YDDZRSHQ.jpg
938,NKCE9G2AFWY5A3HZ,../data/images/NKCE9G2AFWY5A3HZ.jpg
939,NKCE6NHRZ7SZG4ZW,../data/images/NKCE6NHRZ7SZG4ZW.jpg
940,BCHEEYZYYVZEPSFH,../data/images/BCHEEYZYYVZEPSFH.jpg
941,NKCEBG9BHYUDAHH3,../data/images/NKCEBG9BHYUDAHH3.jpg
942,NKCEDF2ZPGYDRGXQ,../data/images/NKCEDF2ZPGYDRGXQ.jpg
943,NKCE7MMG3GABMDY6,../data/images/NKCE7MMG3GABMDY6.jpg
944,RNGED5YAZMEZYGGB,../data/images/RNGED5YAZMEZYGGB.jpg
945,NKCE7MMGPQTPZZ4H,../data/images/NKCE7MMGPQTPZZ4H.jpg
946,NKCE676XRFECGZHC,../data/images/NKCE676XRFECGZHC.jpg
947,NKCE6XU6NKSZPBYC,../data/images/NKCE6XU6NKSZPBYC.jpg
948,PELEG5D24ZAYAHUJ,../data/images/PELEG5D24ZAYAHUJ.jpg
949,BBAECKXFW889ZMS6,../data/images/BBAECKXFW889ZMS6.jpg
950,RNGDWKZMKNTUBPSF,../data/images/RNGDWKZMKNTUBPSF.jpg
951,BBAEGFFCHHVSHHTX,../data/images/BBAEGFFCHHVSHHTX.jpg
952,NKCEG26PZCG3HKDF,../data/images/NKCEG26PZCG3HKDF.jpg
953,PELEGPF7MHSNH5WS,../data/images/PELEGPF7MHSNH5WS.jpg
954,RNGEDAPSYZY4WGJV,../data/images/RNGEDAPSYZY4WGJV.jpg
955,JWSE5EF4HD9VFSYZ,../data/images/JWSE5EF4HD9VFSYZ.jpg
956,NKCE6TNZZKEGKPGA,../data/images/NKCE6TNZZKEGKPGA.jpg
957,JWSEGGHZGHS5JG7D,../data/images/JWSEGGHZGHS5JG7D.jpg
958,RNGEH3ETCHGWGWGZ,../data/images/RNGEH3ETCHGWGWGZ.jpg
959,NKCDYYQWT2ZZUYZD,../data/images/NKCDYYQWT2ZZUYZD.jpg
960,ERGE8DXEHJWAA9GF,../data/images/ERGE8DXEHJWAA9GF.jpg
961,RNGDTBQUAZJK4SW9,../data/images/RNGDTBQUAZJK4SW9.jpg
962,NKCE76ZG2VJUJBGA,../data/images/NKCE76ZG2VJUJBGA.jpg
963,NKCE5DGMNUMHKYTG,../data/images/NKCE5DGMNUMHKYTG.jpg
964,RNGE88FQ5SDTSFY7,../data/images/RNGE88FQ5SDTSFY7.jpg
965,BBAE9HP8BM7HPWDA,../data/images/BBAE9HP8BM7HPWDA.jpg
966,RNGDQSVDYXGDEXMH,../data/images/RNGDQSVDYXGDEXMH.jpg
967,NKCE9G2BZYKFA4UQ,../data/images/NKCE9G2BZYKFA4UQ.jpg
968,RNGEA9ZXYKAZPEGD,../data/images/RNGEA9ZXYKAZPEGD.jpg
969,NKCEB3XAKJ6XEJQE,../data/images/NKCEB3XAKJ6XEJQE.jpg
970,BBAE9ZGYGSUHMTXG,../data/images/BBAE9ZGYGSUHMTXG.jpg
971,BBAE9ZSFDZ5JEFGA,../data/images/BBAE9ZSFDZ5JEFGA.jpg
972,NKCEJPENXNMT9KKS,../data/images/NKCEJPENXNMT9KKS.jpg
973,NKCEBGJZGQH6HGDZ,../data/images/NKCEBGJZGQH6HGDZ.jpg
974,RNGEDAKBZRJKYHDJ,../data/images/RNGEDAKBZRJKYHDJ.jpg
975,NKCDXEGW7APJ97YS,../data/images/NKCDXEGW7APJ97YS.jpg
976,NKCE7Y2Y4BFFU9A4,../data/images/NKCE7Y2Y4BFFU9A4.jpg
977,RNGEDAPWZBXEHHFV,../data/images/RNGEDAPWZBXEHHFV.jpg
978,NKCE9HF3FP4FFSQY,../data/images/NKCE9HF3FP4FFSQY.jpg
979,BBAE8BXAYT3GAMEV,../data/images/BBAE8BXAYT3GAMEV.jpg
980,BBAEBZTBCZMTXPXH,../data/images/BBAEBZTBCZMTXPXH.jpg
981,BBAE3ZZVURG8ZQGU,../data/images/BBAE3ZZVURG8ZQGU.jpg
982,PELEG5D47TPA27QZ,../data/images/PELEG5D47TPA27QZ.jpg
983,RNGEC8PNXPRY8GKR,../data/images/RNGEC8PNXPRY8GKR.jpg
984,NKCDZHF8BPUTBGVT,../data/images/NKCDZHF8BPUTBGVT.jpg
985,NKCEDCT9YJYEZT9Q,../data/images/NKCEDCT9YJYEZT9Q.jpg
986,NKCE59YWU3HTQS7Q,../data/images/NKCE59YWU3HTQS7Q.jpg
987,BBADZ3KUW4X4QH35,../data/images/BBADZ3KUW4X4QH35.jpg
988,NKCECB9KEYRV2SU2,../data/images/NKCECB9KEYRV2SU2.jpg
989,BBAEAGTC3ABCHVEY,../data/images/BBAEAGTC3ABCHVEY.jpg
990,NKCE2QKGRKR2YFYF,../data/images/NKCE2QKGRKR2YFYF.jpg
991,NKCEFG3CHGEHMRTD,../data/images/NKCEFG3CHGEHMRTD.jpg
992,RNGE7M92Z6MG5S9J,../data/images/RNGE7M92Z6MG5S9J.jpg
993,NKCEAVZ3EYJ8U4HN,../data/images/NKCEAVZ3EYJ8U4HN.jpg
994,RNGEBPU67KZEYWAR,../data/images/RNGEBPU67KZEYWAR.jpg
995,NKCE9YX36WBZF9HJ,../data/images/NKCE9YX36WBZF9HJ.jpg
996,NKCEFZ28RPFNBRAH,../data/images/NKCEFZ28RPFNBRAH.jpg
997,NKCEB98T642V4GUN,../data/images/NKCEB98T642V4GUN.jpg
998,NKCEAFTPSQFQHGFE,../data/images/NKCEAFTPSQFQHGFE.jpg
999,BBAE7F9BXDKZVUZM,../data/images/BBAE7F9BXDKZVUZM.jpg
1000,RNGE7GVYRPHSCTVA,../data/images/RNGE7GVYRPHSCTVA.jpg
1001,RNGE7GVYDZY6FQCZ,../data/images/RNGE7GVYDZY6FQCZ.jpg
1002,NKCE49ATF8BFHDVP,../data/images/NKCE49ATF8BFHDVP.jpg
1003,NKCDU4RZURUGSZZ6,../data/images/NKCDU4RZURUGSZZ6.jpg
1004,RNGE2FAFXEKNRDRH,../data/images/RNGE2FAFXEKNRDRH.jpg
1005,RNGDQ5GGZ3RXUZHN,../data/images/RNGDQ5GGZ3RXUZHN.jpg
1006,BBAEBWSTTA7WGDUH,../data/images/BBAEBWSTTA7WGDUH.jpg
1007,MNGEJHG8HDGRHFHW,../data/images/MNGEJHG8HDGRHFHW.jpg
1008,BBADVRPJSSYQ9CG2,../data/images/BBADVRPJSSYQ9CG2.jpg
1009,NKCEA5FH8FXQKFAG,../data/images/NKCEA5FH8FXQKFAG.jpg
1010,JWSEBUKYHY2ASTZX,../data/images/JWSEBUKYHY2ASTZX.jpg
1011,NKCE9G2BJHZ4TGUX,../data/images/NKCE9G2BJHZ4TGUX.jpg
1012,PELEGHQP8GMXYF6V,../data/images/PELEGHQP8GMXYF6V.jpg
1013,NKCECW7BGWYRZ3BP,../data/images/NKCECW7BGWYRZ3BP.jpg
1014,BCHEF8VYHUWKFRJP,../data/images/BCHEF8VYHUWKFRJP.jpg
1015,JWSDSCB7SN9AYB4B,../data/images/JWSDSCB7SN9AYB4B.jpg
1016,BBAED6G6NS3SYGT4,../data/images/BBAED6G6NS3SYGT4.jpg
1017,BBAE8M4X9GA77PAD,../data/images/BBAE8M4X9GA77PAD.jpg
1018,RNGEH3EVCMKMKYPR,../data/images/RNGEH3EVCMKMKYPR.jpg
1019,BBAE6MFYTVYKKUVE,../data/images/BBAE6MFYTVYKKUVE.jpg
1020,NKCE9AZMHCFQHHPX,../data/images/NKCE9AZMHCFQHHPX.jpg
1021,BBAEBEYR9ZATYRZH,../data/images/BBAEBEYR9ZATYRZH.jpg
1022,NKCEFG3CPRGZHZJR,../data/images/NKCEFG3CPRGZHZJR.jpg
1023,JWSEBCY4ZD93RF39,../data/images/JWSEBCY4ZD93RF39.jpg
1024,RNGE88FQG4EH5K9X,../data/images/RNGE88FQG4EH5K9X.jpg
1025,MNGEJHG7AVRHC8VF,../data/images/MNGEJHG7AVRHC8VF.jpg
1026,NKCEASCZ8EVWGPBZ,../data/images/NKCEASCZ8EVWGPBZ.jpg
1027,BBAEBEYRYPYFHR8Z,../data/images/BBAEBEYRYPYFHR8Z.jpg
1028,PELEFH68JH6FDERS,../data/images/PELEFH68JH6FDERS.jpg
1029,NKCE9YTVCNQEPEJR,../data/images/NKCE9YTVCNQEPEJR.jpg
1030,NKCE38HBN4GUJQHY,../data/images/NKCE38HBN4GUJQHY.jpg
1031,BCHEG2BGBXGDCHWF,../data/images/BCHEG2BGBXGDCHWF.jpg
1032,JWSE92VHWFEFEQQN,../data/images/JWSE92VHWFEFEQQN.jpg
1033,RNGEYRXFZP9WJMY5,../data/images/RNGEYRXFZP9WJMY5.jpg
1034,JWSDY558HHEYV5C4,../data/images/JWSDY558HHEYV5C4.jpg
1035,BBAEDZHYSSVDDZYZ,../data/images/BBAEDZHYSSVDDZYZ.jpg
1036,BBAEAYAE4BDSX938,../data/images/BBAEAYAE4BDSX938.jpg
1037,NKCEA4CAPHDH5TJT,../data/images/NKCEA4CAPHDH5TJT.jpg
1038,NKCDQSVCY7GJM39D,../data/images/NKCDQSVCY7GJM39D.jpg
1039,NKCE57RNP2CDWTGE,../data/images/NKCE57RNP2CDWTGE.jpg
1040,NKCE9PFFXYGAQMYB,../data/images/NKCE9PFFXYGAQMYB.jpg
1041,BBAE73VF6GBYSXQN,../data/images/BBAE73VF6GBYSXQN.jpg
1042,BCHEG5C5VCCSXW9D,../data/images/BCHEG5C5VCCSXW9D.jpg
1043,JWSE29XBXVZBYDGK,../data/images/JWSE29XBXVZBYDGK.jpg
1044,ERGE8DXEJRT483ZQ,../data/images/ERGE8DXEJRT483ZQ.jpg
1045,BCHEG2JSDGQZEFVV,../data/images/BCHEG2JSDGQZEFVV.jpg
1046,RNGE44J6Z6JCGFYR,../data/images/RNGE44J6Z6JCGFYR.jpg
1047,JWSDYQ3RTGG8N7HD,../data/images/JWSDYQ3RTGG8N7HD.jpg
1048,RNGE9HEJZQCSMFFH,../data/images/RNGE9HEJZQCSMFFH.jpg
1049,NKCEBFWTTMZH9MAR,../data/images/NKCEBFWTTMZH9MAR.jpg
1050,RNGE7M92KMMGTSVZ,../data/images/RNGE7M92KMMGTSVZ.jpg
1051,BBAED8D9WYU2798P,../data/images/BBAED8D9WYU2798P.jpg
1052,NKCE88AHRCD7KNQT,../data/images/NKCE88AHRCD7KNQT.jpg
1053,BBAEFGBEZSSZGMFZ,../data/images/BBAEFGBEZSSZGMFZ.jpg
1054,NKCEC8A2MGGJJ2GE,../data/images/NKCEC8A2MGGJJ2GE.jpg
1055,BBAE9YU49THX7DVY,../data/images/BBAE9YU49THX7DVY.jpg
1056,NKCEC8AZYQCH5UC9,../data/images/NKCEC8AZYQCH5UC9.jpg
1057,RNGE8RDFZZAPBPKB,../data/images/RNGE8RDFZZAPBPKB.jpg
1058,RNGE4BR9SHZWVFPY,../data/images/RNGE4BR9SHZWVFPY.jpg
1059,RNGEDAPSYY5GYNSE,../data/images/RNGEDAPSYY5GYNSE.jpg
1060,BCHEFFPYRYFZFZYQ,../data/images/BCHEFFPYRYFZFZYQ.jpg
1061,RNGEH3ESCEYFDG6V,../data/images/RNGEH3ESCEYFDG6V.jpg
1062,BCHEG9KDDVJNPHPA,../data/images/BCHEG9KDDVJNPHPA.jpg
1063,RNGEC8PNXPFVNXFE,../data/images/RNGEC8PNXPFVNXFE.jpg
1064,RNGEBQZRSFFV545U,../data/images/RNGEBQZRSFFV545U.jpg
1065,BBAE7F9BYJ5U8QUE,../data/images/BBAE7F9BYJ5U8QUE.jpg
1066,RNGE7M92AHYVJFTN,../data/images/RNGE7M92AHYVJFTN.jpg
1067,NKCEBFWTZFCYPFQJ,../data/images/NKCEBFWTZFCYPFQJ.jpg
1068,BBAE9WX5ZSHPQH5Q,../data/images/BBAE9WX5ZSHPQH5Q.jpg
1069,BBADWZFDVJNFAMUH,../data/images/BBADWZFDVJNFAMUH.jpg
1070,NKCECG6ZNH9NXFFH,../data/images/NKCECG6ZNH9NXFFH.jpg
1071,ERGEYWFZMTZ8DHVQ,../data/images/ERGEYWFZMTZ8DHVQ.jpg
1072,NKCEAYDJBTCDHMBY,../data/images/NKCEAYDJBTCDHMBY.jpg
1073,RNGDTBQURWKKGMZZ,../data/images/RNGDTBQURWKKGMZZ.jpg
1074,RNGE82XZSUTZS7F6,../data/images/RNGE82XZSUTZS7F6.jpg
1075,NKCE6UWHJPBKGHZ5,../data/images/NKCE6UWHJPBKGHZ5.jpg
1076,NKCECEBZYG9NCPBW,../data/images/NKCECEBZYG9NCPBW.jpg
1077,NKCDX3BHQDPKVJ9A,../data/images/NKCDX3BHQDPKVJ9A.jpg
1078,NKCEAPCWCAGENWN7,../data/images/NKCEAPCWCAGENWN7.jpg
1079,BBAEFJG7GNRYEWHR,../data/images/BBAEFJG7GNRYEWHR.jpg
1080,NKCE9G2AM36WW4MX,../data/images/NKCE9G2AM36WW4MX.jpg
1081,NKCEBGJZEMQ4FK2F,../data/images/NKCEBGJZEMQ4FK2F.jpg
1082,NKCE3JRMZFZEGEHT,../data/images/NKCE3JRMZFZEGEHT.jpg
1083,RNGEDAKEZXMAXYKB,../data/images/RNGEDAKEZXMAXYKB.jpg
1084,NKCE5UZHRWGARHGZ,../data/images/NKCE5UZHRWGARHGZ.jpg
1085,BBAE826BYDDRBBBV,../data/images/BBAE826BYDDRBBBV.jpg
1086,BBAE7DPRTXRURMDD,../data/images/BBAE7DPRTXRURMDD.jpg
1087,NKCDYTPJHF8ZCYQC,../data/images/NKCDYTPJHF8ZCYQC.jpg
1088,BCHEGTZFDWMDGEJB,../data/images/BCHEGTZFDWMDGEJB.jpg
1089,BCHEF5MEGYHU2RGB,../data/images/BCHEF5MEGYHU2RGB.jpg
1090,RNGEDAPFYDQCQAFQ,../data/images/RNGEDAPFYDQCQAFQ.jpg
1091,RNGEAM4MKS2EYSTX,../data/images/RNGEAM4MKS2EYSTX.jpg
1092,BBAE53BEYN2FHF7C,../data/images/BBAE53BEYN2FHF7C.jpg
1093,ERGE8F5RBKHFGHAQ,../data/images/ERGE8F5RBKHFGHAQ.jpg
1094,NKCED2ZGYAP3UKJY,../data/images/NKCED2ZGYAP3UKJY.jpg
1095,NKCE9YFBR7ZAMBNJ,../data/images/NKCE9YFBR7ZAMBNJ.jpg
1096,JWSE38HQM2S4AS3X,../data/images/JWSE38HQM2S4AS3X.jpg
1097,NKCE5QSZQQHZXFGT,../data/images/NKCE5QSZQQHZXFGT.jpg
1098,RNGEDAPFZ2GKRUER,../data/images/RNGEDAPFZ2GKRUER.jpg
1099,BBAEA49HQKRYCR4Z,../data/images/BBAEA49HQKRYCR4Z.jpg
1100,NKCEYTXEXPFNTD5Q,../data/images/NKCEYTXEXPFNTD5Q.jpg
1101,NKCDU4RZMJX3CHXA,../data/images/NKCDU4RZMJX3CHXA.jpg
1102,NKCE7MMGWBZPZJSZ,../data/images/NKCE7MMGWBZPZJSZ.jpg
1103,NKCEA7TVVNXCK6BB,../data/images/NKCEA7TVVNXCK6BB.jpg
1104,BBAEC897YCBZPV8H,../data/images/BBAEC897YCBZPV8H.jpg
1105,NKCDY44F79NUC7NF,../data/images/NKCDY44F79NUC7NF.jpg
1106,BCHEGAUGVCNJDFHW,../data/images/BCHEGAUGVCNJDFHW.jpg
1107,NKCE52CSJVWFAWHW,../data/images/NKCE52CSJVWFAWHW.jpg
1108,NKCEDCT9AQ6WHDS7,../data/images/NKCEDCT9AQ6WHDS7.jpg
1109,RNGE7M92Y9EQGZU4,../data/images/RNGE7M92Y9EQGZU4.jpg
1110,ERGDXQPSSKEFQMX2,../data/images/ERGDXQPSSKEFQMX2.jpg
1111,RNGE7GVYHKFZHW5Y,../data/images/RNGE7GVYHKFZHW5Y.jpg
1112,RNGDTBQSUNAFYUHG,../data/images/RNGDTBQSUNAFYUHG.jpg
1113,NKCEBUPHCTNFDEYY,../data/images/NKCEBUPHCTNFDEYY.jpg
1114,NKCE8NHGCZETZQF4,../data/images/NKCE8NHGCZETZQF4.jpg
1115,RNGEDAK7ZHEZDHEH,../data/images/RNGEDAK7ZHEZDHEH.jpg
1116,BBAE9DDYFFG3G93V,../data/images/BBAE9DDYFFG3G93V.jpg
1117,BCHEF5M6WFBMEAZP,../data/images/BCHEF5M6WFBMEAZP.jpg
1118,NKCEA5FHMHZ3HZR6,../data/images/NKCEA5FHMHZ3HZR6.jpg
1119,NKCEFFFPGEJSTBJP,../data/images/NKCEFFFPGEJSTBJP.jpg
1120,NKCE9Q93GVK3B8MZ,../data/images/NKCE9Q93GVK3B8MZ.jpg
1121,BBAEFJG7NFBWZ2BP,../data/images/BBAEFJG7NFBWZ2BP.jpg
1122,NKCED8EGPHGKRPBH,../data/images/NKCED8EGPHGKRPBH.jpg
1123,RNGE864HHVXYHTCS,../data/images/RNGE864HHVXYHTCS.jpg
1124,RNGE88Q9VCUT5FUF,../data/images/RNGE88Q9VCUT5FUF.jpg
1125,RNGE8HSQYRZ74THU,../data/images/RNGE8HSQYRZ74THU.jpg
1126,NKCE5W33ZPTSRMMH,../data/images/NKCE5W33ZPTSRMMH.jpg
1127,NKCDU4RZCR2FGCCU,../data/images/NKCDU4RZCR2FGCCU.jpg
1128,RNGEH3ERSQJC6JVQ,../data/images/RNGEH3ERSQJC6JVQ.jpg
1129,NKCEC9FMCGECBZZT,../data/images/NKCEC9FMCGECBZZT.jpg
1130,RNGEDAKBZZA5AXWV,../data/images/RNGEDAKBZZA5AXWV.jpg
1131,NKCE8P4WBZBDGYEP,../data/images/NKCE8P4WBZBDGYEP.jpg
1132,RNGEB2PGDCAQPBVJ,../data/images/RNGEB2PGDCAQPBVJ.jpg
1133,BBAE2YBXZGKGPTPU,../data/images/BBAE2YBXZGKGPTPU.jpg
1134,BBAE73VFNENV92GG,../data/images/BBAE73VFNENV92GG.jpg
1135,NKCE7M3QNNPZDXHQ,../data/images/NKCE7M3QNNPZDXHQ.jpg
1136,NKCE2RPCH7YGSPX9,../data/images/NKCE2RPCH7YGSPX9.jpg
1137,JWSEFCTMUXBJGWRN,../data/images/JWSEFCTMUXBJGWRN.jpg
1138,BBAED5CFUGFYYTZZ,../data/images/BBAED5CFUGFYYTZZ.jpg
1139,JWSEAZYW44SCHHWB,../data/images/JWSEAZYW44SCHHWB.jpg
1140,RNGEA9ZWZFK7X4SZ,../data/images/RNGEA9ZWZFK7X4SZ.jpg
1141,RNGEDAPTVZZTHMY4,../data/images/RNGEDAPTVZZTHMY4.jpg
1142,NKCE7AGZESRQGFHG,../data/images/NKCE7AGZESRQGFHG.jpg
1143,BBAE9WX5JBQVYUMR,../data/images/BBAE9WX5JBQVYUMR.jpg
1144,BBAE8QEFYAQFSPHP,../data/images/BBAE8QEFYAQFSPHP.jpg
1145,JWSE2V7FY2EHVSZX,../data/images/JWSE2V7FY2EHVSZX.jpg
1146,NKCE8RUW7KFAYZGY,../data/images/NKCE8RUW7KFAYZGY.jpg
1147,NKCEAX7H3Y9JBGYZ,../data/images/NKCEAX7H3Y9JBGYZ.jpg
1148,NKCEB774ZFTSYG2V,../data/images/NKCEB774ZFTSYG2V.jpg
1149,JWSEC88FYQZDJYKA,../data/images/JWSEC88FYQZDJYKA.jpg
1150,NKCE5EHJRGWCKXHR,../data/images/NKCE5EHJRGWCKXHR.jpg
1151,NKCECKHYZJ9G5KQH,../data/images/NKCECKHYZJ9G5KQH.jpg
1152,NKCE7H5KZTH3V6AF,../data/images/NKCE7H5KZTH3V6AF.jpg
1153,BBAEFCZMPZXMYXHZ,../data/images/BBAEFCZMPZXMYXHZ.jpg
1154,NKCECGVB5HYJHPXY,../data/images/NKCECGVB5HYJHPXY.jpg
1155,RNGE7M92HHFJZZZM,../data/images/RNGE7M92HHFJZZZM.jpg
1156,NKCEYFBZMQBZTFHS,../data/images/NKCEYFBZMQBZTFHS.jpg
1157,BCHEG22KN2AZGWV4,../data/images/BCHEG22KN2AZGWV4.jpg
1158,NKCEDDAEWDYYDVJA,../data/images/NKCEDDAEWDYYDVJA.jpg
1159,BCHEF9K9HUMF8ZQY,../data/images/BCHEF9K9HUMF8ZQY.jpg
1160,NKCDSCF3HNMXRCF4,../data/images/NKCDSCF3HNMXRCF4.jpg
1161,RNGEE8ZHGY6YMKRY,../data/images/RNGEE8ZHGY6YMKRY.jpg
1162,RNGE2FAGANHFJF2W,../data/images/RNGE2FAGANHFJF2W.jpg
1163,BBAEAFBA9PMBVZH4,../data/images/BBAEAFBA9PMBVZH4.jpg
1164,BBAEDVR8DQYHHPEB,../data/images/BBAEDVR8DQYHHPEB.jpg
1165,NKCE5U69HB8JAUTU,../data/images/NKCE5U69HB8JAUTU.jpg
1166,NKCECWKZMNCEGPDT,../data/images/NKCECWKZMNCEGPDT.jpg
1167,NKCEFFFPZC5FFNSY,../data/images/NKCEFFFPZC5FFNSY.jpg
1168,RNGEYQZEZBE6TWJZ,../data/images/RNGEYQZEZBE6TWJZ.jpg
1169,BBAEEEV24CQHEH6H,../data/images/BBAEEEV24CQHEH6H.jpg
1170,BBAE9K48SZDZHXNJ,../data/images/BBAE9K48SZDZHXNJ.jpg
1171,NKCEGMVCHERZZQMW,../data/images/NKCEGMVCHERZZQMW.jpg
1172,BBAEGF8HPVZYJ6CH,../data/images/BBAEGF8HPVZYJ6CH.jpg
1173,RNGE7M92DGUZZNZA,../data/images/RNGE7M92DGUZZNZA.jpg
1174,NKCEBHGBEABMWDKA,../data/images/NKCEBHGBEABMWDKA.jpg
1175,NKCE9GR9GFMQ9TNZ,../data/images/NKCE9GR9GFMQ9TNZ.jpg
1176,RNGE7M92STBDGEGA,../data/images/RNGE7M92STBDGEGA.jpg
1177,NRSEGS9HHFNXFJYR,../data/images/NRSEGS9HHFNXFJYR.jpg
1178,NKCDZK5DAXGQZMWA,../data/images/NKCDZK5DAXGQZMWA.jpg
1179,NKCE6FYZXPWT4TJZ,../data/images/NKCE6FYZXPWT4TJZ.jpg
1180,NKCE2NKZT6GSFFV5,../data/images/NKCE2NKZT6GSFFV5.jpg
1181,BBAEJMG2UHZWSGGT,../data/images/BBAEJMG2UHZWSGGT.jpg
1182,NKCE9W4ZNQGHCENM,../data/images/NKCE9W4ZNQGHCENM.jpg
1183,BBAEDZHYCJZWPV7D,../data/images/BBAEDZHYCJZWPV7D.jpg
1184,NKCECZFZHHDRGS3N,../data/images/NKCECZFZHHDRGS3N.jpg
1185,NKCEBVP2VSGK9DH4,../data/images/NKCEBVP2VSGK9DH4.jpg
1186,BBAEEEV2VHQYFZCM,../data/images/BBAEEEV2VHQYFZCM.jpg
1187,NKCEACWNSZ4WMBHQ,../data/images/NKCEACWNSZ4WMBHQ.jpg
1188,NKCE9G2BZAGKXPGY,../data/images/NKCE9G2BZAGKXPGY.jpg
1189,BBAEEBGMPBGA2GZU,../data/images/BBAEEBGMPBGA2GZU.jpg
1190,NKCE6GJ5M53GTENH,../data/images/NKCE6GJ5M53GTENH.jpg
1191,NKCE5U69RBZRVJCQ,../data/images/NKCE5U69RBZRVJCQ.jpg
1192,RNGE43MFSADV8UKJ,../data/images/RNGE43MFSADV8UKJ.jpg
1193,JWSE7H6RKTYSK2YC,../data/images/JWSE7H6RKTYSK2YC.jpg
1194,NKCEB98TZYFNQMU6,../data/images/NKCEB98TZYFNQMU6.jpg
1195,RNGEC8PNSZZ8CJ7Y,../data/images/RNGEC8PNSZZ8CJ7Y.jpg
1196,BBAE5AKCUNGWRFGZ,../data/images/BBAE5AKCUNGWRFGZ.jpg
1197,JWSDWBPPQH5V6TTC,../data/images/JWSDWBPPQH5V6TTC.jpg
1198,NKCECZH48UQYP6NY,../data/images/NKCECZH48UQYP6NY.jpg
1199,NKCDU4RZPDSUYCAA,../data/images/NKCDU4RZPDSUYCAA.jpg
1200,BCHEGAS3GAZHGF9M,../data/images/BCHEGAS3GAZHGF9M.jpg
1201,RNGEA9ZXDDFHAVMZ,../data/images/RNGEA9ZXDDFHAVMZ.jpg
1202,ERGE7SR4H3HGK54J,../data/images/ERGE7SR4H3HGK54J.jpg
1203,JWSECGFU8YKHTSMU,../data/images/JWSECGFU8YKHTSMU.jpg
1204,NKCE7MMGNZ6FDGUS,../data/images/NKCE7MMGNZ6FDGUS.jpg
1205,BCHEHYUH8K4NQBJD,../data/images/BCHEHYUH8K4NQBJD.jpg
1206,NKCE9RFZHB9BVVTV,../data/images/NKCE9RFZHB9BVVTV.jpg
1207,BBAE3YT8UF6KNEKW,../data/images/BBAE3YT8UF6KNEKW.jpg
1208,BBAE6F7ZENM3GCFJ,../data/images/BBAE6F7ZENM3GCFJ.jpg
1209,NKCECPQAERMCV6YM,../data/images/NKCECPQAERMCV6YM.jpg
1210,BBAE4BR6DH4DYCFZ,../data/images/BBAE4BR6DH4DYCFZ.jpg
1211,NKCDU4RZESHQBS8M,../data/images/NKCDU4RZESHQBS8M.jpg
1212,NKCEA5FHHMA552S2,../data/images/NKCEA5FHHMA552S2.jpg
1213,NKCECZPZ8WCCFGRV,../data/images/NKCECZPZ8WCCFGRV.jpg
1214,RNGE7GVYY8NFWKF5,../data/images/RNGE7GVYY8NFWKF5.jpg
1215,NKCEG26PAKEV9HNW,../data/images/NKCEG26PAKEV9HNW.jpg
1216,ERGDYGEVZZDW9YCN,../data/images/ERGDYGEVZZDW9YCN.jpg
1217,NKCE9PFFGUZHVSED,../data/images/NKCE9PFFGUZHVSED.jpg
1218,RNGE65FGHZXFMJZM,../data/images/RNGE65FGHZXFMJZM.jpg
1219,RNGE7M92EF2SQPJX,../data/images/RNGE7M92EF2SQPJX.jpg
1220,NKCE4GF8YSKFGS97,../data/images/NKCE4GF8YSKFGS97.jpg
1221,BBAE9ZGYQD7ZVHZG,../data/images/BBAE9ZGYQD7ZVHZG.jpg
1222,NKCE9PFF3WZAZZXG,../data/images/NKCE9PFF3WZAZZXG.jpg
1223,RNGDTBQU2UT5H5MG,../data/images/RNGDTBQU2UT5H5MG.jpg
1224,RNGEDAPSYR5YHGZG,../data/images/RNGEDAPSYR5YHGZG.jpg
1225,BBAE75HAMG45WNGF,../data/images/BBAE75HAMG45WNGF.jpg
1226,NKCE7ZNG3SYNHGH8,../data/images/NKCE7ZNG3SYNHGH8.jpg
1227,NKCEGMUZBRDAPCJK,../data/images/NKCEGMUZBRDAPCJK.jpg
1228,NKCDU4RZRCZGVHZC,../data/images/NKCDU4RZRCZGVHZC.jpg
1229,RNGDWKZN9DSHFHYY,../data/images/RNGDWKZN9DSHFHYY.jpg
1230,NKCEANMPQABUFANV,../data/images/NKCEANMPQABUFANV.jpg
1231,RNGE7GVY62WSJP7X,../data/images/RNGE7GVY62WSJP7X.jpg
1232,RNGE7KFY3XZNZS48,../data/images/RNGE7KFY3XZNZS48.jpg
1233,RNGEDAKAZHDHCV36,../data/images/RNGEDAKAZHDHCV36.jpg
1234,NKCEASCZPRTXMMRB,../data/images/NKCEASCZPRTXMMRB.jpg
1235,NKCE34THCPW5V7FV,../data/images/NKCE34THCPW5V7FV.jpg
1236,RNGE8TFNYWVQ49EZ,../data/images/RNGE8TFNYWVQ49EZ.jpg
1237,RNGEBUDN25RXMZAZ,../data/images/RNGEBUDN25RXMZAZ.jpg
1238,BBAECETKRQP4SJSG,../data/images/BBAECETKRQP4SJSG.jpg
1239,NKCE6SR4Y4G37GRS,../data/images/NKCE6SR4Y4G37GRS.jpg
1240,RNGE7M92A2RFPMED,../data/images/RNGE7M92A2RFPMED.jpg
1241,NKCE9HUUEEVGDGRT,../data/images/NKCE9HUUEEVGDGRT.jpg
1242,NKCE4VJGCMERZWFB,../data/images/NKCE4VJGCMERZWFB.jpg
1243,NKCDXU3QDCXYHZD4,../data/images/NKCDXU3QDCXYHZD4.jpg
1244,BBADSEZDJ6GUW2PX,../data/images/BBADSEZDJ6GUW2PX.jpg
1245,BBAECGVHADQTGZEY,../data/images/BBAECGVHADQTGZEY.jpg
1246,RNGE96Y2DCHGZ5AH,../data/images/RNGE96Y2DCHGZ5AH.jpg
1247,BCHEG5F53WB7RDG2,../data/images/BCHEG5F53WB7RDG2.jpg
1248,BBAE7DPRYDNBTNEB,../data/images/BBAE7DPRYDNBTNEB.jpg
1249,BBAEB73MPXNZE4EW,../data/images/BBAEB73MPXNZE4EW.jpg
1250,RNGECQP4BZZ8HYBA,../data/images/RNGECQP4BZZ8HYBA.jpg
1251,NKCEC87SZTUM8SHS,../data/images/NKCEC87SZTUM8SHS.jpg
1252,NKCECATQF8ZXGXJS,../data/images/NKCECATQF8ZXGXJS.jpg
1253,NKCED2ZGGAGZJEQF,../data/images/NKCED2ZGGAGZJEQF.jpg
1254,BBADSEZDGGWGZZBA,../data/images/BBADSEZDGGWGZZBA.jpg
1255,RNGE96Y3GVM4MYVK,../data/images/RNGE96Y3GVM4MYVK.jpg
1256,NKCECZFZAFTWWJNV,../data/images/NKCECZFZAFTWWJNV.jpg
1257,NKCE88AHVENFACHA,../data/images/NKCE88AHVENFACHA.jpg
1258,NKCE7PZPWXTUK4TP,../data/images/NKCE7PZPWXTUK4TP.jpg
1259,NKCE7H2EF53YKKUT,../data/images/NKCE7H2EF53YKKUT.jpg
1260,NKCE49ATNPFHH5N4,../data/images/NKCE49ATNPFHH5N4.jpg
1261,NKCEY8KWJVFM6AFA,../data/images/NKCEY8KWJVFM6AFA.jpg
1262,JWSE2H9PMKGZ5YCS,../data/images/JWSE2H9PMKGZ5YCS.jpg
1263,BBAE3JG36578NUYZ,../data/images/BBAE3JG36578NUYZ.jpg
1264,NKCE7NFFJUFHDAQZ,../data/images/NKCE7NFFJUFHDAQZ.jpg
1265,NKCEYYX9FZWBEGQF,../data/images/NKCEYYX9FZWBEGQF.jpg
1266,RNGE9GWMKVHGEYZG,../data/images/RNGE9GWMKVHGEYZG.jpg
1267,BBAE52QH6R5GMSQA,../data/images/BBAE52QH6R5GMSQA.jpg
1268,BBAEJA5DYZ8VCCBZ,../data/images/BBAEJA5DYZ8VCCBZ.jpg
1269,RNGEH3ESZASB7FHM,../data/images/RNGEH3ESZASB7FHM.jpg
1270,NKCDSCF3GGTCQ23U,../data/images/NKCDSCF3GGTCQ23U.jpg
1271,BBAE9WX5WWSFF6SN,../data/images/BBAE9WX5WWSFF6SN.jpg
1272,NKCE96SXUUHT2BQQ,../data/images/NKCE96SXUUHT2BQQ.jpg
1273,NRSEGS9MTKR9HPPN,../data/images/NRSEGS9MTKR9HPPN.jpg
1274,NKCECQYZ7T7ZBHGW,../data/images/NKCECQYZ7T7ZBHGW.jpg
1275,RNGEDAKAZRMFFPGK,../data/images/RNGEDAKAZRMFFPGK.jpg
1276,BBAE6GJF3DGSYAVM,../data/images/BBAE6GJF3DGSYAVM.jpg
1277,RNGE4YPTQYRECV9J,../data/images/RNGE4YPTQYRECV9J.jpg
1278,NKCDU4RZTSAHGJU8,../data/images/NKCDU4RZTSAHGJU8.jpg
1279,BBAE2FG9DVHKEKV4,../data/images/BBAE2FG9DVHKEKV4.jpg
1280,BBAE2GZ2XHSHZFQG,../data/images/BBAE2GZ2XHSHZFQG.jpg
1281,RNGE87FCQJ9GRKWZ,../data/images/RNGE87FCQJ9GRKWZ.jpg
1282,BBAECHGKFYZTWZJM,../data/images/BBAECHGKFYZTWZJM.jpg
1283,NKCEC8AVJGGBBMCP,../data/images/NKCEC8AVJGGBBMCP.jpg
1284,RNGEH4GPXAHBVUZY,../data/images/RNGEH4GPXAHBVUZY.jpg
1285,RNGEDAK9ZKYRNXNA,../data/images/RNGEDAK9ZKYRNXNA.jpg
1286,NKCE5W33KFFZDSDY,../data/images/NKCE5W33KFFZDSDY.jpg
1287,NKCEC87GZMWYCMUG,../data/images/NKCEC87GZMWYCMUG.jpg
1288,NKCE9ZXXTEGXWZ3B,../data/images/NKCE9ZXXTEGXWZ3B.jpg
1289,RNGEC8PZH2YPMMAJ,../data/images/RNGEC8PZH2YPMMAJ.jpg
1290,NKCE64Z4NGBHNAY7,../data/images/NKCE64Z4NGBHNAY7.jpg
1291,NKCE8RB5TTZHZKCU,../data/images/NKCE8RB5TTZHZKCU.jpg
1292,NKCDU4RZNVATGYZZ,../data/images/NKCDU4RZNVATGYZZ.jpg
1293,JWSE8GXKATFTFW3S,../data/images/JWSE8GXKATFTFW3S.jpg
1294,NKCE9YX2JQAYDHSV,../data/images/NKCE9YX2JQAYDHSV.jpg
1295,NKCE9ABEE5HDWZSM,../data/images/NKCE9ABEE5HDWZSM.jpg
1296,BBAEDWJ93XUZQTXM,../data/images/BBAEDWJ93XUZQTXM.jpg
1297,NKCE9PFFMWSQ9CYY,../data/images/NKCE9PFFMWSQ9CYY.jpg
1298,RNGE7GVYMC9ZSVRB,../data/images/RNGE7GVYMC9ZSVRB.jpg
1299,NKCEFXYQ3DCCYFFW,../data/images/NKCEFXYQ3DCCYFFW.jpg
1300,RNGE7GVYAFKAAZXN,../data/images/RNGE7GVYAFKAAZXN.jpg
1301,NKCEBFWTSPVWSGXF,../data/images/NKCEBFWTSPVWSGXF.jpg
1302,NKCE4PZ6UJQG9QQE,../data/images/NKCE4PZ6UJQG9QQE.jpg
1303,RNGE8Z3KSHGCMSCP,../data/images/RNGE8Z3KSHGCMSCP.jpg
1304,NKCE69P8G4ZRAUAF,../data/images/NKCE69P8G4ZRAUAF.jpg
1305,NKCE5H4XZMADYXWG,../data/images/NKCE5H4XZMADYXWG.jpg
1306,RNGDQSVDZFVDFNDV,../data/images/RNGDQSVDZFVDFNDV.jpg
1307,NKCEA4CA9UBYFDZ4,../data/images/NKCEA4CA9UBYFDZ4.jpg
1308,NKCE8T78YZYEQYDD,../data/images/NKCE8T78YZYEQYDD.jpg
1309,RNGE7M92ZKYSGGZX,../data/images/RNGE7M92ZKYSGGZX.jpg
1310,NKCDV7N6PQKSXEWH,../data/images/NKCDV7N6PQKSXEWH.jpg
1311,NKCECFGDCG9ABPZB,../data/images/NKCECFGDCG9ABPZB.jpg
1312,JWSE5GUZY5GGGTQF,../data/images/JWSE5GUZY5GGGTQF.jpg
1313,BCHEGSMPSRGNPAMN,../data/images/BCHEGSMPSRGNPAMN.jpg
1314,NKCEAGXHQTTQM8XJ,../data/images/NKCEAGXHQTTQM8XJ.jpg
1315,BBAE8WCSGZAKUH4F,../data/images/BBAE8WCSGZAKUH4F.jpg
1316,BCHEHYUKDZZPZBH2,../data/images/BCHEHYUKDZZPZBH2.jpg
1317,RNGEAM4MSHF34GHZ,../data/images/RNGEAM4MSHF34GHZ.jpg
1318,NKCECG6ZH5MJT4B9,../data/images/NKCECG6ZH5MJT4B9.jpg
1319,NKCEFNPK5GSEHVPA,../data/images/NKCEFNPK5GSEHVPA.jpg
1320,NKCEBKWHS7CHNPTU,../data/images/NKCEBKWHS7CHNPTU.jpg
1321,NKCE9ABEZJ4HWTZZ,../data/images/NKCE9ABEZJ4HWTZZ.jpg
1322,BBAE9K48E9UZFP7E,../data/images/BBAE9K48E9UZFP7E.jpg
1323,BCHEF9ZEK3JFWSZF,../data/images/BCHEF9ZEK3JFWSZF.jpg
1324,NKCE87C3VRMZFGJG,../data/images/NKCE87C3VRMZFGJG.jpg
1325,NKCE6YF6WEFEK9W6,../data/images/NKCE6YF6WEFEK9W6.jpg
1326,RNGE7GVY3VFVAF6X,../data/images/RNGE7GVY3VFVAF6X.jpg
1327,BCHEG22KQPY5NMHA,../data/images/BCHEG22KQPY5NMHA.jpg
1328,ERGE8DXEFZFAZSYG,../data/images/ERGE8DXEFZFAZSYG.jpg
1329,BCHEGAMY9VZCJJZX,../data/images/BCHEGAMY9VZCJJZX.jpg
1330,JWSE6KAFNXHKYHPT,../data/images/JWSE6KAFNXHKYHPT.jpg
1331,NKCE5HYVHGZEZTD5,../data/images/NKCE5HYVHGZEZTD5.jpg
1332,RNGEFJFFXSK67ZWZ,../data/images/RNGEFJFFXSK67ZWZ.jpg
1333,BBAECGVHJPMFPFES,../data/images/BBAECGVHJPMFPFES.jpg
1334,BBAEJK8Z5UD97GTP,../data/images/BBAEJK8Z5UD97GTP.jpg
1335,NKCECZG4G4HSXXGG,../data/images/NKCECZG4G4HSXXGG.jpg
1336,BBAE8BXAJUPWKEFY,../data/images/BBAE8BXAJUPWKEFY.jpg
1337,RNGE7GVYPXKYEYHB,../data/images/RNGE7GVYPXKYEYHB.jpg
1338,NKCECZFZY9YTKGTW,../data/images/NKCECZFZY9YTKGTW.jpg
1339,RNGEDAPYZEFYKN2B,../data/images/RNGEDAPYZEFYKN2B.jpg
1340,RNGE7M92V5GTURFX,../data/images/RNGE7M92V5GTURFX.jpg
1341,NKCE6WUX8GDWXJCY,../data/images/NKCE6WUX8GDWXJCY.jpg
1342,BBAE86DX3ZPWSKPU,../data/images/BBAE86DX3ZPWSKPU.jpg
1343,BCHEG22KNCSNF3ZY,../data/images/BCHEG22KNCSNF3ZY.jpg
1344,NKCEFG3D8UWFGKGE,../data/images/NKCEFG3D8UWFGKGE.jpg
1345,BBAEBVHCJTRR2S9W,../data/images/BBAEBVHCJTRR2S9W.jpg
1346,JWSEEBGDNZU5WBYY,../data/images/JWSEEBGDNZU5WBYY.jpg
1347,RNGE7M92FZVK8YWH,../data/images/RNGE7M92FZVK8YWH.jpg
1348,BBAEEYGPRKWRC9HP,../data/images/BBAEEYGPRKWRC9HP.jpg
1349,RNGE7GVYRWWCA9AV,../data/images/RNGE7GVYRWWCA9AV.jpg
1350,NKCE9YFBSJVQRZ7P,../data/images/NKCE9YFBSJVQRZ7P.jpg
1351,NKCEB3ZCW2HXUSFX,../data/images/NKCEB3ZCW2HXUSFX.jpg
1352,BBAEDVQFCVT4UTMR,../data/images/BBAEDVQFCVT4UTMR.jpg
1353,NKCDWHFQ2ZBKQHGP,../data/images/NKCDWHFQ2ZBKQHGP.jpg
1354,NKCE9PFFVPDMZUUR,../data/images/NKCE9PFFVPDMZUUR.jpg
1355,RNGE7GVZYVV9XBMF,../data/images/RNGE7GVZYVV9XBMF.jpg
1356,NKCEDCT9S7TUUY5E,../data/images/NKCEDCT9S7TUUY5E.jpg
1357,RNGEA9ZXYUGC2ZHM,../data/images/RNGEA9ZXYUGC2ZHM.jpg
1358,NKCE5HYVE4YDTGPZ,../data/images/NKCE5HYVE4YDTGPZ.jpg
1359,BBAE8PAXRUHPKAVY,../data/images/BBAE8PAXRUHPKAVY.jpg
1360,NKCE57RNFHJADNTG,../data/images/NKCE57RNFHJADNTG.jpg
1361,NKCE73V3DADAVHDU,../data/images/NKCE73V3DADAVHDU.jpg
1362,BBAEDPZZ54VEJDEG,../data/images/BBAEDPZZ54VEJDEG.jpg
1363,NKCE93H2ZTHJGFVS,../data/images/NKCE93H2ZTHJGFVS.jpg
1364,NKCE52CSZEWSNY3V,../data/images/NKCE52CSZEWSNY3V.jpg
1365,BBAEJA5DZKZHSVFE,../data/images/BBAEJA5DZKZHSVFE.jpg
1366,NKCDYARBBBGJ3WGG,../data/images/NKCDYARBBBGJ3WGG.jpg
1367,NKCE48ZUZRC4WGDQ,../data/images/NKCE48ZUZRC4WGDQ.jpg
1368,NKCE7PZPCSNSCHWT,../data/images/NKCE7PZPCSNSCHWT.jpg
1369,NKCE7MMGDBM6ZYT5,../data/images/NKCE7MMGDBM6ZYT5.jpg
1370,RNGEDAKFX6JEXQT4,../data/images/RNGEDAKFX6JEXQT4.jpg
1371,BCHEEYZYG7UWJZHU,../data/images/BCHEEYZYG7UWJZHU.jpg
1372,NKCE9YTVHFEBDNCN,../data/images/NKCE9YTVHFEBDNCN.jpg
1373,BBAEB64FHHFVTZ6N,../data/images/BBAEB64FHHFVTZ6N.jpg
1374,NKCEBMDCG3PEZTHX,../data/images/NKCEBMDCG3PEZTHX.jpg
1375,NKCEAPCVGBK8M7EF,../data/images/NKCEAPCVGBK8M7EF.jpg
1376,NKCE9YFBFPA6YFSJ,../data/images/NKCE9YFBFPA6YFSJ.jpg
1377,BBAE9PVN5UN9WYH6,../data/images/BBAE9PVN5UN9WYH6.jpg
1378,BBAECD6FD6MHYUXR,../data/images/BBAECD6FD6MHYUXR.jpg
1379,RNGE7M92H9QHRKEX,../data/images/RNGE7M92H9QHRKEX.jpg
1380,NKCE5W33FFA87YDE,../data/images/NKCE5W33FFA87YDE.jpg
1381,NKCEFKBYDZMHUYZK,../data/images/NKCEFKBYDZMHUYZK.jpg
1382,NKCE5YNTTNJHVHZT,../data/images/NKCE5YNTTNJHVHZT.jpg
1383,NKCDYQ3RCVCSYD2E,../data/images/NKCDYQ3RCVCSYD2E.jpg
1384,ERGE8D4ZWCHS3F7Y,../data/images/ERGE8D4ZWCHS3F7Y.jpg
1385,BBAEDVQFRG4ZS5GB,../data/images/BBAEDVQFRG4ZS5GB.jpg
1386,MNGEGJGBTZH6RZC8,../data/images/MNGEGJGBTZH6RZC8.jpg
1387,NKCDXHWZHPXRF28E,../data/images/NKCDXHWZHPXRF28E.jpg
1388,RNGEH3EVGJ9YGYHX,../data/images/RNGEH3EVGJ9YGYHX.jpg
1389,PELEGPFMDMTU3PQJ,../data/images/PELEGPFMDMTU3PQJ.jpg
1390,NKCE9ABENEV48UKQ,../data/images/NKCE9ABENEV48UKQ.jpg
1391,BBAEE82Z8WNRMWBZ,../data/images/BBAEE82Z8WNRMWBZ.jpg
1392,BBAE6GJFPZ4JH8Z3,../data/images/BBAE6GJFPZ4JH8Z3.jpg
1393,BBAE9KAHBJBJH5CH,../data/images/BBAE9KAHBJBJH5CH.jpg
1394,NKCE4VA4EDK86BCN,../data/images/NKCE4VA4EDK86BCN.jpg
1395,NKCDU4RZCFTVHFDF,../data/images/NKCDU4RZCFTVHFDF.jpg
1396,NKCEA4CAHBSWN3E5,../data/images/NKCEA4CAHBSWN3E5.jpg
1397,RNGE8UQ5KVGCJHAM,../data/images/RNGE8UQ5KVGCJHAM.jpg
1398,NKCE6GJ5XVJDXNNZ,../data/images/NKCE6GJ5XVJDXNNZ.jpg
1399,RNGE8UGWZZHGBJXC,../data/images/RNGE8UGWZZHGBJXC.jpg
1400,BBAECH63WYDG6TE2,../data/images/BBAECH63WYDG6TE2.jpg
1401,ERGE86NTSCGHJD2G,../data/images/ERGE86NTSCGHJD2G.jpg
1402,NKCEB98T6AZZCH8H,../data/images/NKCEB98T6AZZCH8H.jpg
1403,NKCE3CXNYVR68G28,../data/images/NKCE3CXNYVR68G28.jpg
1404,RNGEDAPYZCATNYHX,../data/images/RNGEDAPYZCATNYHX.jpg
1405,BBAEDVQFYXRHVUVC,../data/images/BBAEDVQFYXRHVUVC.jpg
1406,PELEGPGCDR7TXNSG,../data/images/PELEGPGCDR7TXNSG.jpg
1407,NKCDYRHGHJCQ65WW,../data/images/NKCDYRHGHJCQ65WW.jpg
1408,NKCECZFZFGAAPNVJ,../data/images/NKCECZFZFGAAPNVJ.jpg
1409,BBAEDZHYDZQGHHP3,../data/images/BBAEDZHYDZQGHHP3.jpg
1410,RNGEC8PNB9RJXNTG,../data/images/RNGEC8PNB9RJXNTG.jpg
1411,BBAEA8VKYEPMBYAR,../data/images/BBAEA8VKYEPMBYAR.jpg
1412,NKCE7MMGG37H9JWQ,../data/images/NKCE7MMGG37H9JWQ.jpg
1413,RNGEDAPVZSDUGFZY,../data/images/RNGEDAPVZSDUGFZY.jpg
1414,NKCE4PZ6QRJGJHJH,../data/images/NKCE4PZ6QRJGJHJH.jpg
1415,RNGE8NA4ZZYUVZHW,../data/images/RNGE8NA4ZZYUVZHW.jpg
1416,NKCE3HG8HGZG4JBR,../data/images/NKCE3HG8HGZG4JBR.jpg
1417,NKCE5GJ3YZQ8UFUR,../data/images/NKCE5GJ3YZQ8UFUR.jpg
1418,RNGE7Z9NAEWGKG5A,../data/images/RNGE7Z9NAEWGKG5A.jpg
1419,BBAE7SSNKUZPRZNU,../data/images/BBAE7SSNKUZPRZNU.jpg
1420,RNGEDAQ3ZJC36WRB,../data/images/RNGEDAQ3ZJC36WRB.jpg
1421,NKCE5ZHWVMKDR39H,../data/images/NKCE5ZHWVMKDR39H.jpg
1422,NKCDYG8BDVKZ7GP8,../data/images/NKCDYG8BDVKZ7GP8.jpg
1423,RNGEE8ZGHERKSH6Z,../data/images/RNGEE8ZGHERKSH6Z.jpg
1424,NKCEAX7H4XXDD2Y3,../data/images/NKCEAX7H4XXDD2Y3.jpg
1425,BBAEAG4DMUBBYUKA,../data/images/BBAEAG4DMUBBYUKA.jpg
1426,BBAEDVR8H7Y3ZBMG,../data/images/BBAEDVR8H7Y3ZBMG.jpg
1427,RNGE9HE5ZYYRGYTZ,../data/images/RNGE9HE5ZYYRGYTZ.jpg
1428,NKCECFHUDZ3ZE33K,../data/images/NKCECFHUDZ3ZE33K.jpg
1429,NKCECKHZPB2JMPGF,../data/images/NKCECKHZPB2JMPGF.jpg
1430,RNGEAY8GGPJTHDVB,../data/images/RNGEAY8GGPJTHDVB.jpg
1431,NKCEBHGBEZKFGHZR,../data/images/NKCEBHGBEZKFGHZR.jpg
1432,RNGE7GVY35ZPA8QX,../data/images/RNGE7GVY35ZPA8QX.jpg
1433,BBAEAX4TCCFPEWZM,../data/images/BBAEAX4TCCFPEWZM.jpg
1434,NKCE9PFFUGQPHF3C,../data/images/NKCE9PFFUGQPHF3C.jpg
1435,RNGDQ5GGSFNHNANZ,../data/images/RNGDQ5GGSFNHNANZ.jpg
1436,BBAE4JGAB7AEHG7K,../data/images/BBAE4JGAB7AEHG7K.jpg
1437,NKCE45YCF9MGXDYZ,../data/images/NKCE45YCF9MGXDYZ.jpg
1438,BBAEEYH6STZFQWVH,../data/images/BBAEEYH6STZFQWVH.jpg
1439,NKCEFFFP9THXHT7P,../data/images/NKCEFFFP9THXHT7P.jpg
1440,NKCEA5FHMY3HFHVU,../data/images/NKCEA5FHMY3HFHVU.jpg
1441,BCHEG22KSCZCNAVX,../data/images/BCHEG22KSCZCNAVX.jpg
1442,RNGE96Y2KTQSGHNG,../data/images/RNGE96Y2KTQSGHNG.jpg
1443,RNGE9HE7BKMCZGRV,../data/images/RNGE9HE7BKMCZGRV.jpg
1444,RNGE8TFNT6ZKTGT4,../data/images/RNGE8TFNT6ZKTGT4.jpg
1445,NKCE3JRM4BDRUZVE,../data/images/NKCE3JRM4BDRUZVE.jpg
1446,BBAE4B3ZU44CMGCJ,../data/images/BBAE4B3ZU44CMGCJ.jpg
1447,NKCE7HN9F746GK2E,../data/images/NKCE7HN9F746GK2E.jpg
1448,RNGEAM4MYMGDVXHP,../data/images/RNGEAM4MYMGDVXHP.jpg
1449,RNGECNH3EGGBCQSQ,../data/images/RNGECNH3EGGBCQSQ.jpg
1450,RNGE9HDFY49RXJSZ,../data/images/RNGE9HDFY49RXJSZ.jpg
1451,JWSEAAFF47ZV9MUN,../data/images/JWSEAAFF47ZV9MUN.jpg
1452,NKCDY8S8PH7ZAQYD,../data/images/NKCDY8S8PH7ZAQYD.jpg
1453,BBAEEYH6YSZKW7SE,../data/images/BBAEEYH6YSZKW7SE.jpg
1454,BBAEDFYYYETPFCAC,../data/images/BBAEDFYYYETPFCAC.jpg
1455,NKCED2ZGYUHRCCHF,../data/images/NKCED2ZGYUHRCCHF.jpg
1456,NKCE6TNZFQRQAYRZ,../data/images/NKCE6TNZFQRQAYRZ.jpg
1457,NKCE9Z2J5XF5GDCP,../data/images/NKCE9Z2J5XF5GDCP.jpg
1458,JWSECXGUQFEEJN2V,../data/images/JWSECXGUQFEEJN2V.jpg
1459,NKCEA5FHYQBZK9JU,../data/images/NKCEA5FHYQBZK9JU.jpg
1460,RNGE9HD4ZAYEEABX,../data/images/RNGE9HD4ZAYEEABX.jpg
1461,NKCEE7XH9MQHGTFP,../data/images/NKCEE7XH9MQHGTFP.jpg
1462,BBAE6GJFKF8PYG4H,../data/images/BBAE6GJFKF8PYG4H.jpg
1463,PELEY2Z4F78JSKGE,../data/images/PELEY2Z4F78JSKGE.jpg
1464,NKCDYQ3R8RNV2TQW,../data/images/NKCDYQ3R8RNV2TQW.jpg
1465,ERGDXGYBXDZ72HGS,../data/images/ERGDXGYBXDZ72HGS.jpg
1466,RNGE7GVYE9PZHGUZ,../data/images/RNGE7GVYE9PZHGUZ.jpg
1467,RNGEFKBYME7B3AVK,../data/images/RNGEFKBYME7B3AVK.jpg
1468,NKCDXYFHPJ4UNFPU,../data/images/NKCDXYFHPJ4UNFPU.jpg
1469,BBAEARGUS6XVGBT8,../data/images/BBAEARGUS6XVGBT8.jpg
1470,NKCEBGPNXQFXGSKS,../data/images/NKCEBGPNXQFXGSKS.jpg
1471,BBAEDVQE5QNN37ZT,../data/images/BBAEDVQE5QNN37ZT.jpg
1472,BBAE4S7SVZGPY5KW,../data/images/BBAE4S7SVZGPY5KW.jpg
1473,NKCDWBPZNZU5K2QZ,../data/images/NKCDWBPZNZU5K2QZ.jpg
1474,BBAEDVYSEN75YZZ7,../data/images/BBAEDVYSEN75YZZ7.jpg
1475,NKCEAVVRRGHWXTNF,../data/images/NKCEAVVRRGHWXTNF.jpg
1476,NKCEAFM7SFBNX7H5,../data/images/NKCEAFM7SFBNX7H5.jpg
1477,BBADXU3ZYTGQU9UN,../data/images/BBADXU3ZYTGQU9UN.jpg
1478,NKCE77RVZGZBCAD8,../data/images/NKCE77RVZGZBCAD8.jpg
1479,BCHEF5M5JQBVBVEN,../data/images/BCHEF5M5JQBVBVEN.jpg
1480,RNGDQSVDYXTVYX7D,../data/images/RNGDQSVDYXTVYX7D.jpg
1481,NKCEAUXWF7BGPD6T,../data/images/NKCEAUXWF7BGPD6T.jpg
1482,BBAED8NATZ4YMD95,../data/images/BBAED8NATZ4YMD95.jpg
1483,NKCEG26ZKKWV2UNC,../data/images/NKCEG26ZKKWV2UNC.jpg
1484,RNGE88Q9U5YZG3G2,../data/images/RNGE88Q9U5YZG3G2.jpg
1485,NKCDYQ3REN9WJEAF,../data/images/NKCDYQ3REN9WJEAF.jpg
1486,BBAE7F9BHRMAH8Q3,../data/images/BBAE7F9BHRMAH8Q3.jpg
1487,NKCE9ZGXYYRZTXZS,../data/images/NKCE9ZGXYYRZTXZS.jpg
1488,NKCECQYZ24MSM3ZZ,../data/images/NKCECQYZ24MSM3ZZ.jpg
1489,JWSDXV8PZQXWKY2A,../data/images/JWSDXV8PZQXWKY2A.jpg
1490,NKCE6SR4HR8H87TY,../data/images/NKCE6SR4HR8H87TY.jpg
1491,NKCEAKKRQGFDH5Q9,../data/images/NKCEAKKRQGFDH5Q9.jpg
1492,NKCE49ATR5MVGFTY,../data/images/NKCE49ATR5MVGFTY.jpg
1493,NKCE4PZ6NFHQH3ZY,../data/images/NKCE4PZ6NFHQH3ZY.jpg
1494,NKCDU4RZGHA8VYRE,../data/images/NKCDU4RZGHA8VYRE.jpg
1495,BBADZMCFWR8NZBHM,../data/images/BBADZMCFWR8NZBHM.jpg
1496,NKCE6KGHKCZAYUHM,../data/images/NKCE6KGHKCZAYUHM.jpg
1497,RNGE7GVYEFVQKHAM,../data/images/RNGE7GVYEFVQKHAM.jpg
1498,NKCE9ZVGGGZXJMEP,../data/images/NKCE9ZVGGGZXJMEP.jpg
1499,JWSE2W4ZB5CB4MMH,../data/images/JWSE2W4ZB5CB4MMH.jpg
1500,RNGE7M92N5M2PFUK,../data/images/RNGE7M92N5M2PFUK.jpg
1501,NKCEAX7HAQ2RJA3Q,../data/images/NKCEAX7HAQ2RJA3Q.jpg
1502,RNGEDAK2HFRD72HE,../data/images/RNGEDAK2HFRD72HE.jpg
1503,RNGEBTJCXWHKHXUY,../data/images/RNGEBTJCXWHKHXUY.jpg
1504,RNGEGMMBHHARCJ6H,../data/images/RNGEGMMBHHARCJ6H.jpg
1505,NKCE8UUWSCRYZFAD,../data/images/NKCE8UUWSCRYZFAD.jpg
1506,NKCEYGTGCGQQZVSG,../data/images/NKCEYGTGCGQQZVSG.jpg
1507,NKCE5YA94NVQ6TQ2,../data/images/NKCE5YA94NVQ6TQ2.jpg
1508,NKCEAMDRQZKUXEYW,../data/images/NKCEAMDRQZKUXEYW.jpg
1509,NKCDYQ3RPPERYA9W,../data/images/NKCDYQ3RPPERYA9W.jpg
1510,NKCDYNY37JPBGBVM,../data/images/NKCDYNY37JPBGBVM.jpg
1511,NKCE6SR4FHV6BJDC,../data/images/NKCE6SR4FHV6BJDC.jpg
1512,NKCEB2S9MFVUCSQU,../data/images/NKCEB2S9MFVUCSQU.jpg
1513,NKCE9PFFVHYGGCYU,../data/images/NKCE9PFFVHYGGCYU.jpg
1514,SNDEDAPKZGGEGYHV,../data/images/SNDEDAPKZGGEGYHV.jpg
1515,SHOECFFWRJYBTPHY,../data/images/SHOECFFWRJYBTPHY.jpg
1516,SHOECZGYCGCZGJZ5,../data/images/SHOECZGYCGCZGJZ5.jpg
1517,SHODXQRRGKZ74U9M,../data/images/SHODXQRRGKZ74U9M.jpg
1518,SHOEC8QGTYTSYHRC,../data/images/SHOEC8QGTYTSYHRC.jpg
1519,SNDEEAFUYNTKFMQJ,../data/images/SNDEEAFUYNTKFMQJ.jpg
1520,SHOEGKU9SUZRXPHY,../data/images/SHOEGKU9SUZRXPHY.jpg
1521,SHOEF9G7ZES6C5HU,../data/images/SHOEF9G7ZES6C5HU.jpg
1522,SHOEGEXTGK5GGRW3,../data/images/SHOEGEXTGK5GGRW3.jpg
1523,SNDEDTCXWCGDH2HA,../data/images/SNDEDTCXWCGDH2HA.jpg
1524,SNDECHQNWBXDCYRG,../data/images/SNDECHQNWBXDCYRG.jpg
1525,SNDEJKRZRSNSGFM7,../data/images/SNDEJKRZRSNSGFM7.jpg
1526,SHOEJDYYY77DZF6Z,../data/images/SHOEJDYYY77DZF6Z.jpg
1527,SNDE2GQNASST6VPS,../data/images/SNDE2GQNASST6VPS.jpg
1528,SHOE3S9BYE5XWSKS,../data/images/SHOE3S9BYE5XWSKS.jpg
1529,SNDEHZQ7YZAHAZYP,../data/images/SNDEHZQ7YZAHAZYP.jpg
1530,SHOEBGHQ2NUKZBWB,../data/images/SHOEBGHQ2NUKZBWB.jpg
1531,SHOE3TJTTBRB86GG,../data/images/SHOE3TJTTBRB86GG.jpg
1532,SHOEGAJGF5CSZNHA,../data/images/SHOEGAJGF5CSZNHA.jpg
1533,SHOECV4SKFKBN8QQ,../data/images/SHOECV4SKFKBN8QQ.jpg
1534,SNDEAN42SGFZADUB,../data/images/SNDEAN42SGFZADUB.jpg
1535,SHOEBYXXZQYHGJJY,../data/images/SHOEBYXXZQYHGJJY.jpg
1536,SHOEFMRZZAXFQW4F,../data/images/SHOEFMRZZAXFQW4F.jpg
1537,SNDEJTPN7JUHRZGM,../data/images/SNDEJTPN7JUHRZGM.jpg
1538,SHOEGEV4PTVSQTER,../data/images/SHOEGEV4PTVSQTER.jpg
1539,SHOE73V5DXWZTRQ9,../data/images/SHOE73V5DXWZTRQ9.jpg
1540,SNDEJYHYUBMNAN3R,../data/images/SNDEJYHYUBMNAN3R.jpg
1541,SHOEDBSZC6ZCH4F9,../data/images/SHOEDBSZC6ZCH4F9.jpg
1542,SHOE9UDJKNVSDH72,../data/images/SHOE9UDJKNVSDH72.jpg
1543,SNDEF3R3VB55PJBX,../data/images/SNDEF3R3VB55PJBX.jpg
1544,SNDEHZPHCXP7ZTFA,../data/images/SNDEHZPHCXP7ZTFA.jpg
1545,SNDEYPKYJNJXQBGQ,../data/images/SNDEYPKYJNJXQBGQ.jpg
1546,SNDE5ZMYKNRPH4TQ,../data/images/SNDE5ZMYKNRPH4TQ.jpg
1547,SNDEHZMFFAHHZSHZ,../data/images/SNDEHZMFFAHHZSHZ.jpg
1548,SHOEJNMN7HF5GQNJ,../data/images/SHOEJNMN7HF5GQNJ.jpg
1549,SFFEHGQYTSWWYMXU,../data/images/SFFEHGQYTSWWYMXU.jpg
1550,SNDE5V33TFHJZAY7,../data/images/SNDE5V33TFHJZAY7.jpg
1551,SNDEBPYZGKTW3PZJ,../data/images/SNDEBPYZGKTW3PZJ.jpg
1552,SNDEHZH4HY8SQ2PS,../data/images/SNDEHZH4HY8SQ2PS.jpg
1553,SHODUMFYWTPDYNX6,../data/images/SHODUMFYWTPDYNX6.jpg
1554,SNDE8B3PAXZESCKK,../data/images/SNDE8B3PAXZESCKK.jpg
1555,SNDEAN42GHZZADGP,../data/images/SNDEAN42GHZZADGP.jpg
1556,SNDEJNQ6ZSRNXHZF,../data/images/SNDEJNQ6ZSRNXHZF.jpg
1557,SHODYZ7QYUEYDEZ2,../data/images/SHODYZ7QYUEYDEZ2.jpg
1558,SNDEB7AZS33VMN66,../data/images/SNDEB7AZS33VMN66.jpg
1559,SNDEBDGSABAC5MMV,../data/images/SNDEBDGSABAC5MMV.jpg
1560,SHODZJFFAM2H9CRC,../data/images/SHODZJFFAM2H9CRC.jpg
1561,SNDE2B97YKEBEBBG,../data/images/SNDE2B97YKEBEBBG.jpg
1562,SHOEDM6EUGKWFSMZ,../data/images/SHOEDM6EUGKWFSMZ.jpg
1563,SHOEC9FZ3BAF7ASF,../data/images/SHOEC9FZ3BAF7ASF.jpg
1564,SNDEHZQQERXYSRFS,../data/images/SNDEHZQQERXYSRFS.jpg
1565,SHOEFDVVFH5WUUMN,../data/images/SHOEFDVVFH5WUUMN.jpg
1566,SNDEJTZGDSZFAU5F,../data/images/SNDEJTZGDSZFAU5F.jpg
1567,SHOE652MJRRMFBEF,../data/images/SHOE652MJRRMFBEF.jpg
1568,SNDEAN42ZEEAZNNM,../data/images/SNDEAN42ZEEAZNNM.jpg
1569,SHOEDPA3UHBYZACS,../data/images/SHOEDPA3UHBYZACS.jpg
1570,SHODYQE7UKHU3ZHE,../data/images/SHODYQE7UKHU3ZHE.jpg
1571,SHOEGFWHNAKBNYHR,../data/images/SHOEGFWHNAKBNYHR.jpg
1572,SNDDY9RZPHET6BHX,../data/images/SNDDY9RZPHET6BHX.jpg
1573,SHOECUZYKWZF6RCN,../data/images/SHOECUZYKWZF6RCN.jpg
1574,SHOEGHF8NXWFY6SV,../data/images/SHOEGHF8NXWFY6SV.jpg
1575,SNDECV7CS9FRHD6V,../data/images/SNDECV7CS9FRHD6V.jpg
1576,SHOECSQ74H5CX2QD,../data/images/SHOECSQ74H5CX2QD.jpg
1577,SHOE4JCEZDRSHC4S,../data/images/SHOE4JCEZDRSHC4S.jpg
1578,SNDEAN42HMGHM3H2,../data/images/SNDEAN42HMGHM3H2.jpg
1579,SHOEJDYYRGWZZBM6,../data/images/SHOEJDYYRGWZZBM6.jpg
1580,SHOECW3RYSYWGZBH,../data/images/SHOECW3RYSYWGZBH.jpg
1581,SNDECMAYFAG2PTYT,../data/images/SNDECMAYFAG2PTYT.jpg
1582,SHOE9YD5XF7KK39U,../data/images/SHOE9YD5XF7KK39U.jpg
1583,SNDEYPKYZ47RUKSX,../data/images/SNDEYPKYZ47RUKSX.jpg
1584,SHOEFNYNFURVUQET,../data/images/SHOEFNYNFURVUQET.jpg
1585,SNDDVN24AHEAYBYM,../data/images/SNDDVN24AHEAYBYM.jpg
1586,SHOEDG8Y9PHZ3GAW,../data/images/SHOEDG8Y9PHZ3GAW.jpg
1587,SHOEH7622HVGTZUF,../data/images/SHOEH7622HVGTZUF.jpg
1588,SHOEBF3XFZY2ZVVP,../data/images/SHOEBF3XFZY2ZVVP.jpg
1589,SNDEJU7G9C9SDGCE,../data/images/SNDEJU7G9C9SDGCE.jpg
1590,SNDEAN42PBZ5FGD5,../data/images/SNDEAN42PBZ5FGD5.jpg
1591,SHOEHX7GDMXQPSC4,../data/images/SHOEHX7GDMXQPSC4.jpg
1592,SHOEC8QGMZ3UJFTG,../data/images/SHOEC8QGMZ3UJFTG.jpg
1593,SFFEGGGRKZETXKTF,../data/images/SFFEGGGRKZETXKTF.jpg
1594,SHOEC8QGWFF2VXAN,../data/images/SHOEC8QGWFF2VXAN.jpg
1595,SNDE9MVWDSTTUJYS,../data/images/SNDE9MVWDSTTUJYS.jpg
1596,SHOEGWXXQFGNVUG8,../data/images/SHOEGWXXQFGNVUG8.jpg
1597,SHOEAPCYWEAFSFU5,../data/images/SHOEAPCYWEAFSFU5.jpg
1598,SHOEJKDT4DRYHFEN,../data/images/SHOEJKDT4DRYHFEN.jpg
1599,SHOEBF3XF7NZMWAC,../data/images/SHOEBF3XF7NZMWAC.jpg
1600,SNDEBHHAZWXZRSD5,../data/images/SNDEBHHAZWXZRSD5.jpg
1601,SHOE2FQCR89ZNN8W,../data/images/SHOE2FQCR89ZNN8W.jpg
1602,SHOEDZZYZYGXGQZZ,../data/images/SHOEDZZYZYGXGQZZ.jpg
1603,SNDEARQA4U9GY6TG,../data/images/SNDEARQA4U9GY6TG.jpg
1604,SHOE7732Y7YQWBQP,../data/images/SHOE7732Y7YQWBQP.jpg
1605,SNDEHZH3HSRF5PDE,../data/images/SNDEHZH3HSRF5PDE.jpg
1606,SHOEG6FTDZRRUVDJ,../data/images/SHOEG6FTDZRRUVDJ.jpg
1607,SNDEGZ8XGC4BWUZF,../data/images/SNDEGZ8XGC4BWUZF.jpg
1608,SNDEHW9HMGABQSEG,../data/images/SNDEHW9HMGABQSEG.jpg
1609,SNDEC9REJWFXJYB4,../data/images/SNDEC9REJWFXJYB4.jpg
1610,SNDEDG6H5CYWWBBP,../data/images/SNDEDG6H5CYWWBBP.jpg
1611,SNDEJZ2KDZUQ9BPH,../data/images/SNDEJZ2KDZUQ9BPH.jpg
1612,SHOE2PQ42ENPZEYJ,../data/images/SHOE2PQ42ENPZEYJ.jpg
1613,SHOEBKEYSKS87GKG,../data/images/SHOEBKEYSKS87GKG.jpg
1614,SHOEFVT6YAKB9XTE,../data/images/SHOEFVT6YAKB9XTE.jpg
1615,SHOE3HGTYCWDACZ7,../data/images/SHOE3HGTYCWDACZ7.jpg
1616,SNDEBGHBFVGJRFND,../data/images/SNDEBGHBFVGJRFND.jpg
1617,SHOEJCZ2JNGJSPEJ,../data/images/SHOEJCZ2JNGJSPEJ.jpg
1618,SNDEAF3Y34EZRCMT,../data/images/SNDEAF3Y34EZRCMT.jpg
1619,SHOE4QFHZWCZGCMB,../data/images/SHOE4QFHZWCZGCMB.jpg
1620,SHOEY7HYSEZJQMMY,../data/images/SHOEY7HYSEZJQMMY.jpg
1621,SHOEE5N4X6Q6MAUG,../data/images/SHOEE5N4X6Q6MAUG.jpg
1622,SHOEF9G8WTWGAAFB,../data/images/SHOEF9G8WTWGAAFB.jpg
1623,SHOEHYF3Y7MJFWM8,../data/images/SHOEHYF3Y7MJFWM8.jpg
1624,SNDE56UUKGHHWFGF,../data/images/SNDE56UUKGHHWFGF.jpg
1625,SNDDYKR8Z5FKRWPQ,../data/images/SNDDYKR8Z5FKRWPQ.jpg
1626,SHOEBZ65KFSBZKBT,../data/images/SHOEBZ65KFSBZKBT.jpg
1627,SHOEBYWSZ4ZRNQPU,../data/images/SHOEBYWSZ4ZRNQPU.jpg
1628,SHOEJ8GV8VVUKV78,../data/images/SHOEJ8GV8VVUKV78.jpg
1629,SNDE28TRKCZXHCJY,../data/images/SNDE28TRKCZXHCJY.jpg
1630,SHOE3URGKNFYXDGP,../data/images/SHOE3URGKNFYXDGP.jpg
1631,SHOECZNMUNRVGQ7H,../data/images/SHOECZNMUNRVGQ7H.jpg
1632,SNDEJYHYHPSBVVP3,../data/images/SNDEJYHYHPSBVVP3.jpg
1633,SHOEGHJVBSMSXQCV,../data/images/SHOEGHJVBSMSXQCV.jpg
1634,SNDEJS7AGFRYHWGV,../data/images/SNDEJS7AGFRYHWGV.jpg
1635,SHOEJJEVZG39MUMG,../data/images/SHOEJJEVZG39MUMG.jpg
1636,SHOE2FBZSHMWGNSJ,../data/images/SHOE2FBZSHMWGNSJ.jpg
1637,SNDE5V33PWZAGZDY,../data/images/SNDE5V33PWZAGZDY.jpg
1638,SHOE34YXWXZ9PCFF,../data/images/SHOE34YXWXZ9PCFF.jpg
1639,SNDEB9AYJW69XZHB,../data/images/SNDEB9AYJW69XZHB.jpg
1640,SHOE2PQ4TFG9X8GF,../data/images/SHOE2PQ4TFG9X8GF.jpg
1641,SHOEHXHVTBYRCTYN,../data/images/SHOEHXHVTBYRCTYN.jpg
1642,SNDE5RH6ZV2V6HGZ,../data/images/SNDE5RH6ZV2V6HGZ.jpg
1643,SNDEDBM64AVT7HWK,../data/images/SNDEDBM64AVT7HWK.jpg
1644,SHOEACXT4VFDBHTJ,../data/images/SHOEACXT4VFDBHTJ.jpg
1645,SHOE6PEHVTQKMYQK,../data/images/SHOE6PEHVTQKMYQK.jpg
1646,SNDE3NWJBWJXJ6ZV,../data/images/SNDE3NWJBWJXJ6ZV.jpg
1647,SNDE7UFUWPHHAX5E,../data/images/SNDE7UFUWPHHAX5E.jpg
1648,SNDEHZH4RXCE8AGJ,../data/images/SNDEHZH4RXCE8AGJ.jpg
1649,SHOEHYEAJCGEP5UQ,../data/images/SHOEHYEAJCGEP5UQ.jpg
1650,SNDEAN42XPSZS7MN,../data/images/SNDEAN42XPSZS7MN.jpg
1651,SNDEDF6CPDWETBKF,../data/images/SNDEDF6CPDWETBKF.jpg
1652,SHODWK97XBSQGJVX,../data/images/SHODWK97XBSQGJVX.jpg
1653,SNDE3SNFMHARS463,../data/images/SNDE3SNFMHARS463.jpg
1654,SNDDYZ4XV6SZWZZY,../data/images/SNDDYZ4XV6SZWZZY.jpg
1655,SNDE9ZWFJNW2ZQRH,../data/images/SNDE9ZWFJNW2ZQRH.jpg
1656,SHOEJBV8FAV6DNWW,../data/images/SHOEJBV8FAV6DNWW.jpg
1657,SNDEHW9GP5PQGYKH,../data/images/SNDEHW9GP5PQGYKH.jpg
1658,SHOE8V4FJRJZGMCH,../data/images/SHOE8V4FJRJZGMCH.jpg
1659,SHOEAMZZNMJH4UZM,../data/images/SHOEAMZZNMJH4UZM.jpg
1660,SNDE5HENGYQVEAN9,../data/images/SNDE5HENGYQVEAN9.jpg
1661,SNDEJZ2JZ7GN4FCD,../data/images/SNDEJZ2JZ7GN4FCD.jpg
1662,SNDEJGYFP2AT3FMH,../data/images/SNDEJGYFP2AT3FMH.jpg
1663,SNDECQY9BPWE3PKW,../data/images/SNDECQY9BPWE3PKW.jpg
1664,SHOEFRUPFECAZYBS,../data/images/SHOEFRUPFECAZYBS.jpg
1665,SNDEFGEAF4GRHHX8,../data/images/SNDEFGEAF4GRHHX8.jpg
1666,SNDE78YZVGXGUZWS,../data/images/SNDE78YZVGXGUZWS.jpg
1667,SNDEDEWN7MEQVQUN,../data/images/SNDEDEWN7MEQVQUN.jpg
1668,SHOE2GURQ2ZZFHX9,../data/images/SHOE2GURQ2ZZFHX9.jpg
1669,SNDEE34X8JHBYBVW,../data/images/SNDEE34X8JHBYBVW.jpg
1670,SHOEDM6ESQGUFT8F,../data/images/SHOEDM6ESQGUFT8F.jpg
1671,SNDE8H58SDEBJCFY,../data/images/SNDE8H58SDEBJCFY.jpg
1672,SHOE9YGXQHFW8FCZ,../data/images/SHOE9YGXQHFW8FCZ.jpg
1673,SHOECJTWAVQ3J745,../data/images/SHOECJTWAVQ3J745.jpg
1674,SHOEH7SY8PZPF9NE,../data/images/SHOEH7SY8PZPF9NE.jpg
1675,SHOE6XNZ7WS4ZQXH,../data/images/SHOE6XNZ7WS4ZQXH.jpg
1676,SHODZ5YHTEHZTR3V,../data/images/SHODZ5YHTEHZTR3V.jpg
1677,SHOEJUUVN2BVGSJZ,../data/images/SHOEJUUVN2BVGSJZ.jpg
1678,SHOE9ZZX59MFJ9WK,../data/images/SHOE9ZZX59MFJ9WK.jpg
1679,SHOE9YD5ZAYJQUYZ,../data/images/SHOE9YD5ZAYJQUYZ.jpg
1680,SNDEHZH5UYAPJS67,../data/images/SNDEHZH5UYAPJS67.jpg
1681,SNDEJMNRQZNK6TSA,../data/images/SNDEJMNRQZNK6TSA.jpg
1682,SFFEGJZQHKNFMPG6,../data/images/SFFEGJZQHKNFMPG6.jpg
1683,SHOEFAJ5NAGQCG8H,../data/images/SHOEFAJ5NAGQCG8H.jpg
1684,SHOEA38TXG7MPUCM,../data/images/SHOEA38TXG7MPUCM.jpg
1685,SFFEGZ6H7MW6X6ZF,../data/images/SFFEGZ6H7MW6X6ZF.jpg
1686,SHOEGP2X3GMKZVES,../data/images/SHOEGP2X3GMKZVES.jpg
1687,SHOEBG6ZDGSSUTHP,../data/images/SHOEBG6ZDGSSUTHP.jpg
1688,SNDECHQMJ55YZR8K,../data/images/SNDECHQMJ55YZR8K.jpg
1689,SHOECUZUWWUMMEBC,../data/images/SHOECUZUWWUMMEBC.jpg
1690,SFFEGNUVZHZHEUQR,../data/images/SFFEGNUVZHZHEUQR.jpg
1691,SNDEY7QPXUF5PZSZ,../data/images/SNDEY7QPXUF5PZSZ.jpg
1692,SHOEFVT7PSMSBXKA,../data/images/SHOEFVT7PSMSBXKA.jpg
1693,SNDDYE2M83GSMVEJ,../data/images/SNDDYE2M83GSMVEJ.jpg
1694,SHOE94J3RHN7Z6AC,../data/images/SHOE94J3RHN7Z6AC.jpg
1695,SNDEHZPDYWVYBCHT,../data/images/SNDEHZPDYWVYBCHT.jpg
1696,SNDEJGWQSWNHXXA3,../data/images/SNDEJGWQSWNHXXA3.jpg
1697,SNDEJQ78HASZT5F3,../data/images/SNDEJQ78HASZT5F3.jpg
1698,SNDECHQMAQCZ4CMH,../data/images/SNDECHQMAQCZ4CMH.jpg
1699,SHOEHYEZ73SMT8HR,../data/images/SHOEHYEZ73SMT8HR.jpg
1700,SHOEJVGTSYMHYFBX,../data/images/SHOEJVGTSYMHYFBX.jpg
1701,SNDE3NWJCPNHJZGZ,../data/images/SNDE3NWJCPNHJZGZ.jpg
1702,SHOEBGDMKUF33QYC,../data/images/SHOEBGDMKUF33QYC.jpg
1703,SHOEJUQFQURGGFY4,../data/images/SHOEJUQFQURGGFY4.jpg
1704,SHOEDN9SGYX4ZA4P,../data/images/SHOEDN9SGYX4ZA4P.jpg
1705,SNDEGSZD4WHWUEPU,../data/images/SNDEGSZD4WHWUEPU.jpg
1706,SHOEBQ36GHBZEYHY,../data/images/SHOEBQ36GHBZEYHY.jpg
1707,SNDEHQJNFGTYMPHY,../data/images/SNDEHQJNFGTYMPHY.jpg
1708,SHOEHVZPEFK8DAWV,../data/images/SHOEHVZPEFK8DAWV.jpg
1709,SNDECV7CCGVPTAK4,../data/images/SNDECV7CCGVPTAK4.jpg
1710,SHOEGAJFAU2N5RUR,../data/images/SHOEGAJFAU2N5RUR.jpg
1711,SNDE2RXYKZZAMNGT,../data/images/SNDE2RXYKZZAMNGT.jpg
1712,SNDE8TQC4UGDTQMP,../data/images/SNDE8TQC4UGDTQMP.jpg
1713,SHOEG7NXNBF9PPJV,../data/images/SHOEG7NXNBF9PPJV.jpg
1714,SHOEAEPEW8USADYE,../data/images/SHOEAEPEW8USADYE.jpg
1715,SHOEJ3AZDMUAUMMY,../data/images/SHOEJ3AZDMUAUMMY.jpg
1716,SNDE9G8EHTUXGSWF,../data/images/SNDE9G8EHTUXGSWF.jpg
1717,SPMDHEZ4GT8R8HCH,../data/images/SPMDHEZ4GT8R8HCH.jpg
1718,SHOEJUQGGZQPCVYE,../data/images/SHOEJUQGGZQPCVYE.jpg
1719,SFFEHWF4HP7HGYUH,../data/images/SFFEHWF4HP7HGYUH.jpg
1720,SHOEY7HYNUXSNAT7,../data/images/SHOEY7HYNUXSNAT7.jpg
1721,SNDEY6HQWYYVMQUG,../data/images/SNDEY6HQWYYVMQUG.jpg
1722,SNDEYVXWYMSUHCF4,../data/images/SNDEYVXWYMSUHCF4.jpg
1723,SNDEF3HVZW4NPVCN,../data/images/SNDEF3HVZW4NPVCN.jpg
1724,SNDEBR4ETGGZWASZ,../data/images/SNDEBR4ETGGZWASZ.jpg
1725,SHOEE5SYZX3RXYFU,../data/images/SHOEE5SYZX3RXYFU.jpg
1726,SHOECQQFS9D6CFNC,../data/images/SHOECQQFS9D6CFNC.jpg
1727,SHOE28TKBXVEFWZM,../data/images/SHOE28TKBXVEFWZM.jpg
1728,SNDDZK9YVB2HNF8R,../data/images/SNDDZK9YVB2HNF8R.jpg
1729,SHOEJQCKU9ZRGJT8,../data/images/SHOEJQCKU9ZRGJT8.jpg
1730,SNDEJZ2JX5NNPREZ,../data/images/SNDEJZ2JX5NNPREZ.jpg
1731,SHOECVMMYCMGFZZP,../data/images/SHOECVMMYCMGFZZP.jpg
1732,SHOEATSZWUNKW8ZK,../data/images/SHOEATSZWUNKW8ZK.jpg
1733,SNDEDGQFFJXGUETF,../data/images/SNDEDGQFFJXGUETF.jpg
1734,SNDECS3EYTMGYU3F,../data/images/SNDECS3EYTMGYU3F.jpg
1735,SHOE7CHXZ6MEYZNW,../data/images/SHOE7CHXZ6MEYZNW.jpg
1736,SFFEHUBYNBCUKGTD,../data/images/SFFEHUBYNBCUKGTD.jpg
1737,SHOEBZ3DYJZDTGAP,../data/images/SHOEBZ3DYJZDTGAP.jpg
1738,SFFEH2FGDBS7DMQK,../data/images/SFFEH2FGDBS7DMQK.jpg
1739,SHOE38Z4XMXFASBV,../data/images/SHOE38Z4XMXFASBV.jpg
1740,SHOEJ5YSJMX2HXRF,../data/images/SHOEJ5YSJMX2HXRF.jpg
1741,SHODUMFYYW5YGRQN,../data/images/SHODUMFYYW5YGRQN.jpg
1742,SNDEFNNDTQUEBB6D,../data/images/SNDEFNNDTQUEBB6D.jpg
1743,SHOE89XZZKW8GACG,../data/images/SHOE89XZZKW8GACG.jpg
1744,SHOEBG79YJZD9C33,../data/images/SHOEBG79YJZD9C33.jpg
1745,SNDEHKGNTBHM4MZD,../data/images/SNDEHKGNTBHM4MZD.jpg
1746,SHOECQQFYNSCRFBR,../data/images/SHOECQQFYNSCRFBR.jpg
1747,SHOE7NJSGVYAUEGN,../data/images/SHOE7NJSGVYAUEGN.jpg
1748,SNDEYPJZYXEV7D3D,../data/images/SNDEYPJZYXEV7D3D.jpg
1749,SHODPH4GZWVXE5RB,../data/images/SHODPH4GZWVXE5RB.jpg
1750,SHOECXZEFH55CZT9,../data/images/SHOECXZEFH55CZT9.jpg
1751,SNDE2ZZZTRZ6HHFW,../data/images/SNDE2ZZZTRZ6HHFW.jpg
1752,SHOECNQAQT4QK6UA,../data/images/SHOECNQAQT4QK6UA.jpg
1753,SHOE46TFXDGTPGX6,../data/images/SHOE46TFXDGTPGX6.jpg
1754,SNDEHZPDYWFY44PF,../data/images/SNDEHZPDYWFY44PF.jpg
1755,SHOECNQR5ZPRMBBX,../data/images/SHOECNQR5ZPRMBBX.jpg
1756,SHOE4K54VP44KTZK,../data/images/SHOE4K54VP44KTZK.jpg
1757,SNDEDKKXMX8ZGVQR,../data/images/SNDEDKKXMX8ZGVQR.jpg
1758,SHOEAJHWVZFDFTFZ,../data/images/SHOEAJHWVZFDFTFZ.jpg
1759,SNDEJTZYMNA2YHYY,../data/images/SNDEJTZYMNA2YHYY.jpg
1760,SNDE9X9DWFGHFGCH,../data/images/SNDE9X9DWFGHFGCH.jpg
1761,SHOE7ZK8M2Q4EJYD,../data/images/SHOE7ZK8M2Q4EJYD.jpg
1762,SHOE53GTNBHWXQ3M,../data/images/SHOE53GTNBHWXQ3M.jpg
1763,SNDE69H7RHFAUARF,../data/images/SNDE69H7RHFAUARF.jpg
1764,SNDEJQ79E7U8MQKG,../data/images/SNDEJQ79E7U8MQKG.jpg
1765,SNDE7NSTNHAEACGG,../data/images/SNDE7NSTNHAEACGG.jpg
1766,SHOE2FQCE3QFC8ZM,../data/images/SHOE2FQCE3QFC8ZM.jpg
1767,SNDEEAFUSGWPCYSS,../data/images/SNDEEAFUSGWPCYSS.jpg
1768,SNDEDKKWEAFRMDR9,../data/images/SNDEDKKWEAFRMDR9.jpg
1769,SHOECS7EXZXZSWHW,../data/images/SHOECS7EXZXZSWHW.jpg
1770,SHOE3TZMQHKWG7TT,../data/images/SHOE3TZMQHKWG7TT.jpg
1771,SNDEC87JCXXKG9HJ,../data/images/SNDEC87JCXXKG9HJ.jpg
1772,SNDE3TJT5MNHBFJB,../data/images/SNDE3TJT5MNHBFJB.jpg
1773,SNDE6ZCMAB4KCF5B,../data/images/SNDE6ZCMAB4KCF5B.jpg
1774,SNDEJU7GHGYTX7VM,../data/images/SNDEJU7GHGYTX7VM.jpg
1775,SHOEY8RMVZV3UY3A,../data/images/SHOEY8RMVZV3UY3A.jpg
1776,SNDEBZY2BFKZCYPP,../data/images/SNDEBZY2BFKZCYPP.jpg
1777,SNDE93J4NRPZAC2S,../data/images/SNDE93J4NRPZAC2S.jpg
1778,SHOECP78YDYPYPSE,../data/images/SHOECP78YDYPYPSE.jpg
1779,SNDDXFDZNYWTHZX6,../data/images/SNDDXFDZNYWTHZX6.jpg
1780,SNDEJSGGFRNWVAZS,../data/images/SNDEJSGGFRNWVAZS.jpg
1781,SNDEYTSCGHWWHG89,../data/images/SNDEYTSCGHWWHG89.jpg
1782,SHOECKEYCF73BXZX,../data/images/SHOECKEYCF73BXZX.jpg
1783,SHOE7DJBEPYGQPHF,../data/images/SHOE7DJBEPYGQPHF.jpg
1784,SNDE28TUKXHH5ZEW,../data/images/SNDE28TUKXHH5ZEW.jpg
1785,SNDE6J96URNBNUZH,../data/images/SNDE6J96URNBNUZH.jpg
1786,SHOEBGHQTJJFUYSY,../data/images/SHOEBGHQTJJFUYSY.jpg
1787,SNDEA5EG9KPNG38S,../data/images/SNDEA5EG9KPNG38S.jpg
1788,SFFEGGPCZJ5D8D6C,../data/images/SFFEGGPCZJ5D8D6C.jpg
1789,SHOEGMU3WHYEZGZT,../data/images/SHOEGMU3WHYEZGZT.jpg
1790,SHOE8N3C54FMBKQH,../data/images/SHOE8N3C54FMBKQH.jpg
1791,SHOECUZVWQRHBY3C,../data/images/SHOECUZVWQRHBY3C.jpg
1792,SHOEGHHMQRQFGSPV,../data/images/SHOEGHHMQRQFGSPV.jpg
1793,SHOEDP7ZVGDYRAYQ,../data/images/SHOEDP7ZVGDYRAYQ.jpg
1794,SHOE9TBZFYZQGYRT,../data/images/SHOE9TBZFYZQGYRT.jpg
1795,SNDEEFTGGBDEG7AR,../data/images/SNDEEFTGGBDEG7AR.jpg
1796,SHOE3PFHZMH9RZGY,../data/images/SHOE3PFHZMH9RZGY.jpg
1797,SHOEFECFE5BHMYZA,../data/images/SHOEFECFE5BHMYZA.jpg
1798,SNDEBN35NMSCC52E,../data/images/SNDEBN35NMSCC52E.jpg
1799,SNDEDNFG7ZNRNAGM,../data/images/SNDEDNFG7ZNRNAGM.jpg
1800,SFFEHW2MKEGWVDEV,../data/images/SFFEHW2MKEGWVDEV.jpg
1801,SNDEDN5EEBUV9JYZ,../data/images/SNDEDN5EEBUV9JYZ.jpg
1802,SHOEHY9DYP2HYTSZ,../data/images/SHOEHY9DYP2HYTSZ.jpg
1803,SFFEJT5THKSESHQJ,../data/images/SFFEJT5THKSESHQJ.jpg
1804,SFFEJUBUUFGT6TYA,../data/images/SFFEJUBUUFGT6TYA.jpg
1805,SHOEC89GW4YEXFHG,../data/images/SHOEC89GW4YEXFHG.jpg
1806,SHOEGJTFGB2NEXGY,../data/images/SHOEGJTFGB2NEXGY.jpg
1807,SHOED8FAHTWYDVZP,../data/images/SHOED8FAHTWYDVZP.jpg
1808,SHOEY7HYCTPKZXUB,../data/images/SHOEY7HYCTPKZXUB.jpg
1809,SNDEJRB3ZCF39NCY,../data/images/SNDEJRB3ZCF39NCY.jpg
1810,SHOEJNSBRQE4RGRE,../data/images/SHOEJNSBRQE4RGRE.jpg
1811,SHOEDTP4GJZGKCFS,../data/images/SHOEDTP4GJZGKCFS.jpg
1812,SHOE3EZFRNXJHVDP,../data/images/SHOE3EZFRNXJHVDP.jpg
1813,SNDEBKH7XHJFKG2H,../data/images/SNDEBKH7XHJFKG2H.jpg
1814,SHODZYPRHHQWFTF9,../data/images/SHODZYPRHHQWFTF9.jpg
1815,SNDECHQMXYAEHBNH,../data/images/SNDECHQMXYAEHBNH.jpg
1816,SNDECZJR6APCXEZ4,../data/images/SNDECZJR6APCXEZ4.jpg
1817,SHOEHGYZGUHY8FFU,../data/images/SHOEHGYZGUHY8FFU.jpg
1818,SNDEAGWVFMZSWDFK,../data/images/SNDEAGWVFMZSWDFK.jpg
1819,SHOEYWFYAACHGWYJ,../data/images/SHOEYWFYAACHGWYJ.jpg
1820,SNDEAVE2U5JHRSGU,../data/images/SNDEAVE2U5JHRSGU.jpg
1821,SHOEAMEVQ7ZNVUJZ,../data/images/SHOEAMEVQ7ZNVUJZ.jpg
1822,SHODWMHHCXTD47NQ,../data/images/SHODWMHHCXTD47NQ.jpg
1823,SHOE3S9BGUAGYE5X,../data/images/SHOE3S9BGUAGYE5X.jpg
1824,SHOEHYEX8J32HYWR,../data/images/SHOEHYEX8J32HYWR.jpg
1825,SHOEAVZPFZTFHHRP,../data/images/SHOEAVZPFZTFHHRP.jpg
1826,SHOEDP8UGDTCBGDR,../data/images/SHOEDP8UGDTCBGDR.jpg
1827,SHOE2VC3UPHYRARN,../data/images/SHOE2VC3UPHYRARN.jpg
1828,SNDE9ZWFPGUPYZTK,../data/images/SNDE9ZWFPGUPYZTK.jpg
1829,SNDEASSYEX2D4H65,../data/images/SNDEASSYEX2D4H65.jpg
1830,SHOEH4FSHEDEMVTM,../data/images/SHOEH4FSHEDEMVTM.jpg
1831,SHOEBYXXAZQYTHPG,../data/images/SHOEBYXXAZQYTHPG.jpg
1832,SHOEG8BM8ZFYGPTP,../data/images/SHOEG8BM8ZFYGPTP.jpg
1833,SHOEGGNAJYRJEAM7,../data/images/SHOEGGNAJYRJEAM7.jpg
1834,SNDEDBM6YCKDKN2F,../data/images/SNDEDBM6YCKDKN2F.jpg
1835,SNDE6GEYSA2KAZZF,../data/images/SNDE6GEYSA2KAZZF.jpg
1836,SHOE7CHXSQZ2JQHD,../data/images/SHOE7CHXSQZ2JQHD.jpg
1837,SNDECCHARYUEZVVD,../data/images/SNDECCHARYUEZVVD.jpg
1838,SHOE6KNBNJ98N78B,../data/images/SHOE6KNBNJ98N78B.jpg
1839,SFFEG3FYNEASKCQK,../data/images/SFFEG3FYNEASKCQK.jpg
1840,SHOE44ZFTHMTAB6C,../data/images/SHOE44ZFTHMTAB6C.jpg
1841,SHOE9AGSGZQNEXGD,../data/images/SHOE9AGSGZQNEXGD.jpg
1842,SNDEGGTVUJZ9HB2M,../data/images/SNDEGGTVUJZ9HB2M.jpg
1843,SHOEGVQCT2ZSGUHY,../data/images/SHOEGVQCT2ZSGUHY.jpg
1844,SHOE4HKYRFPHCJWX,../data/images/SHOE4HKYRFPHCJWX.jpg
1845,SHOEGSNVQN4HAGV2,../data/images/SHOEGSNVQN4HAGV2.jpg
1846,SNDEJTZBDGZYVGG6,../data/images/SNDEJTZBDGZYVGG6.jpg
1847,SHOECT3MGNKFEDEK,../data/images/SHOECT3MGNKFEDEK.jpg
1848,SHOE2ZNKMZYQFQDV,../data/images/SHOE2ZNKMZYQFQDV.jpg
1849,SNDE9ET8T6HZQKGW,../data/images/SNDE9ET8T6HZQKGW.jpg
1850,SFFEGW39MZHHGBEF,../data/images/SFFEGW39MZHHGBEF.jpg
1851,SNDEDGMDSPZY9PCZ,../data/images/SNDEDGMDSPZY9PCZ.jpg
1852,SHOEHYBHTYSXZJYZ,../data/images/SHOEHYBHTYSXZJYZ.jpg
1853,SNDEHZKGKGHDFG57,../data/images/SNDEHZKGKGHDFG57.jpg
1854,SNDEAK7FMEZQD9Y3,../data/images/SNDEAK7FMEZQD9Y3.jpg
1855,SHOEGZ7FYFFSFKHY,../data/images/SHOEGZ7FYFFSFKHY.jpg
1856,SNDEGAJFFK2KKKRF,../data/images/SNDEGAJFFK2KKKRF.jpg
1857,SHOEFAJ5TYC2JMCH,../data/images/SHOEFAJ5TYC2JMCH.jpg
1858,SHOEF9G8NSYGZW8W,../data/images/SHOEF9G8NSYGZW8W.jpg
1859,SNDE7ZK8EPDFJKU3,../data/images/SNDE7ZK8EPDFJKU3.jpg
1860,SFFEHVAVYGCD3HSD,../data/images/SFFEHVAVYGCD3HSD.jpg
1861,SHOEBYZGZ682N4K2,../data/images/SHOEBYZGZ682N4K2.jpg
1862,SNDE33WXXFHJUZPD,../data/images/SNDE33WXXFHJUZPD.jpg
1863,SNDEAN43TPETYTYJ,../data/images/SNDEAN43TPETYTYJ.jpg
1864,SHOECGUPWQRCNAHR,../data/images/SHOECGUPWQRCNAHR.jpg
1865,SHOEDZZEHQZCRHES,../data/images/SHOEDZZEHQZCRHES.jpg
1866,SHODX6XFHPZUHNDX,../data/images/SHODX6XFHPZUHNDX.jpg
1867,SHOEEPF8KWHTJ9A7,../data/images/SHOEEPF8KWHTJ9A7.jpg
1868,SNDECRS4KZZZZN2A,../data/images/SNDECRS4KZZZZN2A.jpg
1869,SFFE7BG5FK8KG25T,../data/images/SFFE7BG5FK8KG25T.jpg
1870,SNDEJZ2JJKS6YGYZ,../data/images/SNDEJZ2JJKS6YGYZ.jpg
1871,SNDEHZPDGAZBWJTM,../data/images/SNDEHZPDGAZBWJTM.jpg
1872,SNDEAK7EKNJJ55UV,../data/images/SNDEAK7EKNJJ55UV.jpg
1873,SHOE558ZNZWGFGPF,../data/images/SHOE558ZNZWGFGPF.jpg
1874,SNDE6S7NZTD7QQ7M,../data/images/SNDE6S7NZTD7QQ7M.jpg
1875,SNDEJTNXZ6YGMZMZ,../data/images/SNDEJTNXZ6YGMZMZ.jpg
1876,SNDE62UFPXUNHGGF,../data/images/SNDE62UFPXUNHGGF.jpg
1877,SHOEJWAYZBFHTGBS,../data/images/SHOEJWAYZBFHTGBS.jpg
1878,SNDEFDZQYAQFRFHE,../data/images/SNDEFDZQYAQFRFHE.jpg
1879,SHOECFAQWZSP3SS2,../data/images/SHOECFAQWZSP3SS2.jpg
1880,SHOEHYEY6GJVURAS,../data/images/SHOEHYEY6GJVURAS.jpg
1881,SNDECCCGM2TCHBWG,../data/images/SNDECCCGM2TCHBWG.jpg
1882,SHOEH4KM2W3Z6EH5,../data/images/SHOEH4KM2W3Z6EH5.jpg
1883,SNDEG6EFWGBCURUT,../data/images/SNDEG6EFWGBCURUT.jpg
1884,SHOE2MCJC5DUUBTY,../data/images/SHOE2MCJC5DUUBTY.jpg
1885,SHOEYAYFZYJEK2TN,../data/images/SHOEYAYFZYJEK2TN.jpg
1886,SNDECMEPKYBCWJYB,../data/images/SNDECMEPKYBCWJYB.jpg
1887,SNDEGFJ2GD5GWVSH,../data/images/SNDEGFJ2GD5GWVSH.jpg
1888,SHOE68H4XCVXBAH9,../data/images/SHOE68H4XCVXBAH9.jpg
1889,SHOEJCKBGJGZQJHN,../data/images/SHOEJCKBGJGZQJHN.jpg
1890,SFFEHBHYHYFGY63U,../data/images/SFFEHBHYHYFGY63U.jpg
1891,SHODUMFYM8ZHSJBG,../data/images/SHODUMFYM8ZHSJBG.jpg
1892,SNDEHKGN4HC92GR3,../data/images/SNDEHKGN4HC92GR3.jpg
1893,SNDE7DZGGD2JVRBN,../data/images/SNDE7DZGGD2JVRBN.jpg
1894,SFFEJNR6SC9V3ZQK,../data/images/SFFEJNR6SC9V3ZQK.jpg
1895,SHOE68NHF93EP4VH,../data/images/SHOE68NHF93EP4VH.jpg
1896,SNDECHQM4CGAXJXW,../data/images/SNDECHQM4CGAXJXW.jpg
1897,SHOEJKQNFKGHKDWS,../data/images/SHOEJKQNFKGHKDWS.jpg
1898,SNDEYFWRUAVG9HGX,../data/images/SNDEYFWRUAVG9HGX.jpg
1899,SNDEBDGSBAGMVRBE,../data/images/SNDEBDGSBAGMVRBE.jpg
1900,SHOEC89YJYEHBW2C,../data/images/SHOEC89YJYEHBW2C.jpg
1901,SHOEGHEEEZETGJNZ,../data/images/SHOEGHEEEZETGJNZ.jpg
1902,SNDEE34XM8XB6ZEX,../data/images/SNDEE34XM8XB6ZEX.jpg
1903,SFFEGKYYDWTZTEQC,../data/images/SFFEGKYYDWTZTEQC.jpg
1904,SHODZKAZZGGBSXFD,../data/images/SHODZKAZZGGBSXFD.jpg
1905,SHOEF9G8X3SG6GHX,../data/images/SHOEF9G8X3SG6GHX.jpg
1906,SHOE6XNZAFUF2SHZ,../data/images/SHOE6XNZAFUF2SHZ.jpg
1907,SNDEDSCEVHNXMTKU,../data/images/SNDEDSCEVHNXMTKU.jpg
1908,SHOEF9G8Z4ZXF6WE,../data/images/SHOEF9G8Z4ZXF6WE.jpg
1909,SHOEYVXVYAVXACCW,../data/images/SHOEYVXVYAVXACCW.jpg
1910,SHOEC9FZ7W9HTAQG,../data/images/SHOEC9FZ7W9HTAQG.jpg
1911,SNDEHJ6ABUB763MD,../data/images/SNDEHJ6ABUB763MD.jpg
1912,SHOECXPHZSFGQEZZ,../data/images/SHOECXPHZSFGQEZZ.jpg
1913,SHOEJRF2TEXACAKZ,../data/images/SHOEJRF2TEXACAKZ.jpg
1914,SFFEHK9JZTUFV3HN,../data/images/SFFEHK9JZTUFV3HN.jpg
1915,SHOED6K6Z3G5DCGB,../data/images/SHOED6K6Z3G5DCGB.jpg
1916,SHOEG9JCNHTZQESY,../data/images/SHOEG9JCNHTZQESY.jpg
1917,SNDE6AKUC72HPWZF,../data/images/SNDE6AKUC72HPWZF.jpg
1918,SHOECKEYFVTA6E8S,../data/images/SHOECKEYFVTA6E8S.jpg
1919,SHOEC9FZZGGADEFJ,../data/images/SHOEC9FZZGGADEFJ.jpg
1920,SNDEJQ7Y56BXHTNM,../data/images/SNDEJQ7Y56BXHTNM.jpg
1921,SHODRWMX6YFTNG8V,../data/images/SHODRWMX6YFTNG8V.jpg
1922,SFFEG763F38URMXA,../data/images/SFFEG763F38URMXA.jpg
1923,SFFEH2FGABYNF47W,../data/images/SFFEH2FGABYNF47W.jpg
1924,SNDE7TAAH9FE5T99,../data/images/SNDE7TAAH9FE5T99.jpg
1925,SNDEEF4THKPERDG9,../data/images/SNDEEF4THKPERDG9.jpg
1926,SNDE7UFUESQ8B3HT,../data/images/SNDE7UFUESQ8B3HT.jpg
1927,SHOEGHHGGDVFZEZG,../data/images/SHOEGHHGGDVFZEZG.jpg
1928,SNDE9GRQJQQ76ESA,../data/images/SNDE9GRQJQQ76ESA.jpg
1929,SNDEGFJQBJWUCSHS,../data/images/SNDEGFJQBJWUCSHS.jpg
1930,SHOEFAJ5M668K6ZQ,../data/images/SHOEFAJ5M668K6ZQ.jpg
1931,SNDE8X2RJ4GBHSCN,../data/images/SNDE8X2RJ4GBHSCN.jpg
1932,SHOE96Z9KHM4WGAA,../data/images/SHOE96Z9KHM4WGAA.jpg
1933,SHOECH3WZHFCVZWU,../data/images/SHOECH3WZHFCVZWU.jpg
1934,SHOEJTNN3EATFHFG,../data/images/SHOEJTNN3EATFHFG.jpg
1935,SHODYQDHGGG4CZPW,../data/images/SHODYQDHGGG4CZPW.jpg
1936,SNDEAK7FSYH3XPM6,../data/images/SNDEAK7FSYH3XPM6.jpg
1937,SNDECHQMUCZFXXHZ,../data/images/SNDECHQMUCZFXXHZ.jpg
1938,SNDECYKYAECBGGAW,../data/images/SNDECYKYAECBGGAW.jpg
1939,SHOEBP66SBGGU9ZY,../data/images/SHOEBP66SBGGU9ZY.jpg
1940,SNDE2PQ45GJSGYKB,../data/images/SNDE2PQ45GJSGYKB.jpg
1941,SHOEBG6ZS2YREWHD,../data/images/SHOEBG6ZS2YREWHD.jpg
1942,SHOE5QZ2KHYSXCZR,../data/images/SHOE5QZ2KHYSXCZR.jpg
1943,SHOE356K9ZRUHW5N,../data/images/SHOE356K9ZRUHW5N.jpg
1944,SHOE7FC8SKGXN3YZ,../data/images/SHOE7FC8SKGXN3YZ.jpg
1945,SNDEDG6HNGZDZXBV,../data/images/SNDEDG6HNGZDZXBV.jpg
1946,SHOEC89HYNZUDXRY,../data/images/SHOEC89HYNZUDXRY.jpg
1947,SNDEDZADYMGG9PYH,../data/images/SNDEDZADYMGG9PYH.jpg
1948,SHOE2FQDMSCWNPHG,../data/images/SHOE2FQDMSCWNPHG.jpg
1949,SHOEYB2FN5Y2FH7N,../data/images/SHOEYB2FN5Y2FH7N.jpg
1950,SNDEDG6HF8EDVZTV,../data/images/SNDEDG6HF8EDVZTV.jpg
1951,SHOEAVPFUVHJJRHT,../data/images/SHOEAVPFUVHJJRHT.jpg
1952,SNDE85CH2PN36BUZ,../data/images/SNDE85CH2PN36BUZ.jpg
1953,SNDE6VTHVHHK7KKF,../data/images/SNDE6VTHVHHK7KKF.jpg
1954,SHOEE3GGSRHDHGYQ,../data/images/SHOEE3GGSRHDHGYQ.jpg
1955,SNDEAK7EXPF32JJT,../data/images/SNDEAK7EXPF32JJT.jpg
1956,SNDECHZFESTFWGTA,../data/images/SNDECHZFESTFWGTA.jpg
1957,SHOE9QFGHVY9TFGH,../data/images/SHOE9QFGHVY9TFGH.jpg
1958,SNDEJPZMCWYT5QRW,../data/images/SNDEJPZMCWYT5QRW.jpg
1959,SHOEGWVEARZFYHUZ,../data/images/SHOEGWVEARZFYHUZ.jpg
1960,SNDE8X2SFWGEZS6Z,../data/images/SNDE8X2SFWGEZS6Z.jpg
1961,SHOEBYWT3QBBAVXJ,../data/images/SHOEBYWT3QBBAVXJ.jpg
1962,SNDEHYMW2V3UDM7W,../data/images/SNDEHYMW2V3UDM7W.jpg
1963,SHOEHXFXHX4ZCUX2,../data/images/SHOEHXFXHX4ZCUX2.jpg
1964,SNDEBHZUXA7JDEZZ,../data/images/SNDEBHZUXA7JDEZZ.jpg
1965,SHOEYAYFVXGSD6ES,../data/images/SHOEYAYFVXGSD6ES.jpg
1966,SFFEHF8EGEZHGVQ8,../data/images/SFFEHF8EGEZHGVQ8.jpg
1967,SNDDPXG7SGBHW6AF,../data/images/SNDDPXG7SGBHW6AF.jpg
1968,SNDE3HY2585EXR3W,../data/images/SNDE3HY2585EXR3W.jpg
1969,SHOEYM7YWCPEYNFZ,../data/images/SHOEYM7YWCPEYNFZ.jpg
1970,SHOEHU78QSSGMYKN,../data/images/SHOEHU78QSSGMYKN.jpg
1971,SHOEJKSFUHKSZHUG,../data/images/SHOEJKSFUHKSZHUG.jpg
1972,SNDEAN43ZMSHVGFV,../data/images/SNDEAN43ZMSHVGFV.jpg
1973,SHOEBBWKYRZHMMZN,../data/images/SHOEBBWKYRZHMMZN.jpg
1974,SNDEHZSMAVZYGYXX,../data/images/SNDEHZSMAVZYGYXX.jpg
1975,SHOEGHZZ2FP7BNGU,../data/images/SHOEGHZZ2FP7BNGU.jpg
1976,SHOEY7HYGM3ZTQZX,../data/images/SHOEY7HYGM3ZTQZX.jpg
1977,SNDEHTGCH7GVZGZF,../data/images/SNDEHTGCH7GVZGZF.jpg
1978,SHOEDP7ZGYFKGWNH,../data/images/SHOEDP7ZGYFKGWNH.jpg
1979,SNDEHWJCAYMKQGRT,../data/images/SNDEHWJCAYMKQGRT.jpg
1980,SNDED4G9SBG4BZY7,../data/images/SNDED4G9SBG4BZY7.jpg
1981,SNDEAN42AC9BKMHR,../data/images/SNDEAN42AC9BKMHR.jpg
1982,SHOE3URGYEVZ55GD,../data/images/SHOE3URGYEVZ55GD.jpg
1983,SHOE56FQQKESCGUG,../data/images/SHOE56FQQKESCGUG.jpg
1984,SHOEB33YYBM4UZSX,../data/images/SHOEB33YYBM4UZSX.jpg
1985,SHOE2QSWZZFSCHAJ,../data/images/SHOE2QSWZZFSCHAJ.jpg
1986,SHOED5DC2GSMQMHU,../data/images/SHOED5DC2GSMQMHU.jpg
1987,SNDE3UG82VHVW5EX,../data/images/SNDE3UG82VHVW5EX.jpg
1988,SNDEBJGXWMQBH98F,../data/images/SNDEBJGXWMQBH98F.jpg
1989,SHOEG52R2AKHFYHH,../data/images/SHOEG52R2AKHFYHH.jpg
1990,SFFEGJZHZPYSE7YD,../data/images/SFFEGJZHZPYSE7YD.jpg
1991,SHOE5QZYBEWT53HQ,../data/images/SHOE5QZYBEWT53HQ.jpg
1992,SHOEAEWUYGC3HPFN,../data/images/SHOEAEWUYGC3HPFN.jpg
1993,SHOE84EAMMT8WBW9,../data/images/SHOE84EAMMT8WBW9.jpg
1994,SHOEAGUMMWFABHUT,../data/images/SHOEAGUMMWFABHUT.jpg
1995,SHOE6VH4NXCGQH9U,../data/images/SHOE6VH4NXCGQH9U.jpg
1996,SHOE794VVTGBADKW,../data/images/SHOE794VVTGBADKW.jpg
1997,SNDE9BGFRGS9WJTV,../data/images/SNDE9BGFRGS9WJTV.jpg
1998,SHOE3S9B2TDHEQDU,../data/images/SHOE3S9B2TDHEQDU.jpg
1999,SNDE8VY9K2JGMJJZ,../data/images/SNDE8VY9K2JGMJJZ.jpg
2000,SNDEFS7QNHMY8NG7,../data/images/SNDEFS7QNHMY8NG7.jpg
2001,SHOEFZFHGGMUSMDK,../data/images/SHOEFZFHGGMUSMDK.jpg
2002,SHOEF8NHSDK8CXTC,../data/images/SHOEF8NHSDK8CXTC.jpg
2003,SNDECHZ6GBPCTXXT,../data/images/SNDECHZ6GBPCTXXT.jpg
2004,SNDEBKWJ3ZHXQGEY,../data/images/SNDEBKWJ3ZHXQGEY.jpg
2005,SHOEC88MHGKHKJHQ,../data/images/SHOEC88MHGKHKJHQ.jpg
2006,SHOE8YNTDQGYYSHR,../data/images/SHOE8YNTDQGYYSHR.jpg
2007,SNDDWSHKNEUHQSZS,../data/images/SNDDWSHKNEUHQSZS.jpg
2008,SHOECJD5WVAGAJEH,../data/images/SHOECJD5WVAGAJEH.jpg
2009,SNDE5PJGURDFBURG,../data/images/SNDE5PJGURDFBURG.jpg
2010,SHODKYZ9C3HHKA3J,../data/images/SHODKYZ9C3HHKA3J.jpg
2011,SHOE9E2PZPZFZ7BV,../data/images/SHOE9E2PZPZFZ7BV.jpg
2012,SHOECYRFRZW9KDY2,../data/images/SHOECYRFRZW9KDY2.jpg
2013,SHOEJY4FK7VKHGDS,../data/images/SHOEJY4FK7VKHGDS.jpg
2014,ACCE9DJYHYNMV3PT,../data/images/ACCE9DJYHYNMV3PT.jpg
2015,PWBEH24XHG2YBYED,../data/images/PWBEH24XHG2YBYED.jpg
2016,ACCDCMMNZWMACPQW,../data/images/ACCDCMMNZWMACPQW.jpg
2017,ACCDUV7ZFXEHS3HH,../data/images/ACCDUV7ZFXEHS3HH.jpg
2018,ACCDVHJZYPZEYNPA,../data/images/ACCDVHJZYPZEYNPA.jpg
2019,ACCE9DKA7GXK9MKT,../data/images/ACCE9DKA7GXK9MKT.jpg
2020,ACCEFMU3W9JTAHMQ,../data/images/ACCEFMU3W9JTAHMQ.jpg
2021,OTAEG356HUUGPCTU,../data/images/OTAEG356HUUGPCTU.jpg
2022,ACCE9Y6QMPYQNCBZ,../data/images/ACCE9Y6QMPYQNCBZ.jpg
2023,ACCEFH5BQF6WMYE8,../data/images/ACCEFH5BQF6WMYE8.jpg
2024,ACCEFH5BNCCAZ3HG,../data/images/ACCEFH5BNCCAZ3HG.jpg
2025,ACCE6KYGEKNVZK5W,../data/images/ACCE6KYGEKNVZK5W.jpg
2026,ACCEAMGZF5ZHHKJK,../data/images/ACCEAMGZF5ZHHKJK.jpg
2027,ACCECC2G8NHGTK44,../data/images/ACCECC2G8NHGTK44.jpg
2028,MBPEEYTZMQV5SHNX,../data/images/MBPEEYTZMQV5SHNX.jpg
2029,ACCDVHJPFPBNPJWG,../data/images/ACCDVHJPFPBNPJWG.jpg
2030,ACCEAZCVS4YGWUVH,../data/images/ACCEAZCVS4YGWUVH.jpg
2031,ACCEGH6RNERXNQHW,../data/images/ACCEGH6RNERXNQHW.jpg
2032,ACCEGMPSDVAVNFPM,../data/images/ACCEGMPSDVAVNFPM.jpg
2033,ACCEA4DZW8SPZG8W,../data/images/ACCEA4DZW8SPZG8W.jpg
2034,MBPEJMV6ADZK33SF,../data/images/MBPEJMV6ADZK33SF.jpg
2035,ACCE6SJGZYJVZJZ9,../data/images/ACCE6SJGZYJVZJZ9.jpg
2036,ACCECRF7VSPDYQKU,../data/images/ACCECRF7VSPDYQKU.jpg
2037,ACCEGYP2DUKTZP9H,../data/images/ACCEGYP2DUKTZP9H.jpg
2038,ACCEFH5BGZHNGHBX,../data/images/ACCEFH5BGZHNGHBX.jpg
2039,ACCE9DJPQ29YN5JY,../data/images/ACCE9DJPQ29YN5JY.jpg
2040,ACCEGR4DQFCCXNH8,../data/images/ACCEGR4DQFCCXNH8.jpg
2041,ACCE9DJTEHXUGPCG,../data/images/ACCE9DJTEHXUGPCG.jpg
2042,ACCE9WVGYZSX5FG2,../data/images/ACCE9WVGYZSX5FG2.jpg
2043,ACCEYSQ9ZP8B9ZE8,../data/images/ACCEYSQ9ZP8B9ZE8.jpg
2044,ACCE6BHRE3QKFRJJ,../data/images/ACCE6BHRE3QKFRJJ.jpg
2045,ACCE9Z5RNSEQZHSR,../data/images/ACCE9Z5RNSEQZHSR.jpg
2046,ACCE7XGJXH9JZG59,../data/images/ACCE7XGJXH9JZG59.jpg
2047,ACCEB7BXG7FS2EHS,../data/images/ACCEB7BXG7FS2EHS.jpg
2048,ACCE9ZY9DEZFVYXG,../data/images/ACCE9ZY9DEZFVYXG.jpg
2049,MPLEJEG8SDGZ4GGP,../data/images/MPLEJEG8SDGZ4GGP.jpg
2050,ACCE9DJS9XRHM8T2,../data/images/ACCE9DJS9XRHM8T2.jpg
2051,ACCE9ZY9TEGEBGHP,../data/images/ACCE9ZY9TEGEBGHP.jpg
2052,ACCDUFZGNYNJMHGY,../data/images/ACCDUFZGNYNJMHGY.jpg
2053,ACCECZTCGM5QTWWF,../data/images/ACCECZTCGM5QTWWF.jpg
2054,SSKEJ5UHZAZVTC6H,../data/images/SSKEJ5UHZAZVTC6H.jpg
2055,ACCDUV7ZK6CYBYTG,../data/images/ACCDUV7ZK6CYBYTG.jpg
2056,ACCDRSJRAKAQZK2V,../data/images/ACCDRSJRAKAQZK2V.jpg
2057,ACCDRFVG52PHVRSK,../data/images/ACCDRFVG52PHVRSK.jpg
2058,ACCE9DK43KGQXFMY,../data/images/ACCE9DK43KGQXFMY.jpg
2059,ACCE2A66GHHRYZZW,../data/images/ACCE2A66GHHRYZZW.jpg
2060,ACCEGWTYBXCTU25E,../data/images/ACCEGWTYBXCTU25E.jpg
2061,ACCE9Z4KQXADV2KY,../data/images/ACCE9Z4KQXADV2KY.jpg
2062,ACCE7JHZ5J7GZQUH,../data/images/ACCE7JHZ5J7GZQUH.jpg
2063,ACCEAC4QAWFJEFYN,../data/images/ACCEAC4QAWFJEFYN.jpg
2064,ACCE6P3BKHFJ5XCZ,../data/images/ACCE6P3BKHFJ5XCZ.jpg
2065,ACCE6SJGJRJB73ZR,../data/images/ACCE6SJGJRJB73ZR.jpg
2066,ACCEA4F3EBFDT4HX,../data/images/ACCEA4F3EBFDT4HX.jpg
2067,ACCE9E2RYP2JXVBY,../data/images/ACCE9E2RYP2JXVBY.jpg
2068,ACCEA4DZBHA7WNZK,../data/images/ACCEA4DZBHA7WNZK.jpg
2069,ACCEJUD92GWTPCN2,../data/images/ACCEJUD92GWTPCN2.jpg
2070,ACCE6DZCGNZWZJYR,../data/images/ACCE6DZCGNZWZJYR.jpg
2071,ACCE6SJGW5HSKZGK,../data/images/ACCE6SJGW5HSKZGK.jpg
2072,ACCEGH6SPZF3AHH6,../data/images/ACCEGH6SPZF3AHH6.jpg
2073,ACCDVHJZTAKZGMN4,../data/images/ACCDVHJZTAKZGMN4.jpg
2074,ACCEA4BDCWQHDNMU,../data/images/ACCEA4BDCWQHDNMU.jpg
2075,ACCE6GFCDHGGMHN5,../data/images/ACCE6GFCDHGGMHN5.jpg
2076,ACCEB5SDSFFZZDNG,../data/images/ACCEB5SDSFFZZDNG.jpg
2077,ACCE9YWXVFTHQHJ2,../data/images/ACCE9YWXVFTHQHJ2.jpg
2078,ACCEGR4KPQS9XQWB,../data/images/ACCEGR4KPQS9XQWB.jpg
2079,ACCEGUY72CYWXAEW,../data/images/ACCEGUY72CYWXAEW.jpg
2080,ACCE9DKY84DAFFWH,../data/images/ACCE9DKY84DAFFWH.jpg
2081,ACCEJNF6ZRPRFFHV,../data/images/ACCEJNF6ZRPRFFHV.jpg
2082,ACCE8XZMZKPAJRGV,../data/images/ACCE8XZMZKPAJRGV.jpg
2083,ERPEGPWPBMFTQYSQ,../data/images/ERPEGPWPBMFTQYSQ.jpg
2084,ACCDZMAQ7UHXWA9P,../data/images/ACCDZMAQ7UHXWA9P.jpg
2085,ACCDZMAPDMFWAAH7,../data/images/ACCDZMAPDMFWAAH7.jpg
2086,ACCEAZCVGMG4PW37,../data/images/ACCEAZCVGMG4PW37.jpg
2087,ACCE9Z2HKDMZMDAH,../data/images/ACCE9Z2HKDMZMDAH.jpg
2088,ACCE9Y6MGZNGHGNP,../data/images/ACCE9Y6MGZNGHGNP.jpg
2089,ACCE9DKAABPBUZTZ,../data/images/ACCE9DKAABPBUZTZ.jpg
2090,ACCEABW8VUK4NHQS,../data/images/ACCEABW8VUK4NHQS.jpg
2091,ACCDAHV9MAHKZGZP,../data/images/ACCDAHV9MAHKZGZP.jpg
2092,ACCEGKFHRM4ZGYZP,../data/images/ACCEGKFHRM4ZGYZP.jpg
2093,ACCDVHJPXWFPURJA,../data/images/ACCDVHJPXWFPURJA.jpg
2094,ACCEKFVWTGZXG5XK,../data/images/ACCEKFVWTGZXG5XK.jpg
2095,ACCEA4CAN5YDCS6V,../data/images/ACCEA4CAN5YDCS6V.jpg
2096,ACCE9Y6QHUGVMMTY,../data/images/ACCE9Y6QHUGVMMTY.jpg
2097,ACCDVHJP73AHGXS9,../data/images/ACCDVHJP73AHGXS9.jpg
2098,ACCEDF7A5JEFATPG,../data/images/ACCEDF7A5JEFATPG.jpg
2099,ACCE9Y6QYCMQBRMU,../data/images/ACCE9Y6QYCMQBRMU.jpg
2100,ACCE9Y6QGXDGPUJH,../data/images/ACCE9Y6QGXDGPUJH.jpg
2101,ACCE9Y6QSQRPCFKF,../data/images/ACCE9Y6QSQRPCFKF.jpg
2102,ACCEAZCVPTGEGVMR,../data/images/ACCEAZCVPTGEGVMR.jpg
2103,ACCDVHJPTWNAWFNJ,../data/images/ACCDVHJPTWNAWFNJ.jpg
2104,ACCEGKFG5VWCR3JG,../data/images/ACCEGKFG5VWCR3JG.jpg
2105,ACCE9Z2HDVTHQHVF,../data/images/ACCE9Z2HDVTHQHVF.jpg
2106,ACCEFABMA6VHDRTY,../data/images/ACCEFABMA6VHDRTY.jpg
2107,ACCDXH5EBSDJFXHR,../data/images/ACCDXH5EBSDJFXHR.jpg
2108,ACCE9Y6PWGPX6TPJ,../data/images/ACCE9Y6PWGPX6TPJ.jpg
2109,ACCEAZCVWMCUN6MZ,../data/images/ACCEAZCVWMCUN6MZ.jpg
2110,ACCE9Y6QEZH2U5BN,../data/images/ACCE9Y6QEZH2U5BN.jpg
2111,ACCE9Y6QCYTYZV3S,../data/images/ACCE9Y6QCYTYZV3S.jpg
2112,ACCE6SJGHMB4T4WZ,../data/images/ACCE6SJGHMB4T4WZ.jpg
2113,ACCECNDZE4GSJPMV,../data/images/ACCECNDZE4GSJPMV.jpg
2114,ACCE7JHZMA2KSPC2,../data/images/ACCE7JHZMA2KSPC2.jpg
2115,ACCE2MAACQGGCZHS,../data/images/ACCE2MAACQGGCZHS.jpg
2116,ACCE6GFEGKV3AXCG,../data/images/ACCE6GFEGKV3AXCG.jpg
2117,ACCEDTNRADHZ35UD,../data/images/ACCEDTNRADHZ35UD.jpg
2118,ACCE9DJRHGN5TDZM,../data/images/ACCE9DJRHGN5TDZM.jpg
2119,ACCE9DJNFUNKKWZZ,../data/images/ACCE9DJNFUNKKWZZ.jpg
2120,ACCE6GFGHGCX46VF,../data/images/ACCE6GFGHGCX46VF.jpg
2121,ACCE9Y6QMFM6FF8M,../data/images/ACCE9Y6QMFM6FF8M.jpg
2122,ACCEAHRFFH3S7HFF,../data/images/ACCEAHRFFH3S7HFF.jpg
2123,ACCEGKFGE9EGBSBZ,../data/images/ACCEGKFGE9EGBSBZ.jpg
2124,ACCE9YGG3X5HNMRQ,../data/images/ACCE9YGG3X5HNMRQ.jpg
2125,ACCED9SYZRBJTZYP,../data/images/ACCED9SYZRBJTZYP.jpg
2126,ACCEC87TREZYJJPE,../data/images/ACCEC87TREZYJJPE.jpg
2127,ACCEFH5CKGYGMMNH,../data/images/ACCEFH5CKGYGMMNH.jpg
2128,ACCE6SJGGXPUXDGJ,../data/images/ACCE6SJGGXPUXDGJ.jpg
2129,ACCEBVT585S73BEW,../data/images/ACCEBVT585S73BEW.jpg
2130,ACCE6SJGGZHTGHKN,../data/images/ACCE6SJGGZHTGHKN.jpg
2131,ACCECMYMWEKHADVG,../data/images/ACCECMYMWEKHADVG.jpg
2132,ACCE9WVGMFMTASR2,../data/images/ACCE9WVGMFMTASR2.jpg
2133,ACCDVHJPEVANMBVC,../data/images/ACCDVHJPEVANMBVC.jpg
2134,ACCEFYBA2PKGHQAB,../data/images/ACCEFYBA2PKGHQAB.jpg
2135,ACCDUV7ZMDFYCEKD,../data/images/ACCDUV7ZMDFYCEKD.jpg
2136,ACCDUV7ZGSAHDAMB,../data/images/ACCDUV7ZGSAHDAMB.jpg
2137,ACCEAZCVABRA3MXR,../data/images/ACCEAZCVABRA3MXR.jpg
2138,ACCEA4DZQGWAG8SJ,../data/images/ACCEA4DZQGWAG8SJ.jpg
2139,ACCDUFZGPZPYYWDT,../data/images/ACCDUFZGPZPYYWDT.jpg
2140,ACCE9YWXSSSVBKAC,../data/images/ACCE9YWXSSSVBKAC.jpg
2141,ACCEF7Y8FWFQZZZG,../data/images/ACCEF7Y8FWFQZZZG.jpg
2142,ACCEAZCVJZFACTYS,../data/images/ACCEAZCVJZFACTYS.jpg
2143,ACCE9Z5US7JYNUPB,../data/images/ACCE9Z5US7JYNUPB.jpg
2144,ACCEDV26ZN5K4GDN,../data/images/ACCEDV26ZN5K4GDN.jpg
2145,ACCEGW4XAYHJNZEA,../data/images/ACCEGW4XAYHJNZEA.jpg
2146,ACCE4HJZJYY9TWVF,../data/images/ACCE4HJZJYY9TWVF.jpg
2147,ACCE9Y6M2JWF5CYX,../data/images/ACCE9Y6M2JWF5CYX.jpg
2148,ACCE5Y8WYHZFUASN,../data/images/ACCE5Y8WYHZFUASN.jpg
2149,ACCE9Y6PCTFY6NZP,../data/images/ACCE9Y6PCTFY6NZP.jpg
2150,MBPEJMV8TZQRBF9N,../data/images/MBPEJMV8TZQRBF9N.jpg
2151,ACCEDQPJNCJARHVX,../data/images/ACCEDQPJNCJARHVX.jpg
2152,ACCE9DK5H6H8K4ET,../data/images/ACCE9DK5H6H8K4ET.jpg
2153,ACCE6SJGEMKYUYZN,../data/images/ACCE6SJGEMKYUYZN.jpg
2154,ACCEGKFCXHZZH44S,../data/images/ACCEGKFCXHZZH44S.jpg
2155,ACCEBJBHE7HH67XN,../data/images/ACCEBJBHE7HH67XN.jpg
2156,ACCE9DJKRYYFFZHU,../data/images/ACCE9DJKRYYFFZHU.jpg
2157,ACCECZPPPBXPD5HJ,../data/images/ACCECZPPPBXPD5HJ.jpg
2158,ACCE9DKAHZBAEQUG,../data/images/ACCE9DKAHZBAEQUG.jpg
2159,ACCE9WVGPZPZHYZC,../data/images/ACCE9WVGPZPZHYZC.jpg
2160,ACCE2FY3GZZMWYGW,../data/images/ACCE2FY3GZZMWYGW.jpg
2161,ACCE6GFCQGEX4CDA,../data/images/ACCE6GFCQGEX4CDA.jpg
2162,ACCECNDZZGZHBUYC,../data/images/ACCECNDZZGZHBUYC.jpg
2163,ACCEFH5CHPBYVZTC,../data/images/ACCEFH5CHPBYVZTC.jpg
2164,ACCDSWHWFDAK95ZT,../data/images/ACCDSWHWFDAK95ZT.jpg
2165,ACCECA55HRCW6W8K,../data/images/ACCECA55HRCW6W8K.jpg
2166,ACCDZMAPSWMFTCTR,../data/images/ACCDZMAPSWMFTCTR.jpg
2167,ACCE6P3CAUF6GFEW,../data/images/ACCE6P3CAUF6GFEW.jpg
2168,ACCE6SJGHMWAGSMP,../data/images/ACCE6SJGHMWAGSMP.jpg
2169,ACCEGRYUMK6MDDX2,../data/images/ACCEGRYUMK6MDDX2.jpg
2170,ACCEDHZCASMFY9RR,../data/images/ACCEDHZCASMFY9RR.jpg
2171,ACCDRSJRXVUNDCBC,../data/images/ACCDRSJRXVUNDCBC.jpg
2172,ACCEDGBH5D5HBCBH,../data/images/ACCEDGBH5D5HBCBH.jpg
2173,ACCECR3MKTJYYG7B,../data/images/ACCECR3MKTJYYG7B.jpg
2174,ACCEHZF95ZRCKACD,../data/images/ACCEHZF95ZRCKACD.jpg
2175,ACCEGUY9XYXUMRDA,../data/images/ACCEGUY9XYXUMRDA.jpg
2176,ACCEFH5CTKTYBFJH,../data/images/ACCEFH5CTKTYBFJH.jpg
2177,ACCEAZCVWSQFGFSK,../data/images/ACCEAZCVWSQFGFSK.jpg
2178,ACCEAZCVKBUXGJHY,../data/images/ACCEAZCVKBUXGJHY.jpg
2179,ACCE9Y6MTDAAGNFH,../data/images/ACCE9Y6MTDAAGNFH.jpg
2180,ACCE9Y6VXWTFBXNS,../data/images/ACCE9Y6VXWTFBXNS.jpg
2181,ACCE7MAU5WRZ4VCQ,../data/images/ACCE7MAU5WRZ4VCQ.jpg
2182,ACCDX7XCTDN3EHF6,../data/images/ACCDX7XCTDN3EHF6.jpg
2183,ACCE5K5HXZHYJAHF,../data/images/ACCE5K5HXZHYJAHF.jpg
2184,ACCDXB99ZN5K9GXM,../data/images/ACCDXB99ZN5K9GXM.jpg
2185,ACCEA9K5ZCDNRGXN,../data/images/ACCEA9K5ZCDNRGXN.jpg
2186,ACCE9Y6Q2ENGYXWY,../data/images/ACCE9Y6Q2ENGYXWY.jpg
2187,ACCDXB99QHDWGPCP,../data/images/ACCDXB99QHDWGPCP.jpg
2188,ACCEGJPRSJTAGYKV,../data/images/ACCEGJPRSJTAGYKV.jpg
2189,ACCE9Y6R3QSTFYEF,../data/images/ACCE9Y6R3QSTFYEF.jpg
2190,ACCE6SJGYPXKWVX7,../data/images/ACCE6SJGYPXKWVX7.jpg
2191,ACCE9DJK2JSMNZGZ,../data/images/ACCE9DJK2JSMNZGZ.jpg
2192,ACCDVHJZGWBVPQHZ,../data/images/ACCDVHJZGWBVPQHZ.jpg
2193,ACCEABW8QWGJANDU,../data/images/ACCEABW8QWGJANDU.jpg
2194,ACCE8XZMAHNC8JVS,../data/images/ACCE8XZMAHNC8JVS.jpg
2195,ACCDXFAMJSGUGTZQ,../data/images/ACCDXFAMJSGUGTZQ.jpg
2196,ACCEGNT9BYZVJANY,../data/images/ACCEGNT9BYZVJANY.jpg
2197,ACCE9Y6RPGPSZNB3,../data/images/ACCE9Y6RPGPSZNB3.jpg
2198,ACCEDSKGPSQFT79Y,../data/images/ACCEDSKGPSQFT79Y.jpg
2199,OTAEJZF5RKHJX6HG,../data/images/OTAEJZF5RKHJX6HG.jpg
2200,ACCDCJ8AZJHY2PGF,../data/images/ACCDCJ8AZJHY2PGF.jpg
2201,ACCE6GFG5GUDHRJE,../data/images/ACCE6GFG5GUDHRJE.jpg
2202,ACCDXFAJ8NGKEQ5A,../data/images/ACCDXFAJ8NGKEQ5A.jpg
2203,ACCECZTBN76ZFNZC,../data/images/ACCECZTBN76ZFNZC.jpg
2204,ACCDXFA5QFCZZ4WZ,../data/images/ACCDXFA5QFCZZ4WZ.jpg
2205,ACCDUV7ZQJRDRS8G,../data/images/ACCDUV7ZQJRDRS8G.jpg
2206,ACCEA4CAGEJMVCXH,../data/images/ACCEA4CAGEJMVCXH.jpg
2207,ACCE9Y6M3WPVUFVZ,../data/images/ACCE9Y6M3WPVUFVZ.jpg
2208,ACCEEV5VN3XFH8CH,../data/images/ACCEEV5VN3XFH8CH.jpg
2209,ACCE5Y8G3TUZPK3C,../data/images/ACCE5Y8G3TUZPK3C.jpg
2210,ACCEE54QE6Q2XVZA,../data/images/ACCEE54QE6Q2XVZA.jpg
2211,ACCEAZCVGHVNJ5YX,../data/images/ACCEAZCVGHVNJ5YX.jpg
2212,ACCDVHJPSYXDRQZZ,../data/images/ACCDVHJPSYXDRQZZ.jpg
2213,ACCEAZCVTGP3N4TW,../data/images/ACCEAZCVTGP3N4TW.jpg
2214,ACCE9DK5ZQPQGVDV,../data/images/ACCE9DK5ZQPQGVDV.jpg
2215,ACCEKFVWGNASHCFK,../data/images/ACCEKFVWGNASHCFK.jpg
2216,ACCE9Z2HZGGRUYBE,../data/images/ACCE9Z2HZGGRUYBE.jpg
2217,ACCE9Y6Q7RNYXPQT,../data/images/ACCE9Y6Q7RNYXPQT.jpg
2218,ACCE9DJVVZT4X8ZB,../data/images/ACCE9DJVVZT4X8ZB.jpg
2219,OTAEHTCEMXR3FVVF,../data/images/OTAEHTCEMXR3FVVF.jpg
2220,ACCE9DJVMATEHFC5,../data/images/ACCE9DJVMATEHFC5.jpg
2221,ACCE9Y6WGSQ3KQWN,../data/images/ACCE9Y6WGSQ3KQWN.jpg
2222,ACCEGH6SHJECW8UG,../data/images/ACCEGH6SHJECW8UG.jpg
2223,ACCE59YXYNSCHX6J,../data/images/ACCE59YXYNSCHX6J.jpg
2224,ACCE9DJHFS9AQNFH,../data/images/ACCE9DJHFS9AQNFH.jpg
2225,ACCE9YGG4HDH4GZZ,../data/images/ACCE9YGG4HDH4GZZ.jpg
2226,ACCE9DJUGTGPS7HH,../data/images/ACCE9DJUGTGPS7HH.jpg
2227,ACCE9Y6MF8HWAQ6N,../data/images/ACCE9Y6MF8HWAQ6N.jpg
2228,ACCE9Z5RPDN3SC6G,../data/images/ACCE9Z5RPDN3SC6G.jpg
2229,ACCE6SJGP7FDHZQG,../data/images/ACCE6SJGP7FDHZQG.jpg
2230,ACCE9Y6QEZNRJ5A7,../data/images/ACCE9Y6QEZNRJ5A7.jpg
2231,ACCE9Z2HHQYKCUF9,../data/images/ACCE9Z2HHQYKCUF9.jpg
2232,ACCE6GFCFGMQV8PG,../data/images/ACCE6GFCFGMQV8PG.jpg
2233,CGPEGQYHCJABVGHZ,../data/images/CGPEGQYHCJABVGHZ.jpg
2234,ACCE6GFE64ZBRT3Z,../data/images/ACCE6GFE64ZBRT3Z.jpg
2235,ACCEJGYYYCGETMGA,../data/images/ACCEJGYYYCGETMGA.jpg
2236,ACCEJWHTY2HVMG7Z,../data/images/ACCEJWHTY2HVMG7Z.jpg
2237,ACCDUV7ZYXGM4FX3,../data/images/ACCDUV7ZYXGM4FX3.jpg
2238,ACCDXF9HT5SHRYYE,../data/images/ACCDXF9HT5SHRYYE.jpg
2239,ACCE9Y6RCNP4RQ2M,../data/images/ACCE9Y6RCNP4RQ2M.jpg
2240,ACCE6GFCZGDZFBWA,../data/images/ACCE6GFCZGDZFBWA.jpg
2241,ACCE9Y6QHSHZ6NWK,../data/images/ACCE9Y6QHSHZ6NWK.jpg
2242,ACCE9DK68KUGBEHB,../data/images/ACCE9DK68KUGBEHB.jpg
2243,ACCE9Z5U2CQZJKTY,../data/images/ACCE9Z5U2CQZJKTY.jpg
2244,ACCEEV5VVP97HRTR,../data/images/ACCEEV5VVP97HRTR.jpg
2245,ACCEA4BDBHVSGNWE,../data/images/ACCEA4BDBHVSGNWE.jpg
2246,ACCE9DJWDCSGHUXC,../data/images/ACCE9DJWDCSGHUXC.jpg
2247,ACCE6GFE3WMUHRB2,../data/images/ACCE6GFE3WMUHRB2.jpg
2248,ACCE9ZVFRF5VPGYH,../data/images/ACCE9ZVFRF5VPGYH.jpg
2249,ACCDVHJZHFJHGFHQ,../data/images/ACCDVHJZHFJHGFHQ.jpg
2250,ACCEAHRFHPRZYETJ,../data/images/ACCEAHRFHPRZYETJ.jpg
2251,ACCE9Y6M4HQRGEEQ,../data/images/ACCE9Y6M4HQRGEEQ.jpg
2252,ACCE5Y8GR7YP7WVT,../data/images/ACCE5Y8GR7YP7WVT.jpg
2253,ACCEEAMDYVBMZHYV,../data/images/ACCEEAMDYVBMZHYV.jpg
2254,ACCEBAGFSNSGQMPP,../data/images/ACCEBAGFSNSGQMPP.jpg
2255,ACCEFH5BCCEAPJEK,../data/images/ACCEFH5BCCEAPJEK.jpg
2256,ACCE6GFFTFNHMPNX,../data/images/ACCE6GFFTFNHMPNX.jpg
2257,ACCE9Y6QSQRMZ8R7,../data/images/ACCE9Y6QSQRMZ8R7.jpg
2258,ACCE9Y6MK7Q8GYKY,../data/images/ACCE9Y6MK7Q8GYKY.jpg
2259,ACCEEEWGHE9JGKQE,../data/images/ACCEEEWGHE9JGKQE.jpg
2260,ACCE7VEFCM6ZZAYB,../data/images/ACCE7VEFCM6ZZAYB.jpg
2261,ACCEGYSC7S7HARGB,../data/images/ACCEGYSC7S7HARGB.jpg
2262,ACCEA4CANABEGP24,../data/images/ACCEA4CANABEGP24.jpg
2263,ACCEGQY5WKZGDDZD,../data/images/ACCEGQY5WKZGDDZD.jpg
2264,ACCE9Y6QQQS2NGTE,../data/images/ACCE9Y6QQQS2NGTE.jpg
2265,ACCE9DJR98NQFY6K,../data/images/ACCE9DJR98NQFY6K.jpg
2266,ACCEAZCVKCFSN4Z8,../data/images/ACCEAZCVKCFSN4Z8.jpg
2267,ACCE9YWE8SCZKEJ9,../data/images/ACCE9YWE8SCZKEJ9.jpg
2268,ACCEDUUFVGNTC7ZW,../data/images/ACCEDUUFVGNTC7ZW.jpg
2269,ACCE9Z4KZHFVAQNC,../data/images/ACCE9Z4KZHFVAQNC.jpg
2270,ACCEGPC9DA8TGRYY,../data/images/ACCEGPC9DA8TGRYY.jpg
2271,ACCE3YFF2ERBY5ZV,../data/images/ACCE3YFF2ERBY5ZV.jpg
2272,ACCEA4CAZNNRMUMX,../data/images/ACCEA4CAZNNRMUMX.jpg
2273,ACCE6QH4UHRE7WHQ,../data/images/ACCE6QH4UHRE7WHQ.jpg
2274,ACCEAZCVDZH4YF57,../data/images/ACCEAZCVDZH4YF57.jpg
2275,ACCDUV7ZVBA7CHWX,../data/images/ACCDUV7ZVBA7CHWX.jpg
2276,ACCE9Y6QYFJMK8SV,../data/images/ACCE9Y6QYFJMK8SV.jpg
2277,OTAEHTCDUMGYDGPU,../data/images/OTAEHTCDUMGYDGPU.jpg
2278,ACCEE4WYPG4CKS9A,../data/images/ACCEE4WYPG4CKS9A.jpg
2279,ACCDZMAPZGGNRWZ8,../data/images/ACCDZMAPZGGNRWZ8.jpg
2280,ACCE6SJGWCZHWNAF,../data/images/ACCE6SJGWCZHWNAF.jpg
2281,ACCE5K5HMGMMYCHH,../data/images/ACCE5K5HMGMMYCHH.jpg
2282,ACCE9Y6RZEYH5Z5K,../data/images/ACCE9Y6RZEYH5Z5K.jpg
2283,ACCEFH5CHENGARHH,../data/images/ACCEFH5CHENGARHH.jpg
2284,ACCE9Y6VN5ERHYKW,../data/images/ACCE9Y6VN5ERHYKW.jpg
2285,ACCE9WVGV8H86JSH,../data/images/ACCE9WVGV8H86JSH.jpg
2286,ACCE9DJNFJJQFZCJ,../data/images/ACCE9DJNFJJQFZCJ.jpg
2287,ACCDQJYMJJ5CF8ZY,../data/images/ACCDQJYMJJ5CF8ZY.jpg
2288,ACCEE4VZYMVGUFNH,../data/images/ACCEE4VZYMVGUFNH.jpg
2289,ACCE3YFFWB4HHHG2,../data/images/ACCE3YFFWB4HHHG2.jpg
2290,ACCE7HRXZBTSZCZP,../data/images/ACCE7HRXZBTSZCZP.jpg
2291,ACCE8XZM3YGBZ6BZ,../data/images/ACCE8XZM3YGBZ6BZ.jpg
2292,ACCE6SJGQJJGENVK,../data/images/ACCE6SJGQJJGENVK.jpg
2293,ACCDVHJPGY29SYGW,../data/images/ACCDVHJPGY29SYGW.jpg
2294,ACCE9ZY9SMY2NEB4,../data/images/ACCE9ZY9SMY2NEB4.jpg
2295,ACCEGRYDNFGBF5UE,../data/images/ACCEGRYDNFGBF5UE.jpg
2296,ACCEFYBAYY7HPBGH,../data/images/ACCEFYBAYY7HPBGH.jpg
2297,ACCEDHZESFFHCKTG,../data/images/ACCEDHZESFFHCKTG.jpg
2298,ACCE9YGGCDWRRXGF,../data/images/ACCE9YGGCDWRRXGF.jpg
2299,ACCEGH6QGCGAZBFZ,../data/images/ACCEGH6QGCGAZBFZ.jpg
2300,ACCE8WJTEJRYFQEG,../data/images/ACCE8WJTEJRYFQEG.jpg
2301,ACCEDQ5CYXS7E7HZ,../data/images/ACCEDQ5CYXS7E7HZ.jpg
2302,ACCEAZCVU9RPHNFG,../data/images/ACCEAZCVU9RPHNFG.jpg
2303,ACCE9Y6MSXARQKHR,../data/images/ACCE9Y6MSXARQKHR.jpg
2304,ACCE6GFEQDTMBBXW,../data/images/ACCE6GFEQDTMBBXW.jpg
2305,ACCDUV7Z2FV2ZQ8Q,../data/images/ACCDUV7Z2FV2ZQ8Q.jpg
2306,ACCDUV7ZHCMKUSCD,../data/images/ACCDUV7ZHCMKUSCD.jpg
2307,ACCE99CUN85W8QHE,../data/images/ACCE99CUN85W8QHE.jpg
2308,ACCEAC4QMHUXBHQY,../data/images/ACCEAC4QMHUXBHQY.jpg
2309,ACCEAMGZRRYVAHDC,../data/images/ACCEAMGZRRYVAHDC.jpg
2310,ACCE9DK5EHZRUXCN,../data/images/ACCE9DK5EHZRUXCN.jpg
2311,ACCEAC4Q4BQFYCNE,../data/images/ACCEAC4Q4BQFYCNE.jpg
2312,ACCE9Z5RPQY4GEXZ,../data/images/ACCE9Z5RPQY4GEXZ.jpg
2313,ACCE9Y6QHXJR8K4H,../data/images/ACCE9Y6QHXJR8K4H.jpg
2314,ACCE8XZMDKTAZBAH,../data/images/ACCE8XZMDKTAZBAH.jpg
2315,ACCE6GFCTWXEMZJM,../data/images/ACCE6GFCTWXEMZJM.jpg
2316,ACCE9Y6VBXCVGMTP,../data/images/ACCE9Y6VBXCVGMTP.jpg
2317,ACCEA4BDSGXTU39X,../data/images/ACCEA4BDSGXTU39X.jpg
2318,ACCEGJMYVUYRRFGW,../data/images/ACCEGJMYVUYRRFGW.jpg
2319,ACCE9Z2HBBAUXRXE,../data/images/ACCE9Z2HBBAUXRXE.jpg
2320,ACCEGKDGVZWHYV5H,../data/images/ACCEGKDGVZWHYV5H.jpg
2321,ACCEGUYANPHVDGNK,../data/images/ACCEGUYANPHVDGNK.jpg
2322,ACCEBWRHKPQCGJNF,../data/images/ACCEBWRHKPQCGJNF.jpg
2323,ACCDXH5G5BB2BGUA,../data/images/ACCDXH5G5BB2BGUA.jpg
2324,ACCDCYB8NCGPEYEU,../data/images/ACCDCYB8NCGPEYEU.jpg
2325,ACCE9ZY9ZTCKN2HN,../data/images/ACCE9ZY9ZTCKN2HN.jpg
2326,ACCE9DJU5ZZPJDFW,../data/images/ACCE9DJU5ZZPJDFW.jpg
2327,ACCECR3NJWYETKGC,../data/images/ACCECR3NJWYETKGC.jpg
2328,ACCEA4DZHTPWDPFB,../data/images/ACCEA4DZHTPWDPFB.jpg
2329,ACCE9Z5RUADP3CPZ,../data/images/ACCE9Z5RUADP3CPZ.jpg
2330,ACCE9DJTN3JAJEHK,../data/images/ACCE9DJTN3JAJEHK.jpg
2331,ACCE2A66ZZTSN6UU,../data/images/ACCE2A66ZZTSN6UU.jpg
2332,ACCE8ZY8JUNZHSHW,../data/images/ACCE8ZY8JUNZHSHW.jpg
2333,ACCDVHJPWWHAZHTC,../data/images/ACCDVHJPWWHAZHTC.jpg
2334,ACCE6RHG47DESW3Q,../data/images/ACCE6RHG47DESW3Q.jpg
2335,ACCDSB6EJXB8B9GG,../data/images/ACCDSB6EJXB8B9GG.jpg
2336,ACCEFH5B4KSP8GCP,../data/images/ACCEFH5B4KSP8GCP.jpg
2337,ACCDZMAPAMKZRVMD,../data/images/ACCDZMAPAMKZRVMD.jpg
2338,ACCEAHRFFKPGUGGX,../data/images/ACCEAHRFFKPGUGGX.jpg
2339,ACCEGYCGPKC3MNY3,../data/images/ACCEGYCGPKC3MNY3.jpg
2340,ACCDXZK5H9WPZ84Q,../data/images/ACCDXZK5H9WPZ84Q.jpg
2341,ACCE9Y6WGHYMA4PW,../data/images/ACCE9Y6WGHYMA4PW.jpg
2342,ACCEGZ8EWQ7RMZTZ,../data/images/ACCEGZ8EWQ7RMZTZ.jpg
2343,ACCDXH5JWYYPBBGC,../data/images/ACCDXH5JWYYPBBGC.jpg
2344,ACCDVHJPWYDRAG5B,../data/images/ACCDVHJPWYDRAG5B.jpg
2345,ACCDVHJPFNVAZVVR,../data/images/ACCDVHJPFNVAZVVR.jpg
2346,ACCEE76CRD8G6MNH,../data/images/ACCEE76CRD8G6MNH.jpg
2347,ACCE6GFE3ZBKXJG9,../data/images/ACCE6GFE3ZBKXJG9.jpg
2348,ACCE9Y6QZYJ5SUPZ,../data/images/ACCE9Y6QZYJ5SUPZ.jpg
2349,ACCEFH5B8BZBWGD5,../data/images/ACCEFH5B8BZBWGD5.jpg
2350,ACCDXF9UAE73HDKX,../data/images/ACCDXF9UAE73HDKX.jpg
2351,ACCE9DKA5SSKGKTS,../data/images/ACCE9DKA5SSKGKTS.jpg
2352,ACCE6GFCY8HKUA89,../data/images/ACCE6GFCY8HKUA89.jpg
2353,ACCEAZCVVFPBJAGB,../data/images/ACCEAZCVVFPBJAGB.jpg
2354,ACCE4NR3ZTDM2UZX,../data/images/ACCE4NR3ZTDM2UZX.jpg
2355,ACCEGUY9JUCX2SGP,../data/images/ACCEGUY9JUCX2SGP.jpg
2356,ACCEB7CEK5ZGJGTN,../data/images/ACCEB7CEK5ZGJGTN.jpg
2357,ACCEAHRF2C8HJ3PH,../data/images/ACCEAHRF2C8HJ3PH.jpg
2358,ACCEGKXQH5DAPEES,../data/images/ACCEGKXQH5DAPEES.jpg
2359,ACCE9DJZZBFBGZBZ,../data/images/ACCE9DJZZBFBGZBZ.jpg
2360,ACCEB7D4GWPD79ZG,../data/images/ACCEB7D4GWPD79ZG.jpg
2361,ACCE6GFGYHEW7YRU,../data/images/ACCE6GFGYHEW7YRU.jpg
2362,ACCE8XZMBCKRGRVS,../data/images/ACCE8XZMBCKRGRVS.jpg
2363,ACCE8XZMD6J8HBY3,../data/images/ACCE8XZMD6J8HBY3.jpg
2364,ACCE9Y6MZX5ZYYGF,../data/images/ACCE9Y6MZX5ZYYGF.jpg
2365,ACCE6DZCN3VN5ZSN,../data/images/ACCE6DZCN3VN5ZSN.jpg
2366,ACCE9Z5VNECKSHFE,../data/images/ACCE9Z5VNECKSHFE.jpg
2367,ACCE5QD4BPW5FJC6,../data/images/ACCE5QD4BPW5FJC6.jpg
2368,ACCE9Z4HZHMZNSGK,../data/images/ACCE9Z4HZHMZNSGK.jpg
2369,ACCEYWF8SHVQDXP4,../data/images/ACCEYWF8SHVQDXP4.jpg
2370,ACCDVHJP2BA7BWFG,../data/images/ACCDVHJP2BA7BWFG.jpg
2371,ACCDUFZGTEBTHVZ7,../data/images/ACCDUFZGTEBTHVZ7.jpg
2372,ACCDXB99KXMDEEFQ,../data/images/ACCDXB99KXMDEEFQ.jpg
2373,ACCDVHJZVETHWJAE,../data/images/ACCDVHJZVETHWJAE.jpg
2374,ACCEF2R7ZWEDG674,../data/images/ACCEF2R7ZWEDG674.jpg
2375,ACCECZPPZFGBTRUG,../data/images/ACCECZPPZFGBTRUG.jpg
2376,ACCE54YZ3PUHU2RM,../data/images/ACCE54YZ3PUHU2RM.jpg
2377,ACCEAZCVPD9H3UST,../data/images/ACCEAZCVPD9H3UST.jpg
2378,ACCE8XZMKHTPSVFW,../data/images/ACCE8XZMKHTPSVFW.jpg
2379,ACCE9Z2HKHDGH7JY,../data/images/ACCE9Z2HKHDGH7JY.jpg
2380,ACCEA4DZW4GZ3J6Q,../data/images/ACCEA4DZW4GZ3J6Q.jpg
2381,ACCECA554ZHRTYAG,../data/images/ACCECA554ZHRTYAG.jpg
2382,ACCEE82ZMAGZQWG2,../data/images/ACCEE82ZMAGZQWG2.jpg
2383,ACCE9Y6QSTDPGGSD,../data/images/ACCE9Y6QSTDPGGSD.jpg
2384,ECOEFYFBUZZS8JT8,../data/images/ECOEFYFBUZZS8JT8.jpg
2385,ACCEGR4ZHHMWSMFM,../data/images/ACCEGR4ZHHMWSMFM.jpg
2386,ACCE9DK8PTG6DQRS,../data/images/ACCE9DK8PTG6DQRS.jpg
2387,ACCEAMGZMAXHG3M5,../data/images/ACCEAMGZMAXHG3M5.jpg
2388,ACCDVHJPFGRGYSYZ,../data/images/ACCDVHJPFGRGYSYZ.jpg
2389,ACCDXFAGYWTHWYGT,../data/images/ACCDXFAGYWTHWYGT.jpg
2390,ACCE22EDPNEBU5XC,../data/images/ACCE22EDPNEBU5XC.jpg
2391,ECOEH3DPYUSTWUE6,../data/images/ECOEH3DPYUSTWUE6.jpg
2392,ECOEFYFB5YZHCAVN,../data/images/ECOEFYFB5YZHCAVN.jpg
2393,ACCE2FY3V6YV7ZTK,../data/images/ACCE2FY3V6YV7ZTK.jpg
2394,ACCDUV7Y3TYPAT25,../data/images/ACCDUV7Y3TYPAT25.jpg
2395,ACCEAZCV3HFDYAHT,../data/images/ACCEAZCV3HFDYAHT.jpg
2396,ACCE4WJKQGGVYGT4,../data/images/ACCE4WJKQGGVYGT4.jpg
2397,ACCED9SYSVAU9FRG,../data/images/ACCED9SYSVAU9FRG.jpg
2398,ACCEAHRFVZCK8T8H,../data/images/ACCEAHRFVZCK8T8H.jpg
2399,ACCE6GFCFEUGCKH9,../data/images/ACCE6GFCFEUGCKH9.jpg
2400,PWBEGG7AMQ6UGNZW,../data/images/PWBEGG7AMQ6UGNZW.jpg
2401,ACCE4YC4KH8TXAGM,../data/images/ACCE4YC4KH8TXAGM.jpg
2402,ACCEKFVWCGHSY6NF,../data/images/ACCEKFVWCGHSY6NF.jpg
2403,ACCDUV7ZHP6MUVQV,../data/images/ACCDUV7ZHP6MUVQV.jpg
2404,ACCEGKFEZFBG3DZW,../data/images/ACCEGKFEZFBG3DZW.jpg
2405,ACCE9Z5RCNTPHPCQ,../data/images/ACCE9Z5RCNTPHPCQ.jpg
2406,ACCE9DJUZ4VRYVK7,../data/images/ACCE9DJUZ4VRYVK7.jpg
2407,ACCEAZCVNKDCDDRU,../data/images/ACCEAZCVNKDCDDRU.jpg
2408,ACCDVHJZZSQZGGVA,../data/images/ACCDVHJZZSQZGGVA.jpg
2409,ACCE9DJXGJKWFVEH,../data/images/ACCE9DJXGJKWFVEH.jpg
2410,ACCE6GFHKFQW3KCE,../data/images/ACCE6GFHKFQW3KCE.jpg
2411,ACCE9Z2HBDWY8S9N,../data/images/ACCE9Z2HBDWY8S9N.jpg
2412,ACCEA4BDAQMTG8XG,../data/images/ACCEA4BDAQMTG8XG.jpg
2413,ACCDXH5JGXMTZFTZ,../data/images/ACCDXH5JGXMTZFTZ.jpg
2414,ACCE9Z2HZGKABQ3Z,../data/images/ACCE9Z2HZGKABQ3Z.jpg
2415,ACCE7GPZB3AZCFJZ,../data/images/ACCE7GPZB3AZCFJZ.jpg
2416,ACCE9Y6R2Z5Z8GFG,../data/images/ACCE9Y6R2Z5Z8GFG.jpg
2417,ACCE5DAA9KBP7XMS,../data/images/ACCE5DAA9KBP7XMS.jpg
2418,ACCDYHPHP4EHDHYC,../data/images/ACCDYHPHP4EHDHYC.jpg
2419,ACCEEV5V5ERYC6RN,../data/images/ACCEEV5V5ERYC6RN.jpg
2420,ACCE9Y6RPMZFHQQF,../data/images/ACCE9Y6RPMZFHQQF.jpg
2421,ACCDZMAZ8XHR482E,../data/images/ACCDZMAZ8XHR482E.jpg
2422,ACCE9Y6QVZJFRWWA,../data/images/ACCE9Y6QVZJFRWWA.jpg
2423,ACCE9Y6R2GZD5ZGC,../data/images/ACCE9Y6R2GZD5ZGC.jpg
2424,ACCEGH6RHZMYYWPQ,../data/images/ACCEGH6RHZMYYWPQ.jpg
2425,ACCEJUD9N6DGTZ9V,../data/images/ACCEJUD9N6DGTZ9V.jpg
2426,ACCDVHJPHS9KUH2A,../data/images/ACCDVHJPHS9KUH2A.jpg
2427,ACCEA4C9TASBZ9F7,../data/images/ACCEA4C9TASBZ9F7.jpg
2428,ACCE9DJXJKYTP7UF,../data/images/ACCE9DJXJKYTP7UF.jpg
2429,ECOEFYFBWG4BHPWZ,../data/images/ECOEFYFBWG4BHPWZ.jpg
2430,ACCDUV7ZHXVZU5NG,../data/images/ACCDUV7ZHXVZU5NG.jpg
2431,ACCEFH5BAPFJEZJD,../data/images/ACCEFH5BAPFJEZJD.jpg
2432,ACCEJWHSGXGRWPKN,../data/images/ACCEJWHSGXGRWPKN.jpg
2433,ACCEA4CAW3E3ETWG,../data/images/ACCEA4CAW3E3ETWG.jpg
2434,ACCEGYP2ZNGRUETZ,../data/images/ACCEGYP2ZNGRUETZ.jpg
2435,ACCE9Z5RZR68MGQV,../data/images/ACCE9Z5RZR68MGQV.jpg
2436,ACCE6GFC6ZEZTSXZ,../data/images/ACCE6GFC6ZEZTSXZ.jpg
2437,ACCE9DK6KMVM5PRD,../data/images/ACCE9DK6KMVM5PRD.jpg
2438,ACCEGNVAB72PPVYN,../data/images/ACCEGNVAB72PPVYN.jpg
2439,ACCEDD2QZTSXUA74,../data/images/ACCEDD2QZTSXUA74.jpg
2440,ACCE9DKFF4UDMWC5,../data/images/ACCE9DKFF4UDMWC5.jpg
2441,ACCDVHJPNVYVPXEV,../data/images/ACCDVHJPNVYVPXEV.jpg
2442,ACCE9Z4KEMZTUKZP,../data/images/ACCE9Z4KEMZTUKZP.jpg
2443,ACCE6GFCZKHUMTD4,../data/images/ACCE6GFCZKHUMTD4.jpg
2444,ACCE6RHSYPAB8TBH,../data/images/ACCE6RHSYPAB8TBH.jpg
2445,ACCE9ZY9CYAGFPK3,../data/images/ACCE9ZY9CYAGFPK3.jpg
2446,ACCEBYWYDYHDZYDK,../data/images/ACCEBYWYDYHDZYDK.jpg
2447,ACCE9DJT7UUZGMNB,../data/images/ACCE9DJT7UUZGMNB.jpg
2448,ACCEYGZVZRV2HXNM,../data/images/ACCEYGZVZRV2HXNM.jpg
2449,MPLEGFCMFT7NH7H3,../data/images/MPLEGFCMFT7NH7H3.jpg
2450,ACCE9ZY9SMMBMYC3,../data/images/ACCE9ZY9SMMBMYC3.jpg
2451,ACCE9DKFNEBH7AUG,../data/images/ACCE9DKFNEBH7AUG.jpg
2452,ACCEB79YTY3B8S9V,../data/images/ACCEB79YTY3B8S9V.jpg
2453,ACCE996SS4RVW4ZG,../data/images/ACCE996SS4RVW4ZG.jpg
2454,ACCE66FE7EG4QH7P,../data/images/ACCE66FE7EG4QH7P.jpg
2455,ACCE9Y6PZPNFM3C3,../data/images/ACCE9Y6PZPNFM3C3.jpg
2456,ACCE6SJGHNUGZWVH,../data/images/ACCE6SJGHNUGZWVH.jpg
2457,ACCED55XRZT9N2HH,../data/images/ACCED55XRZT9N2HH.jpg
2458,ACCEGPCZHTGQCH4S,../data/images/ACCEGPCZHTGQCH4S.jpg
2459,ACCE6GFCGXJJX4RZ,../data/images/ACCE6GFCGXJJX4RZ.jpg
2460,ACCE9YGGBG5JEJKZ,../data/images/ACCE9YGGBG5JEJKZ.jpg
2461,ACCEGNYUMARHZWGW,../data/images/ACCEGNYUMARHZWGW.jpg
2462,ACCE9Y6WGGTJWWZY,../data/images/ACCE9Y6WGGTJWWZY.jpg
2463,ACCE45UGGC7GVAVG,../data/images/ACCE45UGGC7GVAVG.jpg
2464,CRTECN2QVSZP8JDW,../data/images/CRTECN2QVSZP8JDW.jpg
2465,CRTECN2QT988EFGM,../data/images/CRTECN2QT988EFGM.jpg
2466,CSKEG2PJK4WVGDCT,../data/images/CSKEG2PJK4WVGDCT.jpg
2467,CRTECN2QXWZTD2RB,../data/images/CRTECN2QXWZTD2RB.jpg
2468,CRTECN2QXRHY9NAY,../data/images/CRTECN2QXRHY9NAY.jpg
2469,CSOEGTPQFMB65EUG,../data/images/CSOEGTPQFMB65EUG.jpg
2470,SUDEGGB5XKHZ8YRV,../data/images/SUDEGGB5XKHZ8YRV.jpg
2471,CRTECN2QZGUQPR93,../data/images/CRTECN2QZGUQPR93.jpg
2472,CRTECN2QSHETEZRE,../data/images/CRTECN2QSHETEZRE.jpg
2473,BLKEBEUNFFPSFKHE,../data/images/BLKEBEUNFFPSFKHE.jpg
2474,AVCEJ3CZ7GPK4XSJ,../data/images/AVCEJ3CZ7GPK4XSJ.jpg
2475,CRTECN2QVWMACTQ2,../data/images/CRTECN2QVWMACTQ2.jpg
2476,CSREGVMGRHSGNYRE,../data/images/CSREGVMGRHSGNYRE.jpg
2477,CRTECN2QYMHJKQ3G,../data/images/CRTECN2QYMHJKQ3G.jpg
2478,CRTECN2QZFEYWTMM,../data/images/CRTECN2QZFEYWTMM.jpg
2479,CRTECN2QYDGMPMFF,../data/images/CRTECN2QYDGMPMFF.jpg
2480,CRTECN2QSDV5BZ8T,../data/images/CRTECN2QSDV5BZ8T.jpg
2481,CRTECN2QZK6STGYV,../data/images/CRTECN2QZK6STGYV.jpg
2482,ACCE8DY6GCGZSNYJ,../data/images/ACCE8DY6GCGZSNYJ.jpg
2483,CRTECN2QXMDCFAGM,../data/images/CRTECN2QXMDCFAGM.jpg
2484,CRTECN2QWSVZAX9V,../data/images/CRTECN2QWSVZAX9V.jpg
2485,CTTEH9FXZHGFKUA3,../data/images/CTTEH9FXZHGFKUA3.jpg
2486,CRTEA7HAXMYFVGXX,../data/images/CRTEA7HAXMYFVGXX.jpg
2487,ACCE9EYRRNZYZUBG,../data/images/ACCE9EYRRNZYZUBG.jpg
2488,CRTECN2QVPYHYVF5,../data/images/CRTECN2QVPYHYVF5.jpg
2489,CRTECN2QS6EBXAGP,../data/images/CRTECN2QS6EBXAGP.jpg
2490,VAREGHJHAYZH3DEE,../data/images/VAREGHJHAYZH3DEE.jpg
2491,CRTECN2QZ8CWZEFZ,../data/images/CRTECN2QZ8CWZEFZ.jpg
2492,CRTECN2QUFMQFXSR,../data/images/CRTECN2QUFMQFXSR.jpg
2493,VHREB3NZD9YGJ2JD,../data/images/VHREB3NZD9YGJ2JD.jpg
2494,CRTECUWZC4AEEVTQ,../data/images/CRTECUWZC4AEEVTQ.jpg
2495,CRTECN2QUGVQGSCG,../data/images/CRTECN2QUGVQGSCG.jpg
2496,CRTECN2QZFP2GCCK,../data/images/CRTECN2QZFP2GCCK.jpg
2497,CRTECN2QWHUYBAQZ,../data/images/CRTECN2QWHUYBAQZ.jpg
2498,CDBECMHBGTVV5XAQ,../data/images/CDBECMHBGTVV5XAQ.jpg
2499,SUDEGVG6YTPMYPU4,../data/images/SUDEGVG6YTPMYPU4.jpg
2500,CRTECN2QXUBGMWSE,../data/images/CRTECN2QXUBGMWSE.jpg
2501,CRTECN2QSN7HAXRJ,../data/images/CRTECN2QSN7HAXRJ.jpg
2502,TWTEHH2BCWXHVTHF,../data/images/TWTEHH2BCWXHVTHF.jpg
2503,CRTECN2QZ8T7W8B5,../data/images/CRTECN2QZ8T7W8B5.jpg
2504,CRTECN2QVQQNZMRW,../data/images/CRTECN2QVQQNZMRW.jpg
2505,CRTECN2QSEPYCPAB,../data/images/CRTECN2QSEPYCPAB.jpg
2506,CRTECN2QV7UF7NXV,../data/images/CRTECN2QV7UF7NXV.jpg
2507,CRTECN2QT6ZMHHHH,../data/images/CRTECN2QT6ZMHHHH.jpg
2508,SUDEGGATDVCMWGGH,../data/images/SUDEGGATDVCMWGGH.jpg
2509,TWTEHH2BXEHVZD7E,../data/images/TWTEHH2BXEHVZD7E.jpg
2510,CRTECN2QSYVZPU4B,../data/images/CRTECN2QSYVZPU4B.jpg
2511,CSOE88UGPBWS3GH7,../data/images/CSOE88UGPBWS3GH7.jpg
2512,TWCEBZZUUZS54TFU,../data/images/TWCEBZZUUZS54TFU.jpg
2513,TWCEAXCCYCES4JYC,../data/images/TWCEAXCCYCES4JYC.jpg
2514,CRTECN2QVES5SGVH,../data/images/CRTECN2QVES5SGVH.jpg
2515,CRTEA7HAPG9RZMQD,../data/images/CRTEA7HAPG9RZMQD.jpg
2516,TWCEJFXHMSCXWE9J,../data/images/TWCEJFXHMSCXWE9J.jpg
2517,CRTECN2QUPXANVU9,../data/images/CRTECN2QUPXANVU9.jpg
2518,VHREB3ZYGJREKQDW,../data/images/VHREB3ZYGJREKQDW.jpg
2519,CRTECN2QVHHZ5THC,../data/images/CRTECN2QVHHZ5THC.jpg
2520,SUDEGGAU7XR6PG2K,../data/images/SUDEGGAU7XR6PG2K.jpg
2521,HLMEJMBMUCEYKEFN,../data/images/HLMEJMBMUCEYKEFN.jpg
2522,SUDEHYGVYJBUNY3A,../data/images/SUDEHYGVYJBUNY3A.jpg
2523,SUDEHYGUJ4G4CVKY,../data/images/SUDEHYGUJ4G4CVKY.jpg
2524,CRTECN2QY9DJX5HV,../data/images/CRTECN2QY9DJX5HV.jpg
2525,CRTECN2QUBGAGPCK,../data/images/CRTECN2QUBGAGPCK.jpg
2526,CRTEJUA36GHKGQEY,../data/images/CRTEJUA36GHKGQEY.jpg
2527,CWLEG69T7RRKTZNR,../data/images/CWLEG69T7RRKTZNR.jpg
2528,CRTECN2QZNWFT9PT,../data/images/CRTECN2QZNWFT9PT.jpg
2529,CRTECN2QWTSFHZ25,../data/images/CRTECN2QWTSFHZ25.jpg
2530,CRTECN2QWDMVUA7T,../data/images/CRTECN2QWDMVUA7T.jpg
2531,CRTEA7HA7X3CW7YQ,../data/images/CRTEA7HA7X3CW7YQ.jpg
2532,CRTECN2QYG6SNGZE,../data/images/CRTECN2QYG6SNGZE.jpg
2533,CRTECN2QUZBANWHU,../data/images/CRTECN2QUZBANWHU.jpg
2534,CRTEB774NHSDW3DV,../data/images/CRTEB774NHSDW3DV.jpg
2535,CRTECN2QWPZM7GRF,../data/images/CRTECN2QWPZM7GRF.jpg
2536,CRTECN2QZZHZH8H3,../data/images/CRTECN2QZZHZH8H3.jpg
2537,CRTECN2QW9FYDQFY,../data/images/CRTECN2QW9FYDQFY.jpg
2538,HBAEGEXDPZQKRDUH,../data/images/HBAEGEXDPZQKRDUH.jpg
2539,ACCE5H2YFHX6HFTU,../data/images/ACCE5H2YFHX6HFTU.jpg
2540,CRTECN2QZ5BPGNFM,../data/images/CRTECN2QZ5BPGNFM.jpg
2541,COVEJVF7ENJZTYCJ,../data/images/COVEJVF7ENJZTYCJ.jpg
2542,SUDEHYGUU99UH5PJ,../data/images/SUDEHYGUU99UH5PJ.jpg
2543,AVCEGCGPHGNPDZNW,../data/images/AVCEGCGPHGNPDZNW.jpg
2544,GRKEG679TVS7CSPA,../data/images/GRKEG679TVS7CSPA.jpg
2545,AVCEGCGPZF3ANNUZ,../data/images/AVCEGCGPZF3ANNUZ.jpg
2546,CTTEGF8YF2TCTHYV,../data/images/CTTEGF8YF2TCTHYV.jpg
2547,CRTECN2QWWAZZX58,../data/images/CRTECN2QWWAZZX58.jpg
2548,VTEEBGHKZAMGQAHN,../data/images/VTEEBGHKZAMGQAHN.jpg
2549,SUDEGGB2FP67XG6K,../data/images/SUDEGGB2FP67XG6K.jpg
2550,CRTECN2QXHGGKHWV,../data/images/CRTECN2QXHGGKHWV.jpg
2551,TWCEAXCCNPYAJUZZ,../data/images/TWCEAXCCNPYAJUZZ.jpg
2552,CRTECN2QZZTXU2FZ,../data/images/CRTECN2QZZTXU2FZ.jpg
2553,CRTECN2QVNAWZZHZ,../data/images/CRTECN2QVNAWZZHZ.jpg
2554,CRTECN2QZMHEU2J3,../data/images/CRTECN2QZMHEU2J3.jpg
2555,VHREAFYHWMX6CHG7,../data/images/VHREAFYHWMX6CHG7.jpg
2556,ALSEHB97RZGCAHPV,../data/images/ALSEHB97RZGCAHPV.jpg
2557,CWIEGKPGR69BBHZ8,../data/images/CWIEGKPGR69BBHZ8.jpg
2558,BKAEGFWZBRPSZKGG,../data/images/BKAEGFWZBRPSZKGG.jpg
2559,VHRE8YHUHAYGJZ2Y,../data/images/VHRE8YHUHAYGJZ2Y.jpg
2560,CRTECN2QWVXB3XQZ,../data/images/CRTECN2QWVXB3XQZ.jpg
2561,CRTECN2QTXCGYGNC,../data/images/CRTECN2QTXCGYGNC.jpg
2562,CRTECN2QUTVCTHHS,../data/images/CRTECN2QUTVCTHHS.jpg
2563,TWCEJFXHGJDZAXVT,../data/images/TWCEJFXHGJDZAXVT.jpg
2564,VLBEGG5HV258XEHM,../data/images/VLBEGG5HV258XEHM.jpg
2565,CRTEA7HABNRWRZSV,../data/images/CRTEA7HABNRWRZSV.jpg
2566,CRTECN2QZWHEJRGA,../data/images/CRTECN2QZWHEJRGA.jpg
2567,SUDEGGAVHGYEQJAH,../data/images/SUDEGGAVHGYEQJAH.jpg
2568,CRTECN2QTUGVFTJ8,../data/images/CRTECN2QTUGVFTJ8.jpg
2569,CRTECN2QYGGUZ9HW,../data/images/CRTECN2QYGGUZ9HW.jpg
2570,CRTECN2QV2PZUHXS,../data/images/CRTECN2QV2PZUHXS.jpg
2571,VHREBBHBK6KSZC6N,../data/images/VHREBBHBK6KSZC6N.jpg
2572,BHGEGTATJCEZRGM2,../data/images/BHGEGTATJCEZRGM2.jpg
2573,CRTECN2QSVZAXMVG,../data/images/CRTECN2QSVZAXMVG.jpg
2574,BHGEGTAVWRZQTU6T,../data/images/BHGEGTAVWRZQTU6T.jpg
2575,CRTEHSSCVTZ3DB72,../data/images/CRTEHSSCVTZ3DB72.jpg
2576,SUDEGGB5GCHTY53K,../data/images/SUDEGGB5GCHTY53K.jpg
2577,CDBECKGD48GHQNQK,../data/images/CDBECKGD48GHQNQK.jpg
2578,CRTECN2RRRSAH7JT,../data/images/CRTECN2RRRSAH7JT.jpg
2579,CRTECN2QVMFZFNGC,../data/images/CRTECN2QVMFZFNGC.jpg
2580,CRTECN2QYCUNFSZE,../data/images/CRTECN2QYCUNFSZE.jpg
2581,CDBECAF9HMV66ZZ8,../data/images/CDBECAF9HMV66ZZ8.jpg
2582,VLBEGFFDCSSZXNJ3,../data/images/VLBEGFFDCSSZXNJ3.jpg
2583,VMREGZPQYTYQWGHK,../data/images/VMREGZPQYTYQWGHK.jpg
2584,CRTECN2QZD4WXYG8,../data/images/CRTECN2QZD4WXYG8.jpg
2585,VHREA2YHV47FAKF5,../data/images/VHREA2YHV47FAKF5.jpg
2586,ACCE6FZPTNC3UGSG,../data/images/ACCE6FZPTNC3UGSG.jpg
2587,CTTEH9FXG97MNGFZ,../data/images/CTTEH9FXG97MNGFZ.jpg
2588,CRTECN2QVV7UJQNH,../data/images/CRTECN2QVV7UJQNH.jpg
2589,ACCE8WYMVWNXBBAH,../data/images/ACCE8WYMVWNXBBAH.jpg
2590,CRTECN2QUCSMF4SX,../data/images/CRTECN2QUCSMF4SX.jpg
2591,CRTEB774RSGGQZ9U,../data/images/CRTEB774RSGGQZ9U.jpg
2592,CRTECN2R5JRYASA4,../data/images/CRTECN2R5JRYASA4.jpg
2593,CRTECN2QT4YABNGQ,../data/images/CRTECN2QT4YABNGQ.jpg
2594,VLBEJKMQNYGFDJWN,../data/images/VLBEJKMQNYGFDJWN.jpg
2595,CSOE94WXZHYY9AYH,../data/images/CSOE94WXZHYY9AYH.jpg
2596,AVCEGCNVZJHWXBMT,../data/images/AVCEGCNVZJHWXBMT.jpg
2597,VHRE4ZNGMPBTHHZN,../data/images/VHRE4ZNGMPBTHHZN.jpg
2598,VILEG953CTBDSRM5,../data/images/VILEG953CTBDSRM5.jpg
2599,CRTECN2QYZ9YX3JR,../data/images/CRTECN2QYZ9YX3JR.jpg
2600,TWCEJFXHJGGJNHAV,../data/images/TWCEJFXHJGGJNHAV.jpg
2601,CRTECN2QX4FC2UAC,../data/images/CRTECN2QX4FC2UAC.jpg
2602,CRTECN2QYMZVFQMR,../data/images/CRTECN2QYMZVFQMR.jpg
2603,SUDEHYGUWDBVFRMH,../data/images/SUDEHYGUWDBVFRMH.jpg
2604,SUDEGVG6PJKDGW2Z,../data/images/SUDEGVG6PJKDGW2Z.jpg
2605,SUDEHYGUD6ZMX9AU,../data/images/SUDEHYGUD6ZMX9AU.jpg
2606,VSKEC9SFEQVKCWVG,../data/images/VSKEC9SFEQVKCWVG.jpg
2607,CRTECN2QY8X3MMJ5,../data/images/CRTECN2QY8X3MMJ5.jpg
2608,CRTECN2QYGAGSCUU,../data/images/CRTECN2QYGAGSCUU.jpg
2609,CRTECN2QTXQGCGBG,../data/images/CRTECN2QTXQGCGBG.jpg
2610,CRTEB774ZFD3FGHQ,../data/images/CRTEB774ZFD3FGHQ.jpg
2611,CRTECN2QYSAMMGRW,../data/images/CRTECN2QYSAMMGRW.jpg
2612,HBAEGEXDDGSHZRB4,../data/images/HBAEGEXDDGSHZRB4.jpg
2613,CCVEFV4XN2TQDQJZ,../data/images/CCVEFV4XN2TQDQJZ.jpg
2614,CRTECN2QUHGUJNDZ,../data/images/CRTECN2QUHGUJNDZ.jpg
2615,AVCEFURSJBG924HG,../data/images/AVCEFURSJBG924HG.jpg
2616,SUDEGGATXD4BMC2G,../data/images/SUDEGGATXD4BMC2G.jpg
2617,CRTECN2QZTEAZZ5C,../data/images/CRTECN2QZTEAZZ5C.jpg
2618,CRTECN2QV6QBDUNB,../data/images/CRTECN2QV6QBDUNB.jpg
2619,ACCEF8CZKFEXZKFM,../data/images/ACCEF8CZKFEXZKFM.jpg
2620,CRTECN2QXKXTKNRF,../data/images/CRTECN2QXKXTKNRF.jpg
2621,CRTECN2QYTQNTVFH,../data/images/CRTECN2QYTQNTVFH.jpg
2622,CRTECN2QVBDPEQQ2,../data/images/CRTECN2QVBDPEQQ2.jpg
2623,TWCEJFXHKFKVGPV7,../data/images/TWCEJFXHKFKVGPV7.jpg
2624,CRTECN2QVAZYUD83,../data/images/CRTECN2QVAZYUD83.jpg
2625,CRTECUWZ8GPZMZYY,../data/images/CRTECUWZ8GPZMZYY.jpg
2626,CRTEA7HAQYWGJJQ3,../data/images/CRTEA7HAQYWGJJQ3.jpg
2627,CRTECN2QUCRGWXHP,../data/images/CRTECN2QUCRGWXHP.jpg
2628,VMREGZPQM6DNNVFB,../data/images/VMREGZPQM6DNNVFB.jpg
2629,CRTECYY4ZHUZ6HNT,../data/images/CRTECYY4ZHUZ6HNT.jpg
2630,AVCEJ3CZHKUG7WKR,../data/images/AVCEJ3CZHKUG7WKR.jpg
2631,CRTE92XDANPCQTHQ,../data/images/CRTE92XDANPCQTHQ.jpg
2632,VLBEHHWFMGCMEM4K,../data/images/VLBEHHWFMGCMEM4K.jpg
2633,CDBE8Q7N27HQHMPG,../data/images/CDBE8Q7N27HQHMPG.jpg
2634,CDBEAFWE9TJEUYUQ,../data/images/CDBEAFWE9TJEUYUQ.jpg
2635,CRTECN2QXQGJ7JZD,../data/images/CRTECN2QXQGJ7JZD.jpg
2636,CTTEH9FYJFQMB8M9,../data/images/CTTEH9FYJFQMB8M9.jpg
2637,BKAEGFX2ZAQTSRMD,../data/images/BKAEGFX2ZAQTSRMD.jpg
2638,CRTECN2QV9AZBYNG,../data/images/CRTECN2QV9AZBYNG.jpg
2639,CRTECYY4HJPQG9Z4,../data/images/CRTECYY4HJPQG9Z4.jpg
2640,CRTECN2QWTEBGJAJ,../data/images/CRTECN2QWTEBGJAJ.jpg
2641,TWCEAXCC3XYD6GPP,../data/images/TWCEAXCC3XYD6GPP.jpg
2642,CRTECN2QVUET9PQ8,../data/images/CRTECN2QVUET9PQ8.jpg
2643,ACCE87C2Q7Y7YARB,../data/images/ACCE87C2Q7Y7YARB.jpg
2644,VHREHEPTFFEFZFYE,../data/images/VHREHEPTFFEFZFYE.jpg
2645,CRTECN2QYJGSFZMP,../data/images/CRTECN2QYJGSFZMP.jpg
2646,CRTECN2RQKJZ58GG,../data/images/CRTECN2RQKJZ58GG.jpg
2647,CCVEG4ENZJCWD3C6,../data/images/CCVEG4ENZJCWD3C6.jpg
2648,BHGEGTAVKNNCPUGG,../data/images/BHGEGTAVKNNCPUGG.jpg
2649,CRTECN2QZH9J6EHK,../data/images/CRTECN2QZH9J6EHK.jpg
2650,CTTEH9FUMMZYPKW9,../data/images/CTTEH9FUMMZYPKW9.jpg
2651,CRTECN2QXCYG6CUA,../data/images/CRTECN2QXCYG6CUA.jpg
2652,HLKEEAPBPJZQ5NVC,../data/images/HLKEEAPBPJZQ5NVC.jpg
2653,CRTECN2QYTPHK5YQ,../data/images/CRTECN2QYTPHK5YQ.jpg
2654,HLKEF8JMZ4RKJTPF,../data/images/HLKEF8JMZ4RKJTPF.jpg
2655,SUDEGGATYHBGUFTF,../data/images/SUDEGGATYHBGUFTF.jpg
2656,CRTECN2QZCEGWXEH,../data/images/CRTECN2QZCEGWXEH.jpg
2657,VHREB3ZYZAUDNXZF,../data/images/VHREB3ZYZAUDNXZF.jpg
2658,CRTECN2QWVFTBZZS,../data/images/CRTECN2QWVFTBZZS.jpg
2659,CRTECN2QYG5PEBZC,../data/images/CRTECN2QYG5PEBZC.jpg
2660,CRTEB774JMYWBRMV,../data/images/CRTEB774JMYWBRMV.jpg
2661,TWTEHH2B5SJAKDBD,../data/images/TWTEHH2B5SJAKDBD.jpg
2662,CSOE2V29ZTH5A3QU,../data/images/CSOE2V29ZTH5A3QU.jpg
2663,CRTECN2RZRH6FTYZ,../data/images/CRTECN2RZRH6FTYZ.jpg
2664,ACCEA4DRT4BEY7TK,../data/images/ACCEA4DRT4BEY7TK.jpg
2665,SUDEGVFZUHWSGM6M,../data/images/SUDEGVFZUHWSGM6M.jpg
2666,SUDEHYGUHD7GX9H6,../data/images/SUDEHYGUHD7GX9H6.jpg
2667,HBAEGEXCYWV4CCEV,../data/images/HBAEGEXCYWV4CCEV.jpg
2668,VHREB3NZAWHG8CTF,../data/images/VHREB3NZAWHG8CTF.jpg
2669,VAREGHJHAH6GXVVF,../data/images/VAREGHJHAH6GXVVF.jpg
2670,CRTECN2QWRACCVZW,../data/images/CRTECN2QWRACCVZW.jpg
2671,CRTEA7HAATHHK6EA,../data/images/CRTEA7HAATHHK6EA.jpg
2672,CRTECN2QYZXQGFHE,../data/images/CRTECN2QYZXQGFHE.jpg
2673,CRTECN2QYFYRSXTH,../data/images/CRTECN2QYFYRSXTH.jpg
2674,BKAEGFWZ2GQBFZYH,../data/images/BKAEGFWZ2GQBFZYH.jpg
2675,CRTECN2QWA68UMF7,../data/images/CRTECN2QWA68UMF7.jpg
2676,TWCEJFXHGDSG5XZV,../data/images/TWCEJFXHGDSG5XZV.jpg
2677,CRTECN2QSUHUEZZD,../data/images/CRTECN2QSUHUEZZD.jpg
2678,CDBECTRVD8H3ZG4N,../data/images/CDBECTRVD8H3ZG4N.jpg
2679,VLBEGG5ZMDBMCWMF,../data/images/VLBEGG5ZMDBMCWMF.jpg
2680,VLBEJKMQ9QZS8ZXH,../data/images/VLBEJKMQ9QZS8ZXH.jpg
2681,CRTECN2QWAGCHYGC,../data/images/CRTECN2QWAGCHYGC.jpg
2682,VMREGZPQ9RQHZ2YN,../data/images/VMREGZPQ9RQHZ2YN.jpg
2683,ACCEAY5YHCXTV8XR,../data/images/ACCEAY5YHCXTV8XR.jpg
2684,VHREB3NZKU68PRVB,../data/images/VHREB3NZKU68PRVB.jpg
2685,CRTECN2QZZJNSHRZ,../data/images/CRTECN2QZZJNSHRZ.jpg
2686,CRTECN2QXYAX58QU,../data/images/CRTECN2QXYAX58QU.jpg
2687,CRTECN2QTNHHPAZ5,../data/images/CRTECN2QTNHHPAZ5.jpg
2688,CRTECN2QSGWBHY9F,../data/images/CRTECN2QSGWBHY9F.jpg
2689,VHRE4VJVSUAT3PS2,../data/images/VHRE4VJVSUAT3PS2.jpg
2690,CRTECN2QS6ZFWPEY,../data/images/CRTECN2QS6ZFWPEY.jpg
2691,CSKEH3JPCEGTMZFP,../data/images/CSKEH3JPCEGTMZFP.jpg
2692,SUDEGGB473ACY9MF,../data/images/SUDEGGB473ACY9MF.jpg
2693,CGCEG28UCFAFNXBH,../data/images/CGCEG28UCFAFNXBH.jpg
2694,FLUEGKG29CTAHMYC,../data/images/FLUEGKG29CTAHMYC.jpg
2695,CRTECN2QZ7HCCY8G,../data/images/CRTECN2QZ7HCCY8G.jpg
2696,VHREBSMGB5G8YCPU,../data/images/VHREBSMGB5G8YCPU.jpg
2697,ACCDQGVSDZ92ZWGW,../data/images/ACCDQGVSDZ92ZWGW.jpg
2698,SUDEGGB4WFMMA3BX,../data/images/SUDEGGB4WFMMA3BX.jpg
2699,VAREJGRDFHF3QNRK,../data/images/VAREJGRDFHF3QNRK.jpg
2700,CAIEGP4YSZ4GNUV4,../data/images/CAIEGP4YSZ4GNUV4.jpg
2701,CRTEA7HAFUMPQNHJ,../data/images/CRTEA7HAFUMPQNHJ.jpg
2702,SUDEHYGUSSZGDBRQ,../data/images/SUDEHYGUSSZGDBRQ.jpg
2703,SUDEHYGUMT6UGYAR,../data/images/SUDEHYGUMT6UGYAR.jpg
2704,CRTECN2QVDE3BWFH,../data/images/CRTECN2QVDE3BWFH.jpg
2705,SUDEGGATGYXA9YBC,../data/images/SUDEGGATGYXA9YBC.jpg
2706,CRTECN2QUYTHVFJM,../data/images/CRTECN2QUYTHVFJM.jpg
2707,TWCEA96ED9EZN9UW,../data/images/TWCEA96ED9EZN9UW.jpg
2708,CGCEG9PPNBHZUESR,../data/images/CGCEG9PPNBHZUESR.jpg
2709,CRTECN2QZ97PHXN9,../data/images/CRTECN2QZ97PHXN9.jpg
2710,CRTECN2QYGBAQWZ3,../data/images/CRTECN2QYGBAQWZ3.jpg
2711,CRTECUWZDJRHRFNK,../data/images/CRTECUWZDJRHRFNK.jpg
2712,CRTECN2QUSDGM2UT,../data/images/CRTECN2QUSDGM2UT.jpg
2713,CRTECN2QUAMRBWUE,../data/images/CRTECN2QUAMRBWUE.jpg
2714,CRTECN2QUZSRCEN4,../data/images/CRTECN2QUZSRCEN4.jpg
2715,SUDEGVG2XUU2ABG5,../data/images/SUDEGVG2XUU2ABG5.jpg
2716,CRTECN2QS6YHKQ3G,../data/images/CRTECN2QS6YHKQ3G.jpg
2717,CRTECN2QSNJJDVRM,../data/images/CRTECN2QSNJJDVRM.jpg
2718,CRTECN2QSXEHJHR5,../data/images/CRTECN2QSXEHJHR5.jpg
2719,CRTECN2QZFNFMRNG,../data/images/CRTECN2QZFNFMRNG.jpg
2720,CRTECN2QUHGCHPEB,../data/images/CRTECN2QUHGCHPEB.jpg
2721,CRTECN2QWKHRNPTF,../data/images/CRTECN2QWKHRNPTF.jpg
2722,CRTECN2QVZZS3FER,../data/images/CRTECN2QVZZS3FER.jpg
2723,CRTECN2QWWFMWSJD,../data/images/CRTECN2QWWFMWSJD.jpg
2724,CRTECN2QSAF6BKNC,../data/images/CRTECN2QSAF6BKNC.jpg
2725,VMREGZPQVBXT7HFR,../data/images/VMREGZPQVBXT7HFR.jpg
2726,CRTECN2QZXFVEPGG,../data/images/CRTECN2QZXFVEPGG.jpg
2727,CCVE6FQUJHNHQVNQ,../data/images/CCVE6FQUJHNHQVNQ.jpg
2728,CRTEB774SCZXFHBY,../data/images/CRTEB774SCZXFHBY.jpg
2729,CRTEHSSCJK4PDGHP,../data/images/CRTEHSSCJK4PDGHP.jpg
2730,CRTECN2QZVEY2YUK,../data/images/CRTECN2QZVEY2YUK.jpg
2731,CRTECN2QTBFPEZWQ,../data/images/CRTECN2QTBFPEZWQ.jpg
2732,CRTECN2RQTBXZCNG,../data/images/CRTECN2RQTBXZCNG.jpg
2733,VHREB3ZY4FDJGJ5E,../data/images/VHREB3ZY4FDJGJ5E.jpg
2734,CRTECN2QUFVCKWYA,../data/images/CRTECN2QUFVCKWYA.jpg
2735,CRTECN2QSUGUWEJM,../data/images/CRTECN2QSUGUWEJM.jpg
2736,SUDEGGATV7QB9GV9,../data/images/SUDEGGATV7QB9GV9.jpg
2737,CRTECN2QYYWUXHRP,../data/images/CRTECN2QYYWUXHRP.jpg
2738,VHREBBHBKGWZHYF7,../data/images/VHREBBHBKGWZHYF7.jpg
2739,CRTECN2QYJDGSWPA,../data/images/CRTECN2QYJDGSWPA.jpg
2740,CRTECN2RGCYZVWF3,../data/images/CRTECN2RGCYZVWF3.jpg
2741,GRKEG4UVAZTGYWRB,../data/images/GRKEG4UVAZTGYWRB.jpg
2742,CRTE4DY4YV6KZCSK,../data/images/CRTE4DY4YV6KZCSK.jpg
2743,CRTECN2QX928WWVE,../data/images/CRTECN2QX928WWVE.jpg
2744,CRTEJUA2EZVNMX8B,../data/images/CRTEJUA2EZVNMX8B.jpg
2745,CRTECN2QYJVTVEH9,../data/images/CRTECN2QYJVTVEH9.jpg
2746,CRTE8389HNP2UHPT,../data/images/CRTE8389HNP2UHPT.jpg
2747,CRTECN2QUHHJZNY8,../data/images/CRTECN2QUHHJZNY8.jpg
2748,CRTECN2QXUGAJF8Y,../data/images/CRTECN2QXUGAJF8Y.jpg
2749,CRTECN2QTH6YPGYF,../data/images/CRTECN2QTH6YPGYF.jpg
2750,CRTEHSS9CHAE2BZZ,../data/images/CRTEHSS9CHAE2BZZ.jpg
2751,CRTECN2QXRSMGFP5,../data/images/CRTECN2QXRSMGFP5.jpg
2752,VHREBSMGYYUBVHHF,../data/images/VHREBSMGYYUBVHHF.jpg
2753,CRTECN2QZ6S5X2QN,../data/images/CRTECN2QZ6S5X2QN.jpg
2754,VHREB3ZYKEFGHVV6,../data/images/VHREB3ZYKEFGHVV6.jpg
2755,CRTECN2QVJBRMHRN,../data/images/CRTECN2QVJBRMHRN.jpg
2756,CCVEFV4RRNH9FAHH,../data/images/CCVEFV4RRNH9FAHH.jpg
2757,CRTECN2QUCNBTHBF,../data/images/CRTECN2QUCNBTHBF.jpg
2758,HBAEF6G94958PFCM,../data/images/HBAEF6G94958PFCM.jpg
2759,CRTECN2QVQSG3VFW,../data/images/CRTECN2QVQSG3VFW.jpg
2760,VMREGZPQPHUZCEQE,../data/images/VMREGZPQPHUZCEQE.jpg
2761,AIREJ3SFZNZ5RHRZ,../data/images/AIREJ3SFZNZ5RHRZ.jpg
2762,CRTECN2RH6EVCARZ,../data/images/CRTECN2RH6EVCARZ.jpg
2763,ACCEBEZZEQZ3SSAZ,../data/images/ACCEBEZZEQZ3SSAZ.jpg
2764,BHGEGTAU2KVDHXXJ,../data/images/BHGEGTAU2KVDHXXJ.jpg
2765,CPWEJVVPKWJCQV7T,../data/images/CPWEJVVPKWJCQV7T.jpg
2766,VLBEGFFDP9H6WG2T,../data/images/VLBEGFFDP9H6WG2T.jpg
2767,CRTEJUA3CYHVYNHD,../data/images/CRTEJUA3CYHVYNHD.jpg
2768,CRTECN2QSGYM2NU4,../data/images/CRTECN2QSGYM2NU4.jpg
2769,CRTECN2QVFHNA9J8,../data/images/CRTECN2QVFHNA9J8.jpg
2770,ACCE8C3YU6JDREMH,../data/images/ACCE8C3YU6JDREMH.jpg
2771,CRTECN2QSGBHXGMN,../data/images/CRTECN2QSGBHXGMN.jpg
2772,SUDEGGAUR7EGNEQ6,../data/images/SUDEGGAUR7EGNEQ6.jpg
2773,GRKEG4UV5AHURTPN,../data/images/GRKEG4UV5AHURTPN.jpg
2774,CRTEA7HAEXGZ7HNU,../data/images/CRTEA7HAEXGZ7HNU.jpg
2775,CRTECN2QZBJCYUKR,../data/images/CRTECN2QZBJCYUKR.jpg
2776,CRTECN2QZ7DHY6GV,../data/images/CRTECN2QZ7DHY6GV.jpg
2777,AVCEJ4W3KFNZ2SGN,../data/images/AVCEJ4W3KFNZ2SGN.jpg
2778,VMREGZPQFRYKVGZT,../data/images/VMREGZPQFRYKVGZT.jpg
2779,CRTECN2RDAKXQHYH,../data/images/CRTECN2RDAKXQHYH.jpg
2780,CRTECN2QVB5MFPF8,../data/images/CRTECN2QVB5MFPF8.jpg
2781,ACCE6J23PMCFS9ST,../data/images/ACCE6J23PMCFS9ST.jpg
2782,TWCEGVM9UGQCHHYP,../data/images/TWCEGVM9UGQCHHYP.jpg
2783,CWRE4ZUHAEQGSMGH,../data/images/CWRE4ZUHAEQGSMGH.jpg
2784,VAREGHJHYJQYYJKA,../data/images/VAREGHJHYJQYYJKA.jpg
2785,CRTECN2QZZ9WFURB,../data/images/CRTECN2QZZ9WFURB.jpg
2786,CRTECN2QWCYT99YB,../data/images/CRTECN2QWCYT99YB.jpg
2787,CTTEH9FXP5DHZWF7,../data/images/CTTEH9FXP5DHZWF7.jpg
2788,CRTECN2QZJZTTSAS,../data/images/CRTECN2QZJZTTSAS.jpg
2789,VAREGUMXHVBZYZ7K,../data/images/VAREGUMXHVBZYZ7K.jpg
2790,CRTECN2QZBYREFGP,../data/images/CRTECN2QZBYREFGP.jpg
2791,CRTECN2QUT9HQH2T,../data/images/CRTECN2QUT9HQH2T.jpg
2792,ACCE5H2YP2AA6RWX,../data/images/ACCE5H2YP2AA6RWX.jpg
2793,CRTECN2QT5HKHZ8F,../data/images/CRTECN2QT5HKHZ8F.jpg
2794,CRTECN2QZWN42H2A,../data/images/CRTECN2QZWN42H2A.jpg
2795,VMREGZPQ8HBZPXQ3,../data/images/VMREGZPQ8HBZPXQ3.jpg
2796,VHREB3ZYGQYX5KHF,../data/images/VHREB3ZYGQYX5KHF.jpg
2797,CRTECN2QVCCD9PHT,../data/images/CRTECN2QVCCD9PHT.jpg
2798,CRTE8389ZZJS6W9E,../data/images/CRTE8389ZZJS6W9E.jpg
2799,VMREGZPQEQ3FX7JZ,../data/images/VMREGZPQEQ3FX7JZ.jpg
2800,CRTECN2QVTFGBGZR,../data/images/CRTECN2QVTFGBGZR.jpg
2801,VWCEGYW3YTRFUT8B,../data/images/VWCEGYW3YTRFUT8B.jpg
2802,CRTECN2QZCGZSGK8,../data/images/CRTECN2QZCGZSGK8.jpg
2803,SUDEJFBRVYEUZUDH,../data/images/SUDEJFBRVYEUZUDH.jpg
2804,CRTE8ZZWHBBQ736Q,../data/images/CRTE8ZZWHBBQ736Q.jpg
2805,FLUEGKG2K93HY9TC,../data/images/FLUEGKG2K93HY9TC.jpg
2806,BHGEJQY4GJ9PEZX5,../data/images/BHGEJQY4GJ9PEZX5.jpg
2807,CRTECN2QU6HG98UZ,../data/images/CRTECN2QU6HG98UZ.jpg
2808,CRTECN2QTARWPXSU,../data/images/CRTECN2QTARWPXSU.jpg
2809,VMREGZPQRRHHGHTF,../data/images/VMREGZPQRRHHGHTF.jpg
2810,CRTEA7HAHHRNYZEY,../data/images/CRTEA7HAHHRNYZEY.jpg
2811,CRTECN2QTVFBZGYM,../data/images/CRTECN2QTVFBZGYM.jpg
2812,CRTECN2QX3VH7RD5,../data/images/CRTECN2QX3VH7RD5.jpg
2813,VLBEGFFENZPXGYPG,../data/images/VLBEGFFENZPXGYPG.jpg
2814,CRTECN2QXFVVG5ET,../data/images/CRTECN2QXFVVG5ET.jpg
2815,ACCEA66TZQRT23RN,../data/images/ACCEA66TZQRT23RN.jpg
2816,VHREBBHBPXHHHPYE,../data/images/VHREBBHBPXHHHPYE.jpg
2817,CRTECN2QZCEEGDZN,../data/images/CRTECN2QZCEEGDZN.jpg
2818,HLKEF8KGAV9MMKVY,../data/images/HLKEF8KGAV9MMKVY.jpg
2819,CRTECN2QYXNQ52NN,../data/images/CRTECN2QYXNQ52NN.jpg
2820,CRTECN2QZZF7VZMM,../data/images/CRTECN2QZZF7VZMM.jpg
2821,VHREADGKUAXTFNFG,../data/images/VHREADGKUAXTFNFG.jpg
2822,VSBEGBH8YSKZ7AGY,../data/images/VSBEGBH8YSKZ7AGY.jpg
2823,CRTECN2QZ8AAVTRS,../data/images/CRTECN2QZ8AAVTRS.jpg
2824,CRTECN2QZUD25VFN,../data/images/CRTECN2QZUD25VFN.jpg
2825,CRTECN2QYZYQPHUH,../data/images/CRTECN2QYZYQPHUH.jpg
2826,CRTECN2QS6UTHZJG,../data/images/CRTECN2QS6UTHZJG.jpg
2827,CRTECN2QYZCRHWD5,../data/images/CRTECN2QYZCRHWD5.jpg
2828,CRTECN2QXZUFSGHZ,../data/images/CRTECN2QXZUFSGHZ.jpg
2829,CRTECN2R778GQBCY,../data/images/CRTECN2R778GQBCY.jpg
2830,ACCE8XUCYRB9ATHZ,../data/images/ACCE8XUCYRB9ATHZ.jpg
2831,BHGEGTATYZ2VKAHF,../data/images/BHGEGTATYZ2VKAHF.jpg
2832,CRTECN2RQJGXB54U,../data/images/CRTECN2RQJGXB54U.jpg
2833,CDBECTRVCYQQZFDR,../data/images/CDBECTRVCYQQZFDR.jpg
2834,CRTECN2QUPEM5TEE,../data/images/CRTECN2QUPEM5TEE.jpg
2835,SUDEHYGVUAJZFGYK,../data/images/SUDEHYGVUAJZFGYK.jpg
2836,CRTECN2QU9FYCMKU,../data/images/CRTECN2QU9FYCMKU.jpg
2837,CRTECN2QXBKG9MZF,../data/images/CRTECN2QXBKG9MZF.jpg
2838,CRTECN2QTGFWHYBY,../data/images/CRTECN2QTGFWHYBY.jpg
2839,VMREGZPQ5ZKCSUDH,../data/images/VMREGZPQ5ZKCSUDH.jpg
2840,CRTECN2QWFYBKKJZ,../data/images/CRTECN2QWFYBKKJZ.jpg
2841,CRTECN2QZNJG3SGV,../data/images/CRTECN2QZNJG3SGV.jpg
2842,CRTECN2QXQK3RMVY,../data/images/CRTECN2QXQK3RMVY.jpg
2843,CRTECN2QUHW9VFFT,../data/images/CRTECN2QUHW9VFFT.jpg
2844,CCVE3Q2TBZRQYZSZ,../data/images/CCVE3Q2TBZRQYZSZ.jpg
2845,CRTECN2QYK2R2PUS,../data/images/CRTECN2QYK2R2PUS.jpg
2846,ACCE8VP6PZDUEYGP,../data/images/ACCE8VP6PZDUEYGP.jpg
2847,SUDEGVGYPKQSBP8T,../data/images/SUDEGVGYPKQSBP8T.jpg
2848,SUDEGGB4EZEJ7ZPV,../data/images/SUDEGGB4EZEJ7ZPV.jpg
2849,CRTECN2QZJSZBWGH,../data/images/CRTECN2QZJSZBWGH.jpg
2850,CRTECN2QYNCSMYNX,../data/images/CRTECN2QYNCSMYNX.jpg
2851,CRTEA7HASSJUVUUV,../data/images/CRTEA7HASSJUVUUV.jpg
2852,VMREGZPQQR7QURFF,../data/images/VMREGZPQQR7QURFF.jpg
2853,CRTECN2QYC2EM7ZR,../data/images/CRTECN2QYC2EM7ZR.jpg
2854,CRTECN2QXMRMSVSN,../data/images/CRTECN2QXMRMSVSN.jpg
2855,CRTECN2QSVPFJZTD,../data/images/CRTECN2QSVPFJZTD.jpg
2856,CRTECN2QSZFWPZFY,../data/images/CRTECN2QSZFWPZFY.jpg
2857,CRTECN2QSSHFDJS5,../data/images/CRTECN2QSSHFDJS5.jpg
2858,VWCEGYQ4FSFHGEXB,../data/images/VWCEGYQ4FSFHGEXB.jpg
2859,CRTECN2QZSPZDNAR,../data/images/CRTECN2QZSPZDNAR.jpg
2860,CRTECN2QXXNYW7QY,../data/images/CRTECN2QXXNYW7QY.jpg
2861,SUDEHYGU4GE9UCXJ,../data/images/SUDEHYGU4GE9UCXJ.jpg
2862,CRTECN2QZVUWVHZZ,../data/images/CRTECN2QZVUWVHZZ.jpg
2863,CRTECN2QYATYF94A,../data/images/CRTECN2QYATYF94A.jpg
2864,RCLECHVGMEGUDCYU,../data/images/RCLECHVGMEGUDCYU.jpg
2865,STIEYZ5TZZNHGHAB,../data/images/STIEYZ5TZZNHGHAB.jpg
2866,KHREH26Z6GEDTYYH,../data/images/KHREH26Z6GEDTYYH.jpg
2867,WCKE2TFYGZYGYU4E,../data/images/WCKE2TFYGZYGYU4E.jpg
2868,SHIEA4AH26DDUBJN,../data/images/SHIEA4AH26DDUBJN.jpg
2869,SHIEB657EFEYYGWE,../data/images/SHIEB657EFEYYGWE.jpg
2870,SHIEBZB4U7BKYJTU,../data/images/SHIEBZB4U7BKYJTU.jpg
2871,PTGE9A8S8HXQFFFV,../data/images/PTGE9A8S8HXQFFFV.jpg
2872,LTNEHQSP479D2F8K,../data/images/LTNEHQSP479D2F8K.jpg
2873,STIEGGHFHXMJQZBG,../data/images/STIEGGHFHXMJQZBG.jpg
2874,STIEEHYKFSCTYDYT,../data/images/STIEEHYKFSCTYDYT.jpg
2875,SHIE7EUKZA97SQMQ,../data/images/SHIE7EUKZA97SQMQ.jpg
2876,TLPEGUHRNHVKZX4X,../data/images/TLPEGUHRNHVKZX4X.jpg
2877,RCLEYW4QPRG4DMJU,../data/images/RCLEYW4QPRG4DMJU.jpg
2878,SHIE9Y8XB8UPYHKS,../data/images/SHIE9Y8XB8UPYHKS.jpg
2879,SHIECGQ7FMHSYNR6,../data/images/SHIECGQ7FMHSYNR6.jpg
2880,HKHE5QUYGQAWURCP,../data/images/HKHE5QUYGQAWURCP.jpg
2881,BNGEB467ZXZZ4HWS,../data/images/BNGEB467ZXZZ4HWS.jpg
2882,STIE6JA56ZUYQH8B,../data/images/STIE6JA56ZUYQH8B.jpg
2883,SHIEHZRCHVFEEVMR,../data/images/SHIEHZRCHVFEEVMR.jpg
2884,STIEYZ5TZG9N32H6,../data/images/STIEYZ5TZG9N32H6.jpg
2885,SHIED9YEH65NSA8N,../data/images/SHIED9YEH65NSA8N.jpg
2886,POSEJUA75X5VGPAJ,../data/images/POSEJUA75X5VGPAJ.jpg
2887,SHIEDJR9RF8WTDZZ,../data/images/SHIEDJR9RF8WTDZZ.jpg
2888,STIEYZ5YZHXWZ5FJ,../data/images/STIEYZ5YZHXWZ5FJ.jpg
2889,STIEYZ5TQEGTNAUD,../data/images/STIEYZ5TQEGTNAUD.jpg
2890,DEPEDCAGCGGUWYGV,../data/images/DEPEDCAGCGGUWYGV.jpg
2891,SHIE8SPVGMNK5NFG,../data/images/SHIE8SPVGMNK5NFG.jpg
2892,PTGEGUZQKVZSWNXY,../data/images/PTGEGUZQKVZSWNXY.jpg
2893,WCKE26PFMUP4EDAA,../data/images/WCKE26PFMUP4EDAA.jpg
2894,SHIE3FHYZYD3JHQD,../data/images/SHIE3FHYZYD3JHQD.jpg
2895,SHIED78RWUCDPFRH,../data/images/SHIED78RWUCDPFRH.jpg
2896,VASEJQS2A8HYMPBB,../data/images/VASEJQS2A8HYMPBB.jpg
2897,SHIE55R4YXKFTNFR,../data/images/SHIE55R4YXKFTNFR.jpg
2898,SHIEBYA7DVARZBKB,../data/images/SHIEBYA7DVARZBKB.jpg
2899,RAKEJU36AQRXGSZW,../data/images/RAKEJU36AQRXGSZW.jpg
2900,HFCEGNQBNPDHFAVZ,../data/images/HFCEGNQBNPDHFAVZ.jpg
2901,STIEGGF46MN27YRM,../data/images/STIEGGF46MN27YRM.jpg
2902,SHIE9J6PH5ZKV7YX,../data/images/SHIE9J6PH5ZKV7YX.jpg
2903,SHIEBWNUURZ8BWDZ,../data/images/SHIEBWNUURZ8BWDZ.jpg
2904,SHIE8Q7P5XAGDZ4H,../data/images/SHIE8Q7P5XAGDZ4H.jpg
2905,RCLEYW4QPVNUJYPT,../data/images/RCLEYW4QPVNUJYPT.jpg
2906,TLPEGUHPRY8VZC35,../data/images/TLPEGUHPRY8VZC35.jpg
2907,SHIE7VEF53ZMHGMS,../data/images/SHIE7VEF53ZMHGMS.jpg
2908,PTGEE8Y9HPREBKEK,../data/images/PTGEE8Y9HPREBKEK.jpg
2909,SHIEHYHMGQWHRCBW,../data/images/SHIEHYHMGQWHRCBW.jpg
2910,SHIE834ZYF3EYSFT,../data/images/SHIE834ZYF3EYSFT.jpg
2911,PHFEG9H7GRQ6Z3QP,../data/images/PHFEG9H7GRQ6Z3QP.jpg
2912,ARPEG55TGY4ZSPNX,../data/images/ARPEG55TGY4ZSPNX.jpg
2913,WCKE56UDREZAVX5V,../data/images/WCKE56UDREZAVX5V.jpg
2914,SHIEERWHHPMWHPWB,../data/images/SHIEERWHHPMWHPWB.jpg
2915,LTNEHQSPYYBAEWYY,../data/images/LTNEHQSPYYBAEWYY.jpg
2916,STIEGGF6DZHYPYK4,../data/images/STIEGGF6DZHYPYK4.jpg
2917,PHFEGTJJ5HD9FYGF,../data/images/PHFEGTJJ5HD9FYGF.jpg
2918,SHIEB85ZRAUWMFTT,../data/images/SHIEB85ZRAUWMFTT.jpg
2919,SHIE8HXEEX69GA9F,../data/images/SHIE8HXEEX69GA9F.jpg
2920,SHIEBKMSYJFA9XZT,../data/images/SHIEBKMSYJFA9XZT.jpg
2921,PTGEGUP6TA9TUFZZ,../data/images/PTGEGUP6TA9TUFZZ.jpg
2922,WLPEJ5VGMYBYGGX7,../data/images/WLPEJ5VGMYBYGGX7.jpg
2923,SHIE472GZZQFSZPC,../data/images/SHIE472GZZQFSZPC.jpg
2924,RSFEJT4ZNP5V7HH2,../data/images/RSFEJT4ZNP5V7HH2.jpg
2925,STIEYZ5T6WKUJERC,../data/images/STIEYZ5T6WKUJERC.jpg
2926,STIE34TGNPF6MC8K,../data/images/STIE34TGNPF6MC8K.jpg
2927,PTGEDZBHHZKKGTFZ,../data/images/PTGEDZBHHZKKGTFZ.jpg
2928,SHIE9FMPNPC7ZGGZ,../data/images/SHIE9FMPNPC7ZGGZ.jpg
2929,SHIEBZB4JHGWHX5Z,../data/images/SHIEBZB4JHGWHX5Z.jpg
2930,RCLEYW4QYZAMXHJV,../data/images/RCLEYW4QYZAMXHJV.jpg
2931,PTGEE9PF9WH93CXM,../data/images/PTGEE9PF9WH93CXM.jpg
2932,GRAEDCRWFFYQVH2E,../data/images/GRAEDCRWFFYQVH2E.jpg
2933,WCKE56UCYJSEZKKG,../data/images/WCKE56UCYJSEZKKG.jpg
2934,SHIEBUEHMKAWGWQQ,../data/images/SHIEBUEHMKAWGWQQ.jpg
2935,SHIEHY2BWXJSRZFZ,../data/images/SHIEHY2BWXJSRZFZ.jpg
2936,SHIED9AKUTQZQ5ZK,../data/images/SHIED9AKUTQZQ5ZK.jpg
2937,SHIEBTG8KDBQFWAK,../data/images/SHIEBTG8KDBQFWAK.jpg
2938,SHIE6KAJKKRGGCSJ,../data/images/SHIE6KAJKKRGGCSJ.jpg
2939,SHIECKYBNNY2BNZD,../data/images/SHIECKYBNNY2BNZD.jpg
2940,SHIE92XGJHG4HH5E,../data/images/SHIE92XGJHG4HH5E.jpg
2941,CKIEGRF2ZVMW5TC5,../data/images/CKIEGRF2ZVMW5TC5.jpg
2942,WCKE25RA9WDHBYKH,../data/images/WCKE25RA9WDHBYKH.jpg
2943,CRDEJTZJAEB6JNQT,../data/images/CRDEJTZJAEB6JNQT.jpg
2944,PTGEGUPZQDZ4NDBY,../data/images/PTGEGUPZQDZ4NDBY.jpg
2945,PTGEGQFAWY7H7BJR,../data/images/PTGEGQFAWY7H7BJR.jpg
2946,SHIE55GT7F6HYXDT,../data/images/SHIE55GT7F6HYXDT.jpg
2947,SHIE2CAJP6XBWPU2,../data/images/SHIE2CAJP6XBWPU2.jpg
2948,SHIE39QJZY3BNW3A,../data/images/SHIE39QJZY3BNW3A.jpg
2949,SHIE854Z8YKYZVKE,../data/images/SHIE854Z8YKYZVKE.jpg
2950,SHIEGVPGAVSXK5QU,../data/images/SHIEGVPGAVSXK5QU.jpg
2951,SHIE93J5D9MDDZGU,../data/images/SHIE93J5D9MDDZGU.jpg
2952,SHIE8QE6RMNSGPAU,../data/images/SHIE8QE6RMNSGPAU.jpg
2953,STIEGXEYHGGMQ74Z,../data/images/STIEGXEYHGGMQ74Z.jpg
2954,SHIED9YEGQVPFGQN,../data/images/SHIED9YEGQVPFGQN.jpg
2955,SHIE2NM4FBBAYP9U,../data/images/SHIE2NM4FBBAYP9U.jpg
2956,WCKEGNRGZZESVZKN,../data/images/WCKEGNRGZZESVZKN.jpg
2957,SHIEAVZQQUWKYURZ,../data/images/SHIEAVZQQUWKYURZ.jpg
2958,PTGEDZBHZHGW2H4H,../data/images/PTGEDZBHZHGW2H4H.jpg
2959,SHIEBCQZGGKHEKSZ,../data/images/SHIEBCQZGGKHEKSZ.jpg
2960,ARPEG54NHHJDT9FZ,../data/images/ARPEG54NHHJDT9FZ.jpg
2961,STIEYZ5TYMKVXHUZ,../data/images/STIEYZ5TYMKVXHUZ.jpg
2962,SHIECQHNRRBCFBFG,../data/images/SHIECQHNRRBCFBFG.jpg
2963,STIEA4CNPADJXBRY,../data/images/STIEA4CNPADJXBRY.jpg
2964,SHIEAVZQBP8HKYNH,../data/images/SHIEAVZQBP8HKYNH.jpg
2965,VASEJDBZDNPPUFEK,../data/images/VASEJDBZDNPPUFEK.jpg
2966,WCKE56UCUA7M9VUZ,../data/images/WCKE56UCUA7M9VUZ.jpg
2967,SHIEAMGZDAP7FWG5,../data/images/SHIEAMGZDAP7FWG5.jpg
2968,WCKE26PFGGBFEP9A,../data/images/WCKE26PFGGBFEP9A.jpg
2969,INSEJZHHBYACZ4ZF,../data/images/INSEJZHHBYACZ4ZF.jpg
2970,RCLEYW4QSHJZXAJH,../data/images/RCLEYW4QSHJZXAJH.jpg
2971,STIEYZ5T4GMGBZEU,../data/images/STIEYZ5T4GMGBZEU.jpg
2972,SHIEARR3DXE2SXRF,../data/images/SHIEARR3DXE2SXRF.jpg
2973,TLPEG6GSDFSCZPF2,../data/images/TLPEG6GSDFSCZPF2.jpg
2974,PHFEJNHGK4CZJKEG,../data/images/PHFEJNHGK4CZJKEG.jpg
2975,STIEYZ5UYMPWNRT6,../data/images/STIEYZ5UYMPWNRT6.jpg
2976,STIEAE2ZAHKFJJMU,../data/images/STIEAE2ZAHKFJJMU.jpg
2977,SHIE8WYNTGEU8JDA,../data/images/SHIE8WYNTGEU8JDA.jpg
2978,SHIECQP4MBUZFWP3,../data/images/SHIECQP4MBUZFWP3.jpg
2979,STIE6JA4UNR5RK4S,../data/images/STIE6JA4UNR5RK4S.jpg
2980,SHIEGWVP4ZGYGG5Y,../data/images/SHIEGWVP4ZGYGG5Y.jpg
2981,PHFEG8HFYXFTK6JA,../data/images/PHFEG8HFYXFTK6JA.jpg
2982,SHIEHGXG5PNH2HEF,../data/images/SHIEHGXG5PNH2HEF.jpg
2983,DEPEEGTHNNNSWZTZ,../data/images/DEPEEGTHNNNSWZTZ.jpg
2984,SHIECAYW3VZWGZGX,../data/images/SHIECAYW3VZWGZGX.jpg
2985,SHIEC9AFED2B2EZX,../data/images/SHIEC9AFED2B2EZX.jpg
2986,STIEYZ5SVEZX9BJG,../data/images/STIEYZ5SVEZX9BJG.jpg
2987,SHIECV5BYUZEQJT7,../data/images/SHIECV5BYUZEQJT7.jpg
2988,RSFEJDMAXYKUD3CG,../data/images/RSFEJDMAXYKUD3CG.jpg
2989,PTGEG77MHGS9UZHT,../data/images/PTGEG77MHGS9UZHT.jpg
2990,WCKE56UDJ9MG3XGU,../data/images/WCKE56UDJ9MG3XGU.jpg
2991,STIEYZ5ZCPDHF5HK,../data/images/STIEYZ5ZCPDHF5HK.jpg
2992,SHIEAUUTMZEXJQGG,../data/images/SHIEAUUTMZEXJQGG.jpg
2993,SHIEYZF6GPYGTTWY,../data/images/SHIEYZF6GPYGTTWY.jpg
2994,STIEYZ5T3ZF7VS7V,../data/images/STIEYZ5T3ZF7VS7V.jpg
2995,SHIE5EF4YXZHTNFZ,../data/images/SHIE5EF4YXZHTNFZ.jpg
2996,STIEEHYKGFJZ8ZKA,../data/images/STIEEHYKGFJZ8ZKA.jpg
2997,SHIEA3GYUGTA4T2A,../data/images/SHIEA3GYUGTA4T2A.jpg
2998,SHIE9FMZAH4U4H6Z,../data/images/SHIE9FMZAH4U4H6Z.jpg
2999,STIEYZ5TNACUD77N,../data/images/STIEYZ5TNACUD77N.jpg
3000,SHIE9FMPGFYZR2YZ,../data/images/SHIE9FMPGFYZR2YZ.jpg
3001,GKEE5ZZ34VYKVZEK,../data/images/GKEE5ZZ34VYKVZEK.jpg
3002,RCLEYW4PQPMHDXGJ,../data/images/RCLEYW4PQPMHDXGJ.jpg
3003,SHIEYZF6VHZ5HTVV,../data/images/SHIEYZF6VHZ5HTVV.jpg
3004,SHIEGSDVTESTQFAQ,../data/images/SHIEGSDVTESTQFAQ.jpg
3005,SHIEAMGZFHYABMHB,../data/images/SHIEAMGZFHYABMHB.jpg
3006,SHIECVUM8WK2BCCW,../data/images/SHIECVUM8WK2BCCW.jpg
3007,STIEYZ5TJ5HSFPPB,../data/images/STIEYZ5TJ5HSFPPB.jpg
3008,SHIEJNHHYWGF96EZ,../data/images/SHIEJNHHYWGF96EZ.jpg
3009,SHIEBWNUNANV22KB,../data/images/SHIEBWNUNANV22KB.jpg
3010,SHIE55GT4JDKEGZQ,../data/images/SHIE55GT4JDKEGZQ.jpg
3011,SHIEE5NRDCFPEGBB,../data/images/SHIEE5NRDCFPEGBB.jpg
3012,SHIED9QZH7GZUGSK,../data/images/SHIED9QZH7GZUGSK.jpg
3013,DEPEE992T9RYUUHR,../data/images/DEPEE992T9RYUUHR.jpg
3014,SHIE8WMZ2KHZWZKZ,../data/images/SHIE8WMZ2KHZWZKZ.jpg
3015,WCKE2TFYTHBHTP5B,../data/images/WCKE2TFYTHBHTP5B.jpg
3016,SHIE8G24RUNDF63N,../data/images/SHIE8G24RUNDF63N.jpg
3017,ARPEFZT4KHXGY4XX,../data/images/ARPEFZT4KHXGY4XX.jpg
3018,STIEEHYJZBYHET4F,../data/images/STIEEHYJZBYHET4F.jpg
3019,SHIE6G82KNDJUCAQ,../data/images/SHIE6G82KNDJUCAQ.jpg
3020,RCLEYW4Q2MXFSCSM,../data/images/RCLEYW4Q2MXFSCSM.jpg
3021,ARPEEMCAMGADRCGQ,../data/images/ARPEEMCAMGADRCGQ.jpg
3022,STIEYZ5XDGADZFAP,../data/images/STIEYZ5XDGADZFAP.jpg
3023,TLPEGUHQVHZPGVDB,../data/images/TLPEGUHQVHZPGVDB.jpg
3024,SHIE7DFNFZRPTGKD,../data/images/SHIE7DFNFZRPTGKD.jpg
3025,PHFEG8HFHPE6ZXZ5,../data/images/PHFEG8HFHPE6ZXZ5.jpg
3026,SHIE9GH8DZF3APB9,../data/images/SHIE9GH8DZF3APB9.jpg
3027,RCLEYW4PKHPWGSDV,../data/images/RCLEYW4PKHPWGSDV.jpg
3028,VASEHU9W3N9RDPGZ,../data/images/VASEHU9W3N9RDPGZ.jpg
3029,WLPEJR93AGRUSEZH,../data/images/WLPEJR93AGRUSEZH.jpg
3030,STIEAE2ZRKWBFNSP,../data/images/STIEAE2ZRKWBFNSP.jpg
3031,WCKEDUW96VMDHGTN,../data/images/WCKEDUW96VMDHGTN.jpg
3032,SHIE95FZRPVUP9TT,../data/images/SHIE95FZRPVUP9TT.jpg
3033,POSEH6RFMHRP9WNZ,../data/images/POSEH6RFMHRP9WNZ.jpg
3034,SHIE7DFNYZC6YWTT,../data/images/SHIE7DFNYZC6YWTT.jpg
3035,SHIECGUP3UE5HNXG,../data/images/SHIECGUP3UE5HNXG.jpg
3036,PTGEGUZHKTTY5BKJ,../data/images/PTGEGUZHKTTY5BKJ.jpg
3037,SHIECPZPHMWWB4YB,../data/images/SHIECPZPHMWWB4YB.jpg
3038,SHIE3YW8AGHPXQZZ,../data/images/SHIE3YW8AGHPXQZZ.jpg
3039,SHIE9J6PRGFHJHRY,../data/images/SHIE9J6PRGFHJHRY.jpg
3040,ARPEE3YXEPFNJGUZ,../data/images/ARPEE3YXEPFNJGUZ.jpg
3041,HKSEFHYXHEBSYZR6,../data/images/HKSEFHYXHEBSYZR6.jpg
3042,AIRE9B8EKTNR8J4B,../data/images/AIRE9B8EKTNR8J4B.jpg
3043,SHIE9J6PPZ44RZDK,../data/images/SHIE9J6PPZ44RZDK.jpg
3044,SHIE9J6QNCYPG2J9,../data/images/SHIE9J6QNCYPG2J9.jpg
3045,WCKEGGN2J66F3KAF,../data/images/WCKEGGN2J66F3KAF.jpg
3046,AIRED9YGJWG2GXUK,../data/images/AIRED9YGJWG2GXUK.jpg
3047,SHIE3QDHDTF4BMK4,../data/images/SHIE3QDHDTF4BMK4.jpg
3048,SHIE5U6NNGWD7CDX,../data/images/SHIE5U6NNGWD7CDX.jpg
3049,STIEYZ5TUKTYH4KD,../data/images/STIEYZ5TUKTYH4KD.jpg
3050,WCKE2TFYRTHGTUTC,../data/images/WCKE2TFYRTHGTUTC.jpg
3051,STIE6Q5TNH3UMHNU,../data/images/STIE6Q5TNH3UMHNU.jpg
3052,SHIECSRFZCQRERTJ,../data/images/SHIECSRFZCQRERTJ.jpg
3053,SHIEY382DC3J6MBU,../data/images/SHIEY382DC3J6MBU.jpg
3054,SHIEB7957MQBWGV3,../data/images/SHIEB7957MQBWGV3.jpg
3055,SHIEDUW9A53NNGWA,../data/images/SHIEDUW9A53NNGWA.jpg
3056,SHIEH72VZX6BH5BB,../data/images/SHIEH72VZX6BH5BB.jpg
3057,STIEYZ5TS53XAZUR,../data/images/STIEYZ5TS53XAZUR.jpg
3058,STIEGGG5X7XFSCRJ,../data/images/STIEGGG5X7XFSCRJ.jpg
3059,PHFEJNH7XUEGHCAA,../data/images/PHFEJNH7XUEGHCAA.jpg
3060,SHIEA3GY4Q2NHPXA,../data/images/SHIEA3GY4Q2NHPXA.jpg
3061,AIRE98PZEWXEQFVC,../data/images/AIRE98PZEWXEQFVC.jpg
3062,STIEEHYKXGSW9FYH,../data/images/STIEEHYKXGSW9FYH.jpg
3063,SHIEHXZEFKZK3FSS,../data/images/SHIEHXZEFKZK3FSS.jpg
3064,SHIEJWDQATXMFH5C,../data/images/SHIEJWDQATXMFH5C.jpg
3065,SHIEA33PFVZWGR3Q,../data/images/SHIEA33PFVZWGR3Q.jpg
3066,SHIEAU6YY2FY4XXX,../data/images/SHIEAU6YY2FY4XXX.jpg
3067,SHIEBCQZFENB4BGC,../data/images/SHIEBCQZFENB4BGC.jpg
3068,RAKEJU38ZMFGGJWJ,../data/images/RAKEJU38ZMFGGJWJ.jpg
3069,SHIEY6KFSWWZVUVT,../data/images/SHIEY6KFSWWZVUVT.jpg
3070,KHREGSDWQZKZRY3J,../data/images/KHREGSDWQZKZRY3J.jpg
3071,SHIE53GCQDQEK7SF,../data/images/SHIE53GCQDQEK7SF.jpg
3072,WCKE56UCTBCHWDZZ,../data/images/WCKE56UCTBCHWDZZ.jpg
3073,SHIE7QCY6ZQSUF6E,../data/images/SHIE7QCY6ZQSUF6E.jpg
3074,SHIEJY5HPVJT9MUE,../data/images/SHIEJY5HPVJT9MUE.jpg
3075,WCKE26PFXHYFSKPP,../data/images/WCKE26PFXHYFSKPP.jpg
3076,SHIDYPABZUZ7PZVW,../data/images/SHIDYPABZUZ7PZVW.jpg
3077,RSFEHYDXK3ZUVRVY,../data/images/RSFEHYDXK3ZUVRVY.jpg
3078,PHFEGJGHPSYKMHES,../data/images/PHFEGJGHPSYKMHES.jpg
3079,SHIEB59MMCHHZ4XJ,../data/images/SHIEB59MMCHHZ4XJ.jpg
3080,SHIE9C45CPQTYDV6,../data/images/SHIE9C45CPQTYDV6.jpg
3081,SHIEAKXK6FC6PVDD,../data/images/SHIEAKXK6FC6PVDD.jpg
3082,RCLECS6HRZJ6Z8TS,../data/images/RCLECS6HRZJ6Z8TS.jpg
3083,SNKEBPVFVGG8A5UR,../data/images/SNKEBPVFVGG8A5UR.jpg
3084,SHIE4PZGEARGTGCP,../data/images/SHIE4PZGEARGTGCP.jpg
3085,SHIE7VFYMZMDGAEQ,../data/images/SHIE7VFYMZMDGAEQ.jpg
3086,SHIEARR3VTUDSNFD,../data/images/SHIEARR3VTUDSNFD.jpg
3087,SHIEH5WQNYP7FD9Q,../data/images/SHIEH5WQNYP7FD9Q.jpg
3088,WCKE26PFEZETHGRZ,../data/images/WCKE26PFEZETHGRZ.jpg
3089,STIEEHYKHYS3XCTH,../data/images/STIEEHYKHYS3XCTH.jpg
3090,SHIEY382SR75SXEY,../data/images/SHIEY382SR75SXEY.jpg
3091,RCLEC88FDFFHFZ8N,../data/images/RCLEC88FDFFHFZ8N.jpg
3092,HKHED633F9Y9PGVR,../data/images/HKHED633F9Y9PGVR.jpg
3093,SHIE6ZSBWP9DTDHZ,../data/images/SHIE6ZSBWP9DTDHZ.jpg
3094,SHIED8T6GSTTYVBA,../data/images/SHIED8T6GSTTYVBA.jpg
3095,RCLEEFTH3QGRZF7G,../data/images/RCLEEFTH3QGRZF7G.jpg
3096,SHIE6ZSBG6MQDHNX,../data/images/SHIE6ZSBG6MQDHNX.jpg
3097,SHIE5CEEJF5VWZFH,../data/images/SHIE5CEEJF5VWZFH.jpg
3098,ARPEDQM39KH99YSG,../data/images/ARPEDQM39KH99YSG.jpg
3099,SHIEB85ZA9EMJ4BZ,../data/images/SHIEB85ZA9EMJ4BZ.jpg
3100,SHIEBQF6BNGS946Z,../data/images/SHIEBQF6BNGS946Z.jpg
3101,SHIEARR34RCY5ZPH,../data/images/SHIEARR34RCY5ZPH.jpg
3102,WCKE2TFYSPKJHWJG,../data/images/WCKE2TFYSPKJHWJG.jpg
3103,SHIECH87SYGU7F8A,../data/images/SHIECH87SYGU7F8A.jpg
3104,SHIEAXGYUTQSUBUQ,../data/images/SHIEAXGYUTQSUBUQ.jpg
3105,SHIE2QTSMSXF9QAH,../data/images/SHIE2QTSMSXF9QAH.jpg
3106,AIREBB9APEFZYSFB,../data/images/AIREBB9APEFZYSFB.jpg
3107,CRDEJTZKCCUAHCBB,../data/images/CRDEJTZKCCUAHCBB.jpg
3108,SHIECSPA5TZMFSS6,../data/images/SHIECSPA5TZMFSS6.jpg
3109,SHIE3YW8E89ZWPFD,../data/images/SHIE3YW8E89ZWPFD.jpg
3110,DEPEECKGGQEPNCJU,../data/images/DEPEECKGGQEPNCJU.jpg
3111,SHIE5U6NBCUHQZTS,../data/images/SHIE5U6NBCUHQZTS.jpg
3112,SHIEYZF6UHDUDHN5,../data/images/SHIEYZF6UHDUDHN5.jpg
3113,WCKEDVH6WZBMEKHN,../data/images/WCKEDVH6WZBMEKHN.jpg
3114,HFCEGNQBX5WRS5DZ,../data/images/HFCEGNQBX5WRS5DZ.jpg
3115,SHIEHYHHNPVZEXVZ,../data/images/SHIEHYHHNPVZEXVZ.jpg
3116,RCLEBAWZJHAQWXCT,../data/images/RCLEBAWZJHAQWXCT.jpg
3117,PTGEGUPY56VN7B6A,../data/images/PTGEGUPY56VN7B6A.jpg
3118,SHIE25R9XNBE78MY,../data/images/SHIE25R9XNBE78MY.jpg
3119,TLPEG6GR9HUYW3ES,../data/images/TLPEG6GR9HUYW3ES.jpg
3120,STIEYZ63XFZRHBHP,../data/images/STIEYZ63XFZRHBHP.jpg
3121,STIE6Q5UAMR4ZWPD,../data/images/STIE6Q5UAMR4ZWPD.jpg
3122,SHIECGFT7U8W3ZQN,../data/images/SHIECGFT7U8W3ZQN.jpg
3123,STIEYZ5TNV9BAWM9,../data/images/STIEYZ5TNV9BAWM9.jpg
3124,SHIE7GY2FRWSTGZF,../data/images/SHIE7GY2FRWSTGZF.jpg
3125,SHIE954FZSSHYFGG,../data/images/SHIE954FZSSHYFGG.jpg
3126,VASEJQQNGXXSK9HM,../data/images/VASEJQQNGXXSK9HM.jpg
3127,STIE6JA5JTYFXFRE,../data/images/STIE6JA5JTYFXFRE.jpg
3128,RCLECC9YFXCTZE8M,../data/images/RCLECC9YFXCTZE8M.jpg
3129,ARPEFZT4FGYZZHAZ,../data/images/ARPEFZT4FGYZZHAZ.jpg
3130,WCKE2TFYMTCGDBE6,../data/images/WCKE2TFYMTCGDBE6.jpg
3131,STIE6JA4JQZ675HW,../data/images/STIE6JA4JQZ675HW.jpg
3132,SHIE7DFN7ZSSVHXC,../data/images/SHIE7DFN7ZSSVHXC.jpg
3133,PTGEJQR3SVBUNGQQ,../data/images/PTGEJQR3SVBUNGQQ.jpg
3134,SHIEYZ3F3QWMYNEC,../data/images/SHIEYZ3F3QWMYNEC.jpg
3135,TLPEHAKFGFC9QPM4,../data/images/TLPEHAKFGFC9QPM4.jpg
3136,SHIEBTT2R6Q2VBY6,../data/images/SHIEBTT2R6Q2VBY6.jpg
3137,SHIECMGF5WTA2WGG,../data/images/SHIECMGF5WTA2WGG.jpg
3138,ARPEFYZQ7PZSTFFS,../data/images/ARPEFYZQ7PZSTFFS.jpg
3139,RSFEHYE2GRC9ZHMJ,../data/images/RSFEHYE2GRC9ZHMJ.jpg
3140,PTGEGUP5KM48MRRW,../data/images/PTGEGUP5KM48MRRW.jpg
3141,PTGEGUZVM4X9XZWG,../data/images/PTGEGUZVM4X9XZWG.jpg
3142,SHIEBZB4SXXAG6TH,../data/images/SHIEBZB4SXXAG6TH.jpg
3143,SHIECPZQNKC9TGAC,../data/images/SHIECPZQNKC9TGAC.jpg
3144,SHIE3QDHGHWCMCZG,../data/images/SHIE3QDHGHWCMCZG.jpg
3145,WCKEGG6YZUBZUVXD,../data/images/WCKEGG6YZUBZUVXD.jpg
3146,STIEYZ5TGZSPA2FQ,../data/images/STIEYZ5TGZSPA2FQ.jpg
3147,RCLEYW4QNGHANNYH,../data/images/RCLEYW4QNGHANNYH.jpg
3148,PTGEE9APWGGDTTMM,../data/images/PTGEE9APWGGDTTMM.jpg
3149,SHIE5HZ5UWWXYXWV,../data/images/SHIE5HZ5UWWXYXWV.jpg
3150,STIEGPHXHYBJGHQS,../data/images/STIEGPHXHYBJGHQS.jpg
3151,PTGEGUPN4DGKNRZE,../data/images/PTGEGUPN4DGKNRZE.jpg
3152,SHIEHYHMWMYPDFSU,../data/images/SHIEHYHMWMYPDFSU.jpg
3153,SHIEAREZZWVXUBQT,../data/images/SHIEAREZZWVXUBQT.jpg
3154,PTGEE9CSJWGBQDBY,../data/images/PTGEE9CSJWGBQDBY.jpg
3155,ARPEEMC95HMYAJNH,../data/images/ARPEEMC95HMYAJNH.jpg
3156,SHIEBFXDQYHQAUQF,../data/images/SHIEBFXDQYHQAUQF.jpg
3157,PTGEGUPFREGF543N,../data/images/PTGEGUPFREGF543N.jpg
3158,SHIEGWTYGF2TFDPP,../data/images/SHIEGWTYGF2TFDPP.jpg
3159,SHIECCF7HXG7JT6G,../data/images/SHIECCF7HXG7JT6G.jpg
3160,SHIE6ZHNFS9S8FTX,../data/images/SHIE6ZHNFS9S8FTX.jpg
3161,WCKE56UCNFG9PJ9Q,../data/images/WCKE56UCNFG9PJ9Q.jpg
3162,FIOEFUXPJQYZKDXZ,../data/images/FIOEFUXPJQYZKDXZ.jpg
3163,SHIEBGHDHBWNZBJB,../data/images/SHIEBGHDHBWNZBJB.jpg
3164,SHIE6ZSBHCNYY2CP,../data/images/SHIE6ZSBHCNYY2CP.jpg
3165,SHIE7DFN2AGNFUUS,../data/images/SHIE7DFN2AGNFUUS.jpg
3166,SHIEF8DUHZJP8MVC,../data/images/SHIEF8DUHZJP8MVC.jpg
3167,SHIEBFDAW2GHMTYS,../data/images/SHIEBFDAW2GHMTYS.jpg
3168,SHIE7VFYJHKGMXUR,../data/images/SHIE7VFYJHKGMXUR.jpg
3169,SHIE2XDXPYYGJJZN,../data/images/SHIE2XDXPYYGJJZN.jpg
3170,SHIEBTT2PX3XCFHU,../data/images/SHIEBTT2PX3XCFHU.jpg
3171,KHREH26ZBZCPVPSJ,../data/images/KHREH26ZBZCPVPSJ.jpg
3172,SHIEARQ3SFURR9EY,../data/images/SHIEARQ3SFURR9EY.jpg
3173,SHIE7MMKBRXEWKYQ,../data/images/SHIE7MMKBRXEWKYQ.jpg
3174,PTGEGUZNXKZ8P6Z9,../data/images/PTGEGUZNXKZ8P6Z9.jpg
3175,SHIE9ESMNSYKZMUG,../data/images/SHIE9ESMNSYKZMUG.jpg
3176,SHIE9FMP3RBSYMEV,../data/images/SHIE9FMP3RBSYMEV.jpg
3177,PTGEGUZZJXXJBGPQ,../data/images/PTGEGUZZJXXJBGPQ.jpg
3178,SHIEC8ATXGYEJ4GD,../data/images/SHIEC8ATXGYEJ4GD.jpg
3179,SHIEAPE9AZ79HFJZ,../data/images/SHIEAPE9AZ79HFJZ.jpg
3180,AIRE98PZ7PC54SRA,../data/images/AIRE98PZ7PC54SRA.jpg
3181,SHIECTS9VCW9SN75,../data/images/SHIECTS9VCW9SN75.jpg
3182,WCKE25RAHZRQP7YR,../data/images/WCKE25RAHZRQP7YR.jpg
3183,SHIEBZY34GZUFZQX,../data/images/SHIEBZY34GZUFZQX.jpg
3184,POSEH6R6F5GFFHA7,../data/images/POSEH6R6F5GFFHA7.jpg
3185,SHIE834ZGCFNCSPK,../data/images/SHIE834ZGCFNCSPK.jpg
3186,STIEYZ5TSXN8QU4H,../data/images/STIEYZ5TSXN8QU4H.jpg
3187,SHIDYZAYRM4KKJGR,../data/images/SHIDYZAYRM4KKJGR.jpg
3188,SHIE9J6PAJGHYX6B,../data/images/SHIE9J6PAJGHYX6B.jpg
3189,SHIECRY7XECHNFNH,../data/images/SHIECRY7XECHNFNH.jpg
3190,WCKEJFDDZHGFPSGW,../data/images/WCKEJFDDZHGFPSGW.jpg
3191,DEPEDXSYGHYWFHRT,../data/images/DEPEDXSYGHYWFHRT.jpg
3192,SHIECFNXZ7W9GVYZ,../data/images/SHIECFNXZ7W9GVYZ.jpg
3193,STIEYZ5T8JH6GFHX,../data/images/STIEYZ5T8JH6GFHX.jpg
3194,SHIED8FWBW8XWUGE,../data/images/SHIED8FWBW8XWUGE.jpg
3195,SHIE93F2TFZXQHFG,../data/images/SHIE93F2TFZXQHFG.jpg
3196,SHIE4THTCWNHTZXM,../data/images/SHIE4THTCWNHTZXM.jpg
3197,STIEYZ5UYVSPATVA,../data/images/STIEYZ5UYVSPATVA.jpg
3198,SHIE7ZWAT8HEHBZX,../data/images/SHIE7ZWAT8HEHBZX.jpg
3199,SHIEH6NHGJJPEDUS,../data/images/SHIEH6NHGJJPEDUS.jpg
3200,SHIE4SFGBDRCCCDA,../data/images/SHIE4SFGBDRCCCDA.jpg
3201,RCLECS6HFGX2ZAY5,../data/images/RCLECS6HFGX2ZAY5.jpg
3202,INSDZKFYE9FHHPNC,../data/images/INSDZKFYE9FHHPNC.jpg
3203,STIEEHYKPPRXANDJ,../data/images/STIEEHYKPPRXANDJ.jpg
3204,AIREGHYGSZKZYZBB,../data/images/AIREGHYGSZKZYZBB.jpg
3205,STIEJPM5PA8HVJFV,../data/images/STIEJPM5PA8HVJFV.jpg
3206,VASEJQQGBDQ5GJQ5,../data/images/VASEJQQGBDQ5GJQ5.jpg
3207,DEPEE6TY9ZYHQCTY,../data/images/DEPEE6TY9ZYHQCTY.jpg
3208,SHIE8M9PWUF5H4SF,../data/images/SHIE8M9PWUF5H4SF.jpg
3209,SHIE853ADDAHYSFQ,../data/images/SHIE853ADDAHYSFQ.jpg
3210,RSFEHYBRPRRCKZQM,../data/images/RSFEHYBRPRRCKZQM.jpg
3211,VAAEGPSGGKYB7UAH,../data/images/VAAEGPSGGKYB7UAH.jpg
3212,SHIECZNMYRAQJHRW,../data/images/SHIECZNMYRAQJHRW.jpg
3213,SHIE9J6QKG4SD5WG,../data/images/SHIE9J6QKG4SD5WG.jpg
3214,CAGE5PHY7ZHR6GC9,../data/images/CAGE5PHY7ZHR6GC9.jpg
3215,CAGED6YFNUF4UUTH,../data/images/CAGED6YFNUF4UUTH.jpg
3216,HCPEFNFMYAUM6CNN,../data/images/HCPEFNFMYAUM6CNN.jpg
3217,CAGE6FZQH7KMNAKA,../data/images/CAGE6FZQH7KMNAKA.jpg
3218,CAGEBTJBTZ9HK4AU,../data/images/CAGEBTJBTZ9HK4AU.jpg
3219,CAGDV253GZSTRTWC,../data/images/CAGDV253GZSTRTWC.jpg
3220,VANEGPA7YHEVNMBF,../data/images/VANEGPA7YHEVNMBF.jpg
3221,CAGED6GKXVK5EZHH,../data/images/CAGED6GKXVK5EZHH.jpg
3222,VANEB97UCYGMNHRY,../data/images/VANEB97UCYGMNHRY.jpg
3223,DEOEGCYJVH7BGHTY,../data/images/DEOEGCYJVH7BGHTY.jpg
3224,SNREBR5MZHSPP6SQ,../data/images/SNREBR5MZHSPP6SQ.jpg
3225,CAGEYUXVAKNKDUUV,../data/images/CAGEYUXVAKNKDUUV.jpg
3226,CAGDS6VEGGYYEYUH,../data/images/CAGDS6VEGGYYEYUH.jpg
3227,CBKEAHJXG8EJYDY6,../data/images/CBKEAHJXG8EJYDY6.jpg
3228,CAGDTSJUFVMVP3XG,../data/images/CAGDTSJUFVMVP3XG.jpg
3229,SNRE53FVTK2FQAKU,../data/images/SNRE53FVTK2FQAKU.jpg
3230,MNKEACEYYP8HF2JF,../data/images/MNKEACEYYP8HF2JF.jpg
3231,CAGE9YTZHBQ5ZGWM,../data/images/CAGE9YTZHBQ5ZGWM.jpg
3232,CAGE6SYMVUA8FPT8,../data/images/CAGE6SYMVUA8FPT8.jpg
3233,PDKE9C4FPDFDQSUW,../data/images/PDKE9C4FPDFDQSUW.jpg
3234,CAGE4GF7UWGZHN7J,../data/images/CAGE4GF7UWGZHN7J.jpg
3235,CAGDSNMD7GV2GYMH,../data/images/CAGDSNMD7GV2GYMH.jpg
3236,CAGE8X8XZCGGXQ7Z,../data/images/CAGE8X8XZCGGXQ7Z.jpg
3237,SNRECF6UH7GERGGU,../data/images/SNRECF6UH7GERGGU.jpg
3238,CAGEBZ7UGCZZHVTE,../data/images/CAGEBZ7UGCZZHVTE.jpg
3239,CAGDY9Q7QVXRYZMY,../data/images/CAGDY9Q7QVXRYZMY.jpg
3240,CAGEAN78EYYZGPKP,../data/images/CAGEAN78EYYZGPKP.jpg
3241,CAGE7NK9NNWVPYGZ,../data/images/CAGE7NK9NNWVPYGZ.jpg
3242,CAGE9B78AVRWXHGD,../data/images/CAGE9B78AVRWXHGD.jpg
3243,CAGE9ABAGXS3WZDB,../data/images/CAGE9ABAGXS3WZDB.jpg
3244,CAGEBTGGUDAHNG8D,../data/images/CAGEBTGGUDAHNG8D.jpg
3245,MNKE75M6XXECTDK6,../data/images/MNKE75M6XXECTDK6.jpg
3246,CAGECHKFHCDYVHQQ,../data/images/CAGECHKFHCDYVHQQ.jpg
3247,CAGE4Y4FXXUZS4ZP,../data/images/CAGE4Y4FXXUZS4ZP.jpg
3248,CAGE8SCPNS5RCE4V,../data/images/CAGE8SCPNS5RCE4V.jpg
3249,DEOEG9GYTRECGKPY,../data/images/DEOEG9GYTRECGKPY.jpg
3250,CAGDZVGTV3SMMMBY,../data/images/CAGDZVGTV3SMMMBY.jpg
3251,CAGE76HYPAMJ7WKH,../data/images/CAGE76HYPAMJ7WKH.jpg
3252,VANE4VND2XHZRCNT,../data/images/VANE4VND2XHZRCNT.jpg
3253,SLMEDD5NV2ET25RZ,../data/images/SLMEDD5NV2ET25RZ.jpg
3254,BRZEG9F4YGWSGFVD,../data/images/BRZEG9F4YGWSGFVD.jpg
3255,CAGE9AGR4VWWTDY4,../data/images/CAGE9AGR4VWWTDY4.jpg
3256,CAGEBTJBPXFFZWEH,../data/images/CAGEBTJBPXFFZWEH.jpg
3257,LSKEEGNSMPN7C8BE,../data/images/LSKEEGNSMPN7C8BE.jpg
3258,VANE2ENYCDFZYHD3,../data/images/VANE2ENYCDFZYHD3.jpg
3259,VANEGQ6HKXP73RDE,../data/images/VANEGQ6HKXP73RDE.jpg
3260,CAGDVVX9HE6C9WYF,../data/images/CAGDVVX9HE6C9WYF.jpg
3261,ESDEE3KKYXVXUZVG,../data/images/ESDEE3KKYXVXUZVG.jpg
3262,BFAD3ZJYYCXDAVGH,../data/images/BFAD3ZJYYCXDAVGH.jpg
3263,SNREDZEKGTF8KTUR,../data/images/SNREDZEKGTF8KTUR.jpg
3264,CBKEBFJWGCTVNSVJ,../data/images/CBKEBFJWGCTVNSVJ.jpg
3265,LPBEGDV88DZJK6QP,../data/images/LPBEGDV88DZJK6QP.jpg
3266,SNRE82YYYKFZFACZ,../data/images/SNRE82YYYKFZFACZ.jpg
3267,CAGE53FS5CFUVY3D,../data/images/CAGE53FS5CFUVY3D.jpg
3268,VANEG47EKAQE3CQT,../data/images/VANEG47EKAQE3CQT.jpg
3269,HRCEGVZ9GNYJNREX,../data/images/HRCEGVZ9GNYJNREX.jpg
3270,BEOEHHQZYG2VSX6W,../data/images/BEOEHHQZYG2VSX6W.jpg
3271,CAGEBTJBUKGHGBSJ,../data/images/CAGEBTJBUKGHGBSJ.jpg
3272,CAGE3FCNYX3YFNGY,../data/images/CAGE3FCNYX3YFNGY.jpg
3273,HTSEG6YUAFSNFG6M,../data/images/HTSEG6YUAFSNFG6M.jpg
3274,CAGDUDG8FHXXUYJS,../data/images/CAGDUDG8FHXXUYJS.jpg
3275,CAGE7NK9GT9GQKH2,../data/images/CAGE7NK9GT9GQKH2.jpg
3276,CAGEYFZWDZYE5VPH,../data/images/CAGEYFZWDZYE5VPH.jpg
3277,CBKEBFJX7YMGHAWS,../data/images/CBKEBFJX7YMGHAWS.jpg
3278,BAREGTPMGGH6MB8V,../data/images/BAREGTPMGGH6MB8V.jpg
3279,CAGE7GFZ7ZVGXMAR,../data/images/CAGE7GFZ7ZVGXMAR.jpg
3280,CAGE745BJ67RZCRR,../data/images/CAGE745BJ67RZCRR.jpg
3281,CAGE9ABAFWTJFGVY,../data/images/CAGE9ABAFWTJFGVY.jpg
3282,CAGEFZWRZGH3HNQM,../data/images/CAGEFZWRZGH3HNQM.jpg
3283,CBKEBFJWFQZZ2KGZ,../data/images/CBKEBFJWFQZZ2KGZ.jpg
3284,CAGE775RKU3WYJWG,../data/images/CAGE775RKU3WYJWG.jpg
3285,VANEB97USJ7GYHTF,../data/images/VANEB97USJ7GYHTF.jpg
3286,SNREA7P9GK8HM2Y4,../data/images/SNREA7P9GK8HM2Y4.jpg
3287,CAGE9ABAYFMUUH45,../data/images/CAGE9ABAYFMUUH45.jpg
3288,CAGEBTGEZYMKVZQV,../data/images/CAGEBTGEZYMKVZQV.jpg
3289,MNKE7VFJG9PCYHRU,../data/images/MNKE7VFJG9PCYHRU.jpg
3290,SMPEJWCKPNNPDVKG,../data/images/SMPEJWCKPNNPDVKG.jpg
3291,CBKEAHJXAZKUNPSP,../data/images/CBKEAHJXAZKUNPSP.jpg
3292,CAGDVVX97KZEH2EJ,../data/images/CAGDVVX97KZEH2EJ.jpg
3293,CAGE8SCPGJQXUWHF,../data/images/CAGE8SCPGJQXUWHF.jpg
3294,BEOEGXRWE4NDBJNV,../data/images/BEOEGXRWE4NDBJNV.jpg
3295,CAGEBFPEVT4JFGPC,../data/images/CAGEBFPEVT4JFGPC.jpg
3296,CAGE5QJGHCGQNQVU,../data/images/CAGE5QJGHCGQNQVU.jpg
3297,VANE3KUFNUEGQNKH,../data/images/VANE3KUFNUEGQNKH.jpg
3298,CAGE4Y4FZ7H9JZTB,../data/images/CAGE4Y4FZ7H9JZTB.jpg
3299,CAGEYUXVF2FNARKD,../data/images/CAGEYUXVF2FNARKD.jpg
3300,CAGE5HPCQHDXS9XR,../data/images/CAGE5HPCQHDXS9XR.jpg
3301,MNKE5YG7USVVTPCZ,../data/images/MNKE5YG7USVVTPCZ.jpg
3302,SOPEJXBBKEAHD3NK,../data/images/SOPEJXBBKEAHD3NK.jpg
3303,BAREGSGXZMYSFTYV,../data/images/BAREGSGXZMYSFTYV.jpg
3304,SNRDWTGQ9FDKB33Y,../data/images/SNRDWTGQ9FDKB33Y.jpg
3305,CAGE53FSKAYSFUXG,../data/images/CAGE53FSKAYSFUXG.jpg
3306,LPBEG79TAW9PSJBU,../data/images/LPBEG79TAW9PSJBU.jpg
3307,CAGDU85YZUFN86CH,../data/images/CAGDU85YZUFN86CH.jpg
3308,CAGE5PHYMTKW2GGR,../data/images/CAGE5PHYMTKW2GGR.jpg
3309,CAGDR3XKFCZ6XA2F,../data/images/CAGDR3XKFCZ6XA2F.jpg
3310,SNRE8GR3PFYVXEVV,../data/images/SNRE8GR3PFYVXEVV.jpg
3311,CAGE3FCZBJNEY2CG,../data/images/CAGE3FCZBJNEY2CG.jpg
3312,CAGE68FGTG6SUWHQ,../data/images/CAGE68FGTG6SUWHQ.jpg
3313,CBKEAHJX6HTXHG9Z,../data/images/CBKEAHJX6HTXHG9Z.jpg
3314,CAGE6XN5AEG8HZNB,../data/images/CAGE6XN5AEG8HZNB.jpg
3315,CAGEC87BMFZWYG6G,../data/images/CAGEC87BMFZWYG6G.jpg
3316,CBKEBVA87QPSX25Z,../data/images/CBKEBVA87QPSX25Z.jpg
3317,CAGDU85Y85GDJGUD,../data/images/CAGDU85Y85GDJGUD.jpg
3318,CAGEBFPENZTMYNBS,../data/images/CAGEBFPENZTMYNBS.jpg
3319,CAGE5PHYRHNGU7D9,../data/images/CAGE5PHYRHNGU7D9.jpg
3320,CAGE44J56KZG2CH3,../data/images/CAGE44J56KZG2CH3.jpg
3321,DEOEGDV8EGAVXPVR,../data/images/DEOEGDV8EGAVXPVR.jpg
3322,SOPEJ7SCRS3SKFGP,../data/images/SOPEJ7SCRS3SKFGP.jpg
3323,CAGE6DFWZE3GCFVE,../data/images/CAGE6DFWZE3GCFVE.jpg
3324,CBKEHRSMWYB3HVNP,../data/images/CBKEHRSMWYB3HVNP.jpg
3325,MNKDZKF6WYMMF2M5,../data/images/MNKDZKF6WYMMF2M5.jpg
3326,CAGE6FYKFFUGUV7S,../data/images/CAGE6FYKFFUGUV7S.jpg
3327,CAGEBTJBA4ARHRUC,../data/images/CAGEBTJBA4ARHRUC.jpg
3328,VANE8QPQZFRE6XVN,../data/images/VANE8QPQZFRE6XVN.jpg
3329,CAGE44J5UXNHXFYH,../data/images/CAGE44J5UXNHXFYH.jpg
3330,MNKEYGQMJHGZ4ZRX,../data/images/MNKEYGQMJHGZ4ZRX.jpg
3331,CAGED6GKXJKPSN8Z,../data/images/CAGED6GKXJKPSN8Z.jpg
3332,SNRDKUGHD4EUB5KY,../data/images/SNRDKUGHD4EUB5KY.jpg
3333,CAGEBFPEQSVMZGZZ,../data/images/CAGEBFPEQSVMZGZZ.jpg
3334,CAGE75HSTPYGJGUA,../data/images/CAGE75HSTPYGJGUA.jpg
3335,CAGE9ABBP3NXYEMZ,../data/images/CAGE9ABBP3NXYEMZ.jpg
3336,VANEF8CF3QKU8CQN,../data/images/VANEF8CF3QKU8CQN.jpg
3337,SNRE6DNNHRCCZ6VK,../data/images/SNRE6DNNHRCCZ6VK.jpg
3338,CAGE6FZQ2G93NPBU,../data/images/CAGE6FZQ2G93NPBU.jpg
3339,CBKEBVA8FSYCT7NJ,../data/images/CBKEBVA8FSYCT7NJ.jpg
3340,CAGE75QCGVXYV78T,../data/images/CAGE75QCGVXYV78T.jpg
3341,CAGED275PAD86Z6G,../data/images/CAGED275PAD86Z6G.jpg
3342,VANEGPA7ZKGT2UUH,../data/images/VANEGPA7ZKGT2UUH.jpg
3343,SNRDZHPMBUEC5JFZ,../data/images/SNRDZHPMBUEC5JFZ.jpg
3344,CAGE3FX7XZGYHGRJ,../data/images/CAGE3FX7XZGYHGRJ.jpg
3345,CNDEGVK2VGHG7GHG,../data/images/CNDEGVK2VGHG7GHG.jpg
3346,CAGE4BQXSJPTBUS4,../data/images/CAGE4BQXSJPTBUS4.jpg
3347,CAGDUDG8TBQXEA2D,../data/images/CAGDUDG8TBQXEA2D.jpg
3348,CAGEBTJBRFGAUQQB,../data/images/CAGEBTJBRFGAUQQB.jpg
3349,CAGE5GYKTZWZSHXN,../data/images/CAGE5GYKTZWZSHXN.jpg
3350,CAGE9ABBH8HSJQXD,../data/images/CAGE9ABBH8HSJQXD.jpg
3351,CAGE52QHVSB7KTKG,../data/images/CAGE52QHVSB7KTKG.jpg
3352,VANE9ZH3RSHMCJRV,../data/images/VANE9ZH3RSHMCJRV.jpg
3353,CAGE4BQXKEZPSHWG,../data/images/CAGE4BQXKEZPSHWG.jpg
3354,CAGE8VUUUDFNDWRE,../data/images/CAGE8VUUUDFNDWRE.jpg
3355,LSKE5U4JKDMDSVF5,../data/images/LSKE5U4JKDMDSVF5.jpg
3356,CAGE8X8XXY7YGMFM,../data/images/CAGE8X8XXY7YGMFM.jpg
3357,ECMDQBY28WDJQDWA,../data/images/ECMDQBY28WDJQDWA.jpg
3358,NLPEGUMZWFSEZSHZ,../data/images/NLPEGUMZWFSEZSHZ.jpg
3359,CAGDV253CTVNMSP2,../data/images/CAGDV253CTVNMSP2.jpg
3360,SNRE9WHFUEMHYEAE,../data/images/SNRE9WHFUEMHYEAE.jpg
3361,ECMD9YGUDNHZCHZ5,../data/images/ECMD9YGUDNHZCHZ5.jpg
3362,CAGE8X8XDEUHD3JS,../data/images/CAGE8X8XDEUHD3JS.jpg
3363,VANEDVKNANXFHWZA,../data/images/VANEDVKNANXFHWZA.jpg
3364,CAGE7NK98FHDEGGG,../data/images/CAGE7NK98FHDEGGG.jpg
3365,BFAE2V5YU3ZQXWCN,../data/images/BFAE2V5YU3ZQXWCN.jpg
3366,LFHDQAZP4FHGGZEM,../data/images/LFHDQAZP4FHGGZEM.jpg
3367,CAGDRJJ3HUNXZPND,../data/images/CAGDRJJ3HUNXZPND.jpg
3368,CBKEAHJXFZTXMFZ9,../data/images/CBKEAHJXFZTXMFZ9.jpg
3369,POXEHPSHDKBCTWCF,../data/images/POXEHPSHDKBCTWCF.jpg
3370,HACEJU8F5MTVFHGV,../data/images/HACEJU8F5MTVFHGV.jpg
3371,CAGEFPY9ZSFFNVAW,../data/images/CAGEFPY9ZSFFNVAW.jpg
3372,CAGEAFDBEJY56XSE,../data/images/CAGEAFDBEJY56XSE.jpg
3373,CAGE9YTNZV5B3WWZ,../data/images/CAGE9YTNZV5B3WWZ.jpg
3374,CBKEJ3YHXK62DD8G,../data/images/CBKEJ3YHXK62DD8G.jpg
3375,CAGE75DFM4UF6ZDF,../data/images/CAGE75DFM4UF6ZDF.jpg
3376,CAGDW63HG5JBCVGA,../data/images/CAGDW63HG5JBCVGA.jpg
3377,CAGE6FYKMJNKDUE7,../data/images/CAGE6FYKMJNKDUE7.jpg
3378,CAGE6FYKT4NSENUS,../data/images/CAGE6FYKT4NSENUS.jpg
3379,HACEJXFJZ5HSR8QT,../data/images/HACEJXFJZ5HSR8QT.jpg
3380,CBKEAHJXYMKYBFJC,../data/images/CBKEAHJXYMKYBFJC.jpg
3381,CAGE9ZGYNRZCKNEF,../data/images/CAGE9ZGYNRZCKNEF.jpg
3382,CBKEHGUY3GEHDSFY,../data/images/CBKEHGUY3GEHDSFY.jpg
3383,CAGE37EQD7HQBTTD,../data/images/CAGE37EQD7HQBTTD.jpg
3384,LFHEGUEKWKFG2J8G,../data/images/LFHEGUEKWKFG2J8G.jpg
3385,CAGEBTGEFEJMCGFF,../data/images/CAGEBTGEFEJMCGFF.jpg
3386,CAGEYUXVZSFVZRHE,../data/images/CAGEYUXVZSFVZRHE.jpg
3387,VANEEGRGHGQS7G7D,../data/images/VANEEGRGHGQS7G7D.jpg
3388,CAGDUGFYPRZUAJCM,../data/images/CAGDUGFYPRZUAJCM.jpg
3389,CAGE6XN5KFGMR4Y6,../data/images/CAGE6XN5KFGMR4Y6.jpg
3390,CAGE68FFFPTGVEQQ,../data/images/CAGE68FFFPTGVEQQ.jpg
3391,CAGE6FYKCSZ4PUFR,../data/images/CAGE6FYKCSZ4PUFR.jpg
3392,CBKEBVA8DNSJG8R2,../data/images/CBKEBVA8DNSJG8R2.jpg
3393,CAGE5HYNWQYHCGQS,../data/images/CAGE5HYNWQYHCGQS.jpg
3394,CBKEBVA8B4SZJVKY,../data/images/CBKEBVA8B4SZJVKY.jpg
3395,CAGEYFZWNWG6SMHG,../data/images/CAGEYFZWNWG6SMHG.jpg
3396,CAGE4BQXZ3BGVT6P,../data/images/CAGE4BQXZ3BGVT6P.jpg
3397,VANEDHSCE7UYEGHZ,../data/images/VANEDHSCE7UYEGHZ.jpg
3398,RPEEGGDJN5D8HFRM,../data/images/RPEEGGDJN5D8HFRM.jpg
3399,SNRE2DKY688AZS3J,../data/images/SNRE2DKY688AZS3J.jpg
3400,VANEDGK7CYH9FMQP,../data/images/VANEDGK7CYH9FMQP.jpg
3401,CAGE9ABATUHJ8G4X,../data/images/CAGE9ABATUHJ8G4X.jpg
3402,CBKEA9HYZSMQUVYM,../data/images/CBKEA9HYZSMQUVYM.jpg
3403,CBKEAHJXJQUY9EMV,../data/images/CBKEAHJXJQUY9EMV.jpg
3404,CAGE8PKGEWKH78FY,../data/images/CAGE8PKGEWKH78FY.jpg
3405,CAGE7BZ5CHRWATQ4,../data/images/CAGE7BZ5CHRWATQ4.jpg
3406,CAGE7CJVGGHQYZDQ,../data/images/CAGE7CJVGGHQYZDQ.jpg
3407,CAGE2ZHBSKWHSHKH,../data/images/CAGE2ZHBSKWHSHKH.jpg
3408,CAGE7CZR6ZD9RT3K,../data/images/CAGE7CZR6ZD9RT3K.jpg
3409,CAGE8F56SZEHA7JV,../data/images/CAGE8F56SZEHA7JV.jpg
3410,HGLEA2G4YBK3JHZM,../data/images/HGLEA2G4YBK3JHZM.jpg
3411,PRMEGT8Z6RCS7XYP,../data/images/PRMEGT8Z6RCS7XYP.jpg
3412,CAGDYPBWA7RBUBYT,../data/images/CAGDYPBWA7RBUBYT.jpg
3413,CAGEBXX7YEQZQQ2J,../data/images/CAGEBXX7YEQZQQ2J.jpg
3414,CNDEGVK2ZMCGSCEQ,../data/images/CNDEGVK2ZMCGSCEQ.jpg
3415,CAGE225HGFQ4VSSK,../data/images/CAGE225HGFQ4VSSK.jpg
3416,SNRE9BDSSGFRYVMJ,../data/images/SNRE9BDSSGFRYVMJ.jpg
3417,CAGE8SCPX394WVJT,../data/images/CAGE8SCPX394WVJT.jpg
3418,SNRDZMQ862AJVKGG,../data/images/SNRDZMQ862AJVKGG.jpg
3419,CBKEBVA8UHTEAUHF,../data/images/CBKEBVA8UHTEAUHF.jpg
3420,CAGDTFSHTF6TRBFZ,../data/images/CAGDTFSHTF6TRBFZ.jpg
3421,CAGE8PKGWFENXJAZ,../data/images/CAGE8PKGWFENXJAZ.jpg
3422,CAGDRJJ3HWPMJUCC,../data/images/CAGDRJJ3HWPMJUCC.jpg
3423,CBKEHJUH7WPZEEGK,../data/images/CBKEHJUH7WPZEEGK.jpg
3424,VANEDGK7MSFHYRNV,../data/images/VANEDGK7MSFHYRNV.jpg
3425,LFHDBF4BY3PS66NG,../data/images/LFHDBF4BY3PS66NG.jpg
3426,MNKE79DWUUQVSBZF,../data/images/MNKE79DWUUQVSBZF.jpg
3427,CAGE79CEHJZX52XS,../data/images/CAGE79CEHJZX52XS.jpg
3428,CAGE3FX7HWMQAPCG,../data/images/CAGE3FX7HWMQAPCG.jpg
3429,CBKEBVA8C7SF4RCW,../data/images/CBKEBVA8C7SF4RCW.jpg
3430,MNKE24MA8KWPREQT,../data/images/MNKE24MA8KWPREQT.jpg
3431,VANEABFPKGGZTYVQ,../data/images/VANEABFPKGGZTYVQ.jpg
3432,ESDEE3KKE5ZVR4UW,../data/images/ESDEE3KKE5ZVR4UW.jpg
3433,CBKEBVA88HURBNHA,../data/images/CBKEBVA88HURBNHA.jpg
3434,CAGE22EETSQPZKZA,../data/images/CAGE22EETSQPZKZA.jpg
3435,CAGE68FFHV6CRPKF,../data/images/CAGE68FFHV6CRPKF.jpg
3436,CAGEBPNU8TKUG6NM,../data/images/CAGEBPNU8TKUG6NM.jpg
3437,CAGE5FB5XTQN7WNZ,../data/images/CAGE5FB5XTQN7WNZ.jpg
3438,CAGE22EEX2HKGXFQ,../data/images/CAGE22EEX2HKGXFQ.jpg
3439,TNREBYP73ZT4HUZD,../data/images/TNREBYP73ZT4HUZD.jpg
3440,CAGE7TVZ8PH9GJQU,../data/images/CAGE7TVZ8PH9GJQU.jpg
3441,LSKEJNHFS2RT4WQF,../data/images/LSKEJNHFS2RT4WQF.jpg
3442,CAGE22EE8ZG8HCS6,../data/images/CAGE22EE8ZG8HCS6.jpg
3443,BFAEYCBMXNQQJ89Y,../data/images/BFAEYCBMXNQQJ89Y.jpg
3444,CAGE9ABAW2FEMYCG,../data/images/CAGE9ABAW2FEMYCG.jpg
3445,LPBEGETNASPKN7XH,../data/images/LPBEGETNASPKN7XH.jpg
3446,CAGED3YQSJXNZRJF,../data/images/CAGED3YQSJXNZRJF.jpg
3447,BAREGGF8KXRWMGZK,../data/images/BAREGGF8KXRWMGZK.jpg
3448,HRCEHF2CDHYWPFVN,../data/images/HRCEHF2CDHYWPFVN.jpg
3449,MNKDNW49THH74PVT,../data/images/MNKDNW49THH74PVT.jpg
3450,NLPEGUMHNGBY8DCC,../data/images/NLPEGUMHNGBY8DCC.jpg
3451,CBKEJ3ANRFJUM4TM,../data/images/CBKEJ3ANRFJUM4TM.jpg
3452,CAGED6GKZ3YSVSAD,../data/images/CAGED6GKZ3YSVSAD.jpg
3453,CAGEBTGHEHZHZGK3,../data/images/CAGEBTGHEHZHZGK3.jpg
3454,CAGE6FYKGSNJWBG8,../data/images/CAGE6FYKGSNJWBG8.jpg
3455,CAGEBPNURY2W7W4G,../data/images/CAGEBPNURY2W7W4G.jpg
3456,CAGDSGY5KU3VWEAY,../data/images/CAGDSGY5KU3VWEAY.jpg
3457,CAGE5UR64GKHG7ZS,../data/images/CAGE5UR64GKHG7ZS.jpg
3458,CNDECQTUZGSAH2DH,../data/images/CNDECQTUZGSAH2DH.jpg
3459,CAGEYUXVHFYNCAYD,../data/images/CAGEYUXVHFYNCAYD.jpg
3460,CAGE2XC2CTC2TWRJ,../data/images/CAGE2XC2CTC2TWRJ.jpg
3461,LSKE9RHNFSDTF7D2,../data/images/LSKE9RHNFSDTF7D2.jpg
3462,VANEGQCWZYFZ3EYJ,../data/images/VANEGQCWZYFZ3EYJ.jpg
3463,BLUEGZCARCHECHRW,../data/images/BLUEGZCARCHECHRW.jpg
3464,CAGDTN27DEWJYUHK,../data/images/CAGDTN27DEWJYUHK.jpg
3465,LCMEJMZ6TWVHGZDR,../data/images/LCMEJMZ6TWVHGZDR.jpg
3466,HSYEE3PERJWWMYHB,../data/images/HSYEE3PERJWWMYHB.jpg
3467,CAGEBTJB8UABHDRH,../data/images/CAGEBTJB8UABHDRH.jpg
3468,NLPEGUMNPUQXBWQY,../data/images/NLPEGUMNPUQXBWQY.jpg
3469,CAGE6HYJDNZJVADS,../data/images/CAGE6HYJDNZJVADS.jpg
3470,CAGE8TQ8DYHXBWFF,../data/images/CAGE8TQ8DYHXBWFF.jpg
3471,CAGE9ABAHPZ5QTWD,../data/images/CAGE9ABAHPZ5QTWD.jpg
3472,DEOEGAKKEKGHJT7M,../data/images/DEOEGAKKEKGHJT7M.jpg
3473,BEOEGXRVBCDZKUDU,../data/images/BEOEGXRVBCDZKUDU.jpg
3474,CBKEBVA8V8KQCCX4,../data/images/CBKEBVA8V8KQCCX4.jpg
3475,CAGE2XC2HFSSQNSM,../data/images/CAGE2XC2HFSSQNSM.jpg
3476,CAGE46YZDCJFGGHV,../data/images/CAGE46YZDCJFGGHV.jpg
3477,CAGE7GUFJG7JZ3HC,../data/images/CAGE7GUFJG7JZ3HC.jpg
3478,CAGE7CZRW6MNSUH4,../data/images/CAGE7CZRW6MNSUH4.jpg
3479,DEOEG9GYZZAFPDPC,../data/images/DEOEG9GYZZAFPDPC.jpg
3480,CAGE8PKGXDZFUTHH,../data/images/CAGE8PKGXDZFUTHH.jpg
3481,CAGE44J5NGQHXMHF,../data/images/CAGE44J5NGQHXMHF.jpg
3482,CBKEBVA8S2FDDMG3,../data/images/CBKEBVA8S2FDDMG3.jpg
3483,CAGE5NGBPYY9UDZE,../data/images/CAGE5NGBPYY9UDZE.jpg
3484,CAGED4CHGZGWRKEB,../data/images/CAGED4CHGZGWRKEB.jpg
3485,MNKDZSMXADGFZD3C,../data/images/MNKDZSMXADGFZD3C.jpg
3486,CBKEBVA8ET8EDCCA,../data/images/CBKEBVA8ET8EDCCA.jpg
3487,SUOEBWCHKAPGTVBJ,../data/images/SUOEBWCHKAPGTVBJ.jpg
3488,CBKEBFJXQJZDCUPB,../data/images/CBKEBFJXQJZDCUPB.jpg
3489,CAGE5GE5YRY2YNDV,../data/images/CAGE5GE5YRY2YNDV.jpg
3490,CAGEBTJBUGCHBYDY,../data/images/CAGEBTJBUGCHBYDY.jpg
3491,CAGE8F56FWET6JMJ,../data/images/CAGE8F56FWET6JMJ.jpg
3492,CAGDYPBWZ6JSHECV,../data/images/CAGDYPBWZ6JSHECV.jpg
3493,DEOEG9GYD746P2DH,../data/images/DEOEG9GYD746P2DH.jpg
3494,CAGE7NK97H7CGEVA,../data/images/CAGE7NK97H7CGEVA.jpg
3495,CAGE9AGRUGPHV5FM,../data/images/CAGE9AGRUGPHV5FM.jpg
3496,CBKEBVA8MKH3MG4W,../data/images/CBKEBVA8MKH3MG4W.jpg
3497,CAGEC87TYWUSSRHF,../data/images/CAGEC87TYWUSSRHF.jpg
3498,VANDZY4YZFPEG85T,../data/images/VANDZY4YZFPEG85T.jpg
3499,HCPEG9CUJA8SNHBA,../data/images/HCPEG9CUJA8SNHBA.jpg
3500,CAGEBTJBNDAJ5DHY,../data/images/CAGEBTJBNDAJ5DHY.jpg
3501,DEOEGCXBKZMKQC3Z,../data/images/DEOEGCXBKZMKQC3Z.jpg
3502,CAGED6GK44DCXKZM,../data/images/CAGED6GK44DCXKZM.jpg
3503,CAGE6FYKQHFNZZ4K,../data/images/CAGE6FYKQHFNZZ4K.jpg
3504,CAGEBFPETZZDWEBZ,../data/images/CAGEBFPETZZDWEBZ.jpg
3505,CAGDU85YEZTUTEVF,../data/images/CAGDU85YEZTUTEVF.jpg
3506,CAGEBTJBHF6WFSUC,../data/images/CAGEBTJBHF6WFSUC.jpg
3507,VANE652HAXYMVDAD,../data/images/VANE652HAXYMVDAD.jpg
3508,CAGE8PKG4HSNQQKY,../data/images/CAGE8PKG4HSNQQKY.jpg
3509,PEREAYF3MFSJJMYU,../data/images/PEREAYF3MFSJJMYU.jpg
3510,CAGEAJVFHAGWYAZH,../data/images/CAGEAJVFHAGWYAZH.jpg
3511,CAGE8PKGYFGQQYAE,../data/images/CAGE8PKGYFGQQYAE.jpg
3512,HTTECRHF2PAYMFMY,../data/images/HTTECRHF2PAYMFMY.jpg
3513,HRCEGVR9HBWKYFPD,../data/images/HRCEGVR9HBWKYFPD.jpg
3514,CRNDY6GWJWFVZUGE,../data/images/CRNDY6GWJWFVZUGE.jpg
3515,CPCE2ZMCQDE9FBN7,../data/images/CPCE2ZMCQDE9FBN7.jpg
3516,BLAE9CSUKAUQDMPZ,../data/images/BLAE9CSUKAUQDMPZ.jpg
3517,CRNEE84JUWNY6MYF,../data/images/CRNEE84JUWNY6MYF.jpg
3518,BLAE8YHU6APGPWDC,../data/images/BLAE8YHU6APGPWDC.jpg
3519,CRNEE84JNEVAWBJH,../data/images/CRNEE84JNEVAWBJH.jpg
3520,CRNEEABUMK4GFDGU,../data/images/CRNEEABUMK4GFDGU.jpg
3521,BLAEE2GJATTR8YG5,../data/images/BLAEE2GJATTR8YG5.jpg
3522,BLAEE7VSZ9YV7HG9,../data/images/BLAEE7VSZ9YV7HG9.jpg
3523,BLAEAWABVGFNW3CJ,../data/images/BLAEAWABVGFNW3CJ.jpg
3524,CPCEJ8GNEUGJERZG,../data/images/CPCEJ8GNEUGJERZG.jpg
3525,BLAE5YFQDXJESB3S,../data/images/BLAE5YFQDXJESB3S.jpg
3526,CRNEE84JXSRGYKYF,../data/images/CRNEE84JXSRGYKYF.jpg
3527,BDSEJJ7CDYYK8V8Y,../data/images/BDSEJJ7CDYYK8V8Y.jpg
3528,BLAECYJBSHFYG5VR,../data/images/BLAECYJBSHFYG5VR.jpg
3529,BLAEEERTHSQRH7ZB,../data/images/BLAEEERTHSQRH7ZB.jpg
3530,BLAE3WR6ZQFCHFYE,../data/images/BLAE3WR6ZQFCHFYE.jpg
3531,BTWEYY3C9MRZJETW,../data/images/BTWEYY3C9MRZJETW.jpg
3532,BDSEGQ32ZQVH7DP5,../data/images/BDSEGQ32ZQVH7DP5.jpg
3533,CPCE2ZMDYGENCZEN,../data/images/CPCE2ZMDYGENCZEN.jpg
3534,BLAEAWABMNZFGGYJ,../data/images/BLAEAWABMNZFGGYJ.jpg
3535,CPCE869CHX7EZM5T,../data/images/CPCE869CHX7EZM5T.jpg
3536,BTWEDXPFRTU58SF6,../data/images/BTWEDXPFRTU58SF6.jpg
3537,BLAEEDGA2UFF8ZHU,../data/images/BLAEEDGA2UFF8ZHU.jpg
3538,BLAEE2GJKYPDJDR6,../data/images/BLAEE2GJKYPDJDR6.jpg
3539,BLAE57Z4GZNGHY26,../data/images/BLAE57Z4GZNGHY26.jpg
3540,BTWE9B4GNTPXFUH6,../data/images/BTWE9B4GNTPXFUH6.jpg
3541,BLAE6DPHRB25VEHK,../data/images/BLAE6DPHRB25VEHK.jpg
3542,TPMEE72YPGSUVPGH,../data/images/TPMEE72YPGSUVPGH.jpg
3543,CRNEEABUZNMZJMUK,../data/images/CRNEEABUZNMZJMUK.jpg
3544,CRNEE84JYN5GMBBY,../data/images/CRNEE84JYN5GMBBY.jpg
3545,BTWEYC5VMGHUZBDV,../data/images/BTWEYC5VMGHUZBDV.jpg
3546,TPMEE6Z2FAWCZZSR,../data/images/TPMEE6Z2FAWCZZSR.jpg
3547,CPGEH2CZAF2KGYPA,../data/images/CPGEH2CZAF2KGYPA.jpg
3548,CRNEEABUQGGMMXNX,../data/images/CRNEEABUQGGMMXNX.jpg
3549,BTWEC899ZNB9XH3Z,../data/images/BTWEC899ZNB9XH3Z.jpg
3550,BTWE68HFHPGSWYAW,../data/images/BTWE68HFHPGSWYAW.jpg
3551,BLAE8M4XVCTFD4JT,../data/images/BLAE8M4XVCTFD4JT.jpg
3552,CPCE2ZMD6RXUDVDK,../data/images/CPCE2ZMD6RXUDVDK.jpg
3553,CRNEBPU6HFFUHQQA,../data/images/CRNEBPU6HFFUHQQA.jpg
3554,CRNECTCNWCSWPU4H,../data/images/CRNECTCNWCSWPU4H.jpg
3555,CPCEHZRGZ7KXYQXA,../data/images/CPCEHZRGZ7KXYQXA.jpg
3556,CPCEFH9YCGUDCXYH,../data/images/CPCEFH9YCGUDCXYH.jpg
3557,BLAEE9GHEEGZYDZP,../data/images/BLAEE9GHEEGZYDZP.jpg
3558,KLSEGTBZNDRR34AM,../data/images/KLSEGTBZNDRR34AM.jpg
3559,BLAEE6KTGHRDPNCG,../data/images/BLAEE6KTGHRDPNCG.jpg
3560,MATEGX23XSZHD9VK,../data/images/MATEGX23XSZHD9VK.jpg
3561,BLAEAWABSWRWCV7V,../data/images/BLAEAWABSWRWCV7V.jpg
3562,CPCEJMKVMKTJ3WHM,../data/images/CPCEJMKVMKTJ3WHM.jpg
3563,CRNEEABUGDHYGAYF,../data/images/CRNEEABUGDHYGAYF.jpg
3564,BTWEFZ4VD6THQHVH,../data/images/BTWEFZ4VD6THQHVH.jpg
3565,BDSE7FQ6SEDGMVPK,../data/images/BDSE7FQ6SEDGMVPK.jpg
3566,CPCECR3NUZEZPSFH,../data/images/CPCECR3NUZEZPSFH.jpg
3567,DCVEJHVEMXYT6UF6,../data/images/DCVEJHVEMXYT6UF6.jpg
3568,CPCEH2BTCQSH457P,../data/images/CPCEH2BTCQSH457P.jpg
3569,CPGEGQ42GGEHHQAJ,../data/images/CPGEGQ42GGEHHQAJ.jpg
3570,BTWE6PXJC3PPBVAW,../data/images/BTWE6PXJC3PPBVAW.jpg
3571,CRNEEABUTTAYCJQY,../data/images/CRNEEABUTTAYCJQY.jpg
3572,CPCE5YKSD8HVN6NG,../data/images/CPCE5YKSD8HVN6NG.jpg
3573,MATEGX24KZS8YA4K,../data/images/MATEGX24KZS8YA4K.jpg
3574,TCVEHSMFHCPGH9QJ,../data/images/TCVEHSMFHCPGH9QJ.jpg
3575,BLAEAWAAYNB3BKZV,../data/images/BLAEAWAAYNB3BKZV.jpg
3576,BTWEDGG4G3GKERJQ,../data/images/BTWEDGG4G3GKERJQ.jpg
3577,CPCEJMN3AN4RQPX4,../data/images/CPCEJMN3AN4RQPX4.jpg
3578,BDSE6WKCFTWQZAKF,../data/images/BDSE6WKCFTWQZAKF.jpg
3579,BTWE6HD25KATEMZQ,../data/images/BTWE6HD25KATEMZQ.jpg
3580,CRNED63HNKF4ZHDN,../data/images/CRNED63HNKF4ZHDN.jpg
3581,BLAEAHGV37V3A2GG,../data/images/BLAEAHGV37V3A2GG.jpg
3582,CRNEEABUVHAQZ7RQ,../data/images/CRNEEABUVHAQZ7RQ.jpg
3583,CPCEJAHFPZP7Z2YY,../data/images/CPCEJAHFPZP7Z2YY.jpg
3584,CPCE8VZFDGUEJGXH,../data/images/CPCE8VZFDGUEJGXH.jpg
3585,BDSEJTHNGWVGWWQU,../data/images/BDSEJTHNGWVGWWQU.jpg
3586,CRNEE84J3UWBFE3H,../data/images/CRNEE84J3UWBFE3H.jpg
3587,BDSEJJ7CEFDSZSDN,../data/images/BDSEJJ7CEFDSZSDN.jpg
3588,BTWEDGKCQMTW6VFZ,../data/images/BTWEDGKCQMTW6VFZ.jpg
3589,CRNEG8DTZRN5EHT6,../data/images/CRNEG8DTZRN5EHT6.jpg
3590,BTWE8FGZDT8NWYFH,../data/images/BTWE8FGZDT8NWYFH.jpg
3591,BLAECYN7AEZQHJZG,../data/images/BLAECYN7AEZQHJZG.jpg
3592,BDSEJSEZYPCYRTHS,../data/images/BDSEJSEZYPCYRTHS.jpg
3593,CPCE8P4VYNGASRFB,../data/images/CPCE8P4VYNGASRFB.jpg
3594,CRNEEABUGTGCG87N,../data/images/CRNEEABUGTGCG87N.jpg
3595,CRNEE84J7C2RSDFP,../data/images/CRNEE84J7C2RSDFP.jpg
3596,CRNEFPYY4NH4XGWP,../data/images/CRNEFPYY4NH4XGWP.jpg
3597,BLAEEJGJHUDRK3RK,../data/images/BLAEEJGJHUDRK3RK.jpg
3598,CRNEAMGZMSVZNBYQ,../data/images/CRNEAMGZMSVZNBYQ.jpg
3599,CRNEG8DDQFFWBQUY,../data/images/CRNEG8DDQFFWBQUY.jpg
3600,CPCEH2BTEYRFXHP5,../data/images/CPCEH2BTEYRFXHP5.jpg
3601,CPCE8HMRQY7FTZZ7,../data/images/CPCE8HMRQY7FTZZ7.jpg
3602,TCVEHSMFYEQGRTAZ,../data/images/TCVEHSMFYEQGRTAZ.jpg
3603,SLIEHUFGN6EAJZZV,../data/images/SLIEHUFGN6EAJZZV.jpg
3604,BLAEAZ9YF6JEXT8B,../data/images/BLAEAZ9YF6JEXT8B.jpg
3605,BLAEAWAAAQEUY6SW,../data/images/BLAEAWAAAQEUY6SW.jpg
3606,BLAE6DPHGJXV84EH,../data/images/BLAE6DPHGJXV84EH.jpg
3607,APREGUTB4HYPZQVX,../data/images/APREGUTB4HYPZQVX.jpg
3608,SLIEHET3CZ6XSDHP,../data/images/SLIEHET3CZ6XSDHP.jpg
3609,CPCE2ZMDHY4YHHP8,../data/images/CPCE2ZMDHY4YHHP8.jpg
3610,CPGEGQ6TN2HDJP4W,../data/images/CPGEGQ6TN2HDJP4W.jpg
3611,CPCE49C9W7EFFSSS,../data/images/CPCE49C9W7EFFSSS.jpg
3612,CRNEE84JQG9WX6RZ,../data/images/CRNEE84JQG9WX6RZ.jpg
3613,CRNEE84JKMYF9X3G,../data/images/CRNEE84JKMYF9X3G.jpg
3614,BTWE5QUGZHGG8YZH,../data/images/BTWE5QUGZHGG8YZH.jpg
3615,CRNEE84JSPKEFZAP,../data/images/CRNEE84JSPKEFZAP.jpg
3616,CPGEGUDYUKZTNYXN,../data/images/CPGEGUDYUKZTNYXN.jpg
3617,BLAE8YHUBQ8BXRZG,../data/images/BLAE8YHUBQ8BXRZG.jpg
3618,CPCEH2BTGUYS5XJB,../data/images/CPCEH2BTGUYS5XJB.jpg
3619,CPCE8GHXZMCZWHZB,../data/images/CPCE8GHXZMCZWHZB.jpg
3620,BLAE6DPHFYECGZ68,../data/images/BLAE6DPHFYECGZ68.jpg
3621,CRNEGHFTNZAFQPD4,../data/images/CRNEGHFTNZAFQPD4.jpg
3622,CRNEE84JUHJMMDPU,../data/images/CRNEE84JUHJMMDPU.jpg
3623,CPCEJCCPQKBGD2NH,../data/images/CPCEJCCPQKBGD2NH.jpg
3624,CPCECTDWUSGCYB7B,../data/images/CPCECTDWUSGCYB7B.jpg
3625,BDSEGG8BKWBVMPZK,../data/images/BDSEGG8BKWBVMPZK.jpg
3626,DSTEJJ8UB6GWJWFX,../data/images/DSTEJJ8UB6GWJWFX.jpg
3627,KLSEGWJVFRENNTGU,../data/images/KLSEGWJVFRENNTGU.jpg
3628,CPCED8FBGJ8ZR2XA,../data/images/CPCED8FBGJ8ZR2XA.jpg
3629,BLAEEJFZ5KA42ZS3,../data/images/BLAEEJFZ5KA42ZS3.jpg
3630,BLAEAWAARSZGS9KF,../data/images/BLAEAWAARSZGS9KF.jpg
3631,BLAEEDSGY6APNYWQ,../data/images/BLAEEDSGY6APNYWQ.jpg
3632,BLAE8YHUD3WYEH7S,../data/images/BLAE8YHUD3WYEH7S.jpg
3633,CRNEEABUMQ2UXZAH,../data/images/CRNEEABUMQ2UXZAH.jpg
3634,BTWEBHYMEUDSHZXW,../data/images/BTWEBHYMEUDSHZXW.jpg
3635,BLAEAWAB6GVKTJGW,../data/images/BLAEAWAB6GVKTJGW.jpg
3636,CRNEE84JQZE2TYHM,../data/images/CRNEE84JQZE2TYHM.jpg
3637,CRNEG8DSZ3TVFPYU,../data/images/CRNEG8DSZ3TVFPYU.jpg
3638,BLAEB3XANVZX7KXN,../data/images/BLAEB3XANVZX7KXN.jpg
3639,BDSE7WQ37UVSX7SK,../data/images/BDSE7WQ37UVSX7SK.jpg
3640,KLSEGUGCH9ZZUKQZ,../data/images/KLSEGUGCH9ZZUKQZ.jpg
3641,BTWE6N5SXYEJHZPB,../data/images/BTWE6N5SXYEJHZPB.jpg
3642,KLSEGVF48H5TYDKA,../data/images/KLSEGVF48H5TYDKA.jpg
3643,BLAEE6KTKJGZBXXZ,../data/images/BLAEE6KTKJGZBXXZ.jpg
3644,PLWEBNRH3G6NA7MY,../data/images/PLWEBNRH3G6NA7MY.jpg
3645,CRNEGE2TRGCGCD6J,../data/images/CRNEGE2TRGCGCD6J.jpg
3646,BLAEE6KTJRCUYPFG,../data/images/BLAEE6KTJRCUYPFG.jpg
3647,BLAE3WR6TST46SNT,../data/images/BLAE3WR6TST46SNT.jpg
3648,CPCE2ZMDKPBBNGZT,../data/images/CPCE2ZMDKPBBNGZT.jpg
3649,CPCEJMM7HWCNNGBR,../data/images/CPCEJMM7HWCNNGBR.jpg
3650,CRNEE84JUX4HHETA,../data/images/CRNEE84JUX4HHETA.jpg
3651,BLAE2CBGPESYDUBH,../data/images/BLAE2CBGPESYDUBH.jpg
3652,BLAEEHE3HHS8AURG,../data/images/BLAEEHE3HHS8AURG.jpg
3653,CPGEH2BQJBDNMCK8,../data/images/CPGEH2BQJBDNMCK8.jpg
3654,BDSEJJ7CMKHRWVCZ,../data/images/BDSEJJ7CMKHRWVCZ.jpg
3655,BLAEEH2ZJ3G9DA7G,../data/images/BLAEEH2ZJ3G9DA7G.jpg
3656,CRNEDDYREZRDKVSY,../data/images/CRNEDDYREZRDKVSY.jpg
3657,SLIEEXZYYFHXTCZA,../data/images/SLIEEXZYYFHXTCZA.jpg
3658,CPCEDGGNCV7AV7SX,../data/images/CPCEDGGNCV7AV7SX.jpg
3659,BLAEDBEXC6VHNZEV,../data/images/BLAEDBEXC6VHNZEV.jpg
3660,BLAE39ZZYDGFHKUH,../data/images/BLAE39ZZYDGFHKUH.jpg
3661,CRNEE84JTCWGADGY,../data/images/CRNEE84JTCWGADGY.jpg
3662,CRNEE84JVCCGKSZA,../data/images/CRNEE84JVCCGKSZA.jpg
3663,PLWE6S4BKHB5HZD2,../data/images/PLWE6S4BKHB5HZD2.jpg
3664,BTWEB2PFYPSZNNVK,../data/images/BTWEB2PFYPSZNNVK.jpg
3665,CPCEYW2TCDZ9TZZA,../data/images/CPCEYW2TCDZ9TZZA.jpg
3666,CPCECFY5FJ2MHPZE,../data/images/CPCECFY5FJ2MHPZE.jpg
3667,BLAEEJFZC8QR9VRF,../data/images/BLAEEJFZC8QR9VRF.jpg
3668,CPCEH2BTJ5EBZUUB,../data/images/CPCEH2BTJ5EBZUUB.jpg
3669,CRNEE84JWHJXZWVP,../data/images/CRNEE84JWHJXZWVP.jpg
3670,BLAEAWAAUHFTFG8N,../data/images/BLAEAWAAUHFTFG8N.jpg
3671,TCVEHSMY2TNTCKNC,../data/images/TCVEHSMY2TNTCKNC.jpg
3672,CRNEE5ZSUJZ82AZE,../data/images/CRNEE5ZSUJZ82AZE.jpg
3673,TBREBH73PCHEDGWF,../data/images/TBREBH73PCHEDGWF.jpg
3674,BLAEAWABFHJQPA2H,../data/images/BLAEAWABFHJQPA2H.jpg
3675,BLAE4H9UWEUNZKN8,../data/images/BLAE4H9UWEUNZKN8.jpg
3676,BTWEYHEHZGE7JTDJ,../data/images/BTWEYHEHZGE7JTDJ.jpg
3677,TBRE8VPAQFHPQKRE,../data/images/TBRE8VPAQFHPQKRE.jpg
3678,BLAEEDJ6GGYYASSR,../data/images/BLAEEDJ6GGYYASSR.jpg
3679,CPCE8PF9EGY9TVY6,../data/images/CPCE8PF9EGY9TVY6.jpg
3680,BTWE3VWM9HENTJXC,../data/images/BTWE3VWM9HENTJXC.jpg
3681,BLAEBZRJ3PFRVMRE,../data/images/BLAEBZRJ3PFRVMRE.jpg
3682,BLAE7ZK96GZGSYVG,../data/images/BLAE7ZK96GZGSYVG.jpg
3683,BLAEAWABZ5GADHAX,../data/images/BLAEAWABZ5GADHAX.jpg
3684,BLAEFHQ3HZPRCD8Z,../data/images/BLAEFHQ3HZPRCD8Z.jpg
3685,BLAEFNYCRGTHXXEX,../data/images/BLAEFNYCRGTHXXEX.jpg
3686,CRNEE84JTVDV3XUQ,../data/images/CRNEE84JTVDV3XUQ.jpg
3687,CPCE8VZFRPNUFFGE,../data/images/CPCE8VZFRPNUFFGE.jpg
3688,CPGEGUDVH5JHZUGN,../data/images/CPGEGUDVH5JHZUGN.jpg
3689,CRNEE84JVT2BYQHR,../data/images/CRNEE84JVT2BYQHR.jpg
3690,BLAEEHE3GZ7WST52,../data/images/BLAEEHE3GZ7WST52.jpg
3691,BLAEEERTXBGBWYS8,../data/images/BLAEEERTXBGBWYS8.jpg
3692,CPCE8XWG8YZZSMG4,../data/images/CPCE8XWG8YZZSMG4.jpg
3693,BTWEYHEHMWUPMZM8,../data/images/BTWEYHEHMWUPMZM8.jpg
3694,BLAEEDEGGXT28W9J,../data/images/BLAEEDEGGXT28W9J.jpg
3695,PLWE8TQEW8KSMEQF,../data/images/PLWE8TQEW8KSMEQF.jpg
3696,KLSEGUGFRDBSSEDM,../data/images/KLSEGUGFRDBSSEDM.jpg
3697,CPCEGHG3YNZMHFCZ,../data/images/CPCEGHG3YNZMHFCZ.jpg
3698,CPGEGVXAQUV6RF6J,../data/images/CPGEGVXAQUV6RF6J.jpg
3699,BLAEEHE5PXHBZ5MB,../data/images/BLAEEHE5PXHBZ5MB.jpg
3700,BTWE7GTGSHBTEZC8,../data/images/BTWE7GTGSHBTEZC8.jpg
3701,MATEHFNNMZUFNXP3,../data/images/MATEHFNNMZUFNXP3.jpg
3702,DSTEJJ8UAQSHGFDV,../data/images/DSTEJJ8UAQSHGFDV.jpg
3703,BDSE7FQ5QTGYQDH4,../data/images/BDSE7FQ5QTGYQDH4.jpg
3704,BTWDZHJGZBBYCFAQ,../data/images/BTWDZHJGZBBYCFAQ.jpg
3705,BLAEAWAAVZYX3EM6,../data/images/BLAEAWAAVZYX3EM6.jpg
3706,BTWE7T3W9VYRKYAF,../data/images/BTWE7T3W9VYRKYAF.jpg
3707,BLAEE4WSG8CYBRVY,../data/images/BLAEE4WSG8CYBRVY.jpg
3708,BLAEB3XA82K6JBCA,../data/images/BLAEB3XA82K6JBCA.jpg
3709,CPGEGPWFQURZHFBA,../data/images/CPGEGPWFQURZHFBA.jpg
3710,CRNEEABUF6FKE8H8,../data/images/CRNEEABUF6FKE8H8.jpg
3711,TCVEHSMFEGNCAGYN,../data/images/TCVEHSMFEGNCAGYN.jpg
3712,BLAEDJNKEWUHHBF5,../data/images/BLAEDJNKEWUHHBF5.jpg
3713,BLAEE6KTGFDV8NGP,../data/images/BLAEE6KTGFDV8NGP.jpg
3714,BTWEJQ6AKJYGHUGJ,../data/images/BTWEJQ6AKJYGHUGJ.jpg
3715,CRNEE84JZGP5FYTJ,../data/images/CRNEE84JZGP5FYTJ.jpg
3716,CRNEE5ZSD8SKMGQB,../data/images/CRNEE5ZSD8SKMGQB.jpg
3717,BLAED242BBPBXMC7,../data/images/BLAED242BBPBXMC7.jpg
3718,CPCEH2BSUG9QVGHJ,../data/images/CPCEH2BSUG9QVGHJ.jpg
3719,CRNEJCC5YHEWAQ7B,../data/images/CRNEJCC5YHEWAQ7B.jpg
3720,CPGEGPYWRZMPQESK,../data/images/CPGEGPYWRZMPQESK.jpg
3721,BLAEEAAXH7AHKWYZ,../data/images/BLAEEAAXH7AHKWYZ.jpg
3722,CRNEDX67ACJHFGNT,../data/images/CRNEDX67ACJHFGNT.jpg
3723,BTWEFBNYDWYWGJWD,../data/images/BTWEFBNYDWYWGJWD.jpg
3724,BLAEAWAA4EZN6YFG,../data/images/BLAEAWAA4EZN6YFG.jpg
3725,CPGEGPVME4G6YSJ7,../data/images/CPGEGPVME4G6YSJ7.jpg
3726,BLAEEDGBFPG3ZMYG,../data/images/BLAEEDGBFPG3ZMYG.jpg
3727,CPCE8KSN7FXHU4G2,../data/images/CPCE8KSN7FXHU4G2.jpg
3728,CRNEEABUQGQX8RPH,../data/images/CRNEEABUQGQX8RPH.jpg
3729,BTWEBS9EJHDCSCNY,../data/images/BTWEBS9EJHDCSCNY.jpg
3730,CPCECSABG58X5KHG,../data/images/CPCECSABG58X5KHG.jpg
3731,BDSEJJ6USEQZS3QA,../data/images/BDSEJJ6USEQZS3QA.jpg
3732,BTWEBRD3Z9PTDBDF,../data/images/BTWEBRD3Z9PTDBDF.jpg
3733,BLAEB3XAHPYXYMZN,../data/images/BLAEB3XAHPYXYMZN.jpg
3734,CPCEDG4HQZHVAUKG,../data/images/CPCEDG4HQZHVAUKG.jpg
3735,BLAEEAAWGKXCXJHX,../data/images/BLAEEAAWGKXCXJHX.jpg
3736,BDSEJJCKFGYZR4GS,../data/images/BDSEJJCKFGYZR4GS.jpg
3737,MATEB88UVMT8FRPH,../data/images/MATEB88UVMT8FRPH.jpg
3738,PLWE6S4AVYSK8KHT,../data/images/PLWE6S4AVYSK8KHT.jpg
3739,BLAE9CSTCCH7GHCY,../data/images/BLAE9CSTCCH7GHCY.jpg
3740,BLAEEDGBCYYWZFHK,../data/images/BLAEEDGBCYYWZFHK.jpg
3741,BLAEEDEGTSA4GC8C,../data/images/BLAEEDEGTSA4GC8C.jpg
3742,CPGEGUDZKSTV74GH,../data/images/CPGEGUDZKSTV74GH.jpg
3743,CPCE89GHBHKDXSRM,../data/images/CPCE89GHBHKDXSRM.jpg
3744,BLAECPWZZZVPSDFH,../data/images/BLAECPWZZZVPSDFH.jpg
3745,CRNEE84JXHGUXSY5,../data/images/CRNEE84JXHGUXSY5.jpg
3746,BTWECS3E4KQ3E9UZ,../data/images/BTWECS3E4KQ3E9UZ.jpg
3747,BLAEE3XF4RUA4UAD,../data/images/BLAEE3XF4RUA4UAD.jpg
3748,DSTEJS74YZGHCWTH,../data/images/DSTEJS74YZGHCWTH.jpg
3749,BLAEDZF2CD3HA8P9,../data/images/BLAEDZF2CD3HA8P9.jpg
3750,CPCEA4ZCYYKCHARZ,../data/images/CPCEA4ZCYYKCHARZ.jpg
3751,DSTEJJ8UFYUTSZ3F,../data/images/DSTEJJ8UFYUTSZ3F.jpg
3752,MATEB88UNDXHX9HA,../data/images/MATEB88UNDXHX9HA.jpg
3753,CPCED8GWXMJG6TU9,../data/images/CPCED8GWXMJG6TU9.jpg
3754,CRNEDX3GCRFHQEB3,../data/images/CRNEDX3GCRFHQEB3.jpg
3755,CRNE6AUFHBJFCNFB,../data/images/CRNE6AUFHBJFCNFB.jpg
3756,CRNEGE2TQ7EBFE4Z,../data/images/CRNEGE2TQ7EBFE4Z.jpg
3757,CPCE8PF8EGKCKYRF,../data/images/CPCE8PF8EGKCKYRF.jpg
3758,BDSEJJ7CG69JGCBM,../data/images/BDSEJJ7CG69JGCBM.jpg
3759,CPCEBS8ZZHECSSZW,../data/images/CPCEBS8ZZHECSSZW.jpg
3760,CRNEEABURVVKTHGX,../data/images/CRNEEABURVVKTHGX.jpg
3761,BLAEEDXCF6YKZYGC,../data/images/BLAEEDXCF6YKZYGC.jpg
3762,BLAEFHQ3DNE82GHZ,../data/images/BLAEFHQ3DNE82GHZ.jpg
3763,CRNEE84JXKGJAE4J,../data/images/CRNEE84JXKGJAE4J.jpg
3764,CRNEYW6P8NZEK9EQ,../data/images/CRNEYW6P8NZEK9EQ.jpg
3765,CRNEFPYY8KFKHBGT,../data/images/CRNEFPYY8KFKHBGT.jpg
3766,BLAEARKNZBBTPUYZ,../data/images/BLAEARKNZBBTPUYZ.jpg
3767,CRNECHFGGNYG3KHR,../data/images/CRNECHFGGNYG3KHR.jpg
3768,MATEHFNMZVV9HYUV,../data/images/MATEHFNMZVV9HYUV.jpg
3769,BLAED8FWSFTEZARZ,../data/images/BLAED8FWSFTEZARZ.jpg
3770,BLAEEDEGBXDH8BCG,../data/images/BLAEEDEGBXDH8BCG.jpg
3771,BLAEEJFZS37KVCDC,../data/images/BLAEEJFZS37KVCDC.jpg
3772,BLAE9CSTBZESFBMQ,../data/images/BLAE9CSTBZESFBMQ.jpg
3773,CRNEE84JAMEZYWWD,../data/images/CRNEE84JAMEZYWWD.jpg
3774,CRNEFQF6GZF9ZCZQ,../data/images/CRNEFQF6GZF9ZCZQ.jpg
3775,BTWEDGMRHGQZKRZR,../data/images/BTWEDGMRHGQZKRZR.jpg
3776,CRNEE84JNGJT9VQ3,../data/images/CRNEE84JNGJT9VQ3.jpg
3777,TLSEHUFDYMAWZ8AV,../data/images/TLSEHUFDYMAWZ8AV.jpg
3778,BLAE7AYFVKKWYJAJ,../data/images/BLAE7AYFVKKWYJAJ.jpg
3779,SLIEHR2V82GJXBGU,../data/images/SLIEHR2V82GJXBGU.jpg
3780,BLAEE6KTUAKAHYNP,../data/images/BLAEE6KTUAKAHYNP.jpg
3781,CRNEE84J3QNGUZPP,../data/images/CRNEE84J3QNGUZPP.jpg
3782,CRNEEABUH9AJ4FEP,../data/images/CRNEEABUH9AJ4FEP.jpg
3783,BDSE7FQ52B4P2Y6G,../data/images/BDSE7FQ52B4P2Y6G.jpg
3784,BLAE93GX8VTDTHNN,../data/images/BLAE93GX8VTDTHNN.jpg
3785,CPCEGHHTHUKBPSSP,../data/images/CPCEGHHTHUKBPSSP.jpg
3786,CRNEE84JXGRJUYZZ,../data/images/CRNEE84JXGRJUYZZ.jpg
3787,BLAEE6KT79ZYZ4GN,../data/images/BLAEE6KT79ZYZ4GN.jpg
3788,CRNEE84JZGUQQREZ,../data/images/CRNEE84JZGUQQREZ.jpg
3789,CRNEG7BKMFFYHQ8Z,../data/images/CRNEG7BKMFFYHQ8Z.jpg
3790,CRNEG8D73GZNM2ZX,../data/images/CRNEG8D73GZNM2ZX.jpg
3791,BTWEYXGCCHGW72PE,../data/images/BTWEYXGCCHGW72PE.jpg
3792,BTWE3SMGZCGQMAZX,../data/images/BTWE3SMGZCGQMAZX.jpg
3793,BLAEEDMURAWADW54,../data/images/BLAEEDMURAWADW54.jpg
3794,BLAEDQ27DDURHY8C,../data/images/BLAEDQ27DDURHY8C.jpg
3795,CPCEGH8NHZHZDFXR,../data/images/CPCEGH8NHZHZDFXR.jpg
3796,CRNEE84JANPGQBE7,../data/images/CRNEE84JANPGQBE7.jpg
3797,CRNEFPZFWWT8WYJW,../data/images/CRNEFPZFWWT8WYJW.jpg
3798,BLAE8YHUJYHGJYZE,../data/images/BLAE8YHUJYHGJYZE.jpg
3799,BLAEE4V3X97TBZGY,../data/images/BLAEE4V3X97TBZGY.jpg
3800,BTWE7FMNQWFFKUFT,../data/images/BTWE7FMNQWFFKUFT.jpg
3801,CRNEE84JQGQHBTQU,../data/images/CRNEE84JQGQHBTQU.jpg
3802,BLAEAWABZNQWVJNA,../data/images/BLAEAWABZNQWVJNA.jpg
3803,BTWE968V4KCVPFZW,../data/images/BTWE968V4KCVPFZW.jpg
3804,CPGEGQYQ8UKFHWYT,../data/images/CPGEGQYQ8UKFHWYT.jpg
3805,CPCE2ZMC6HSGDZHR,../data/images/CPCE2ZMC6HSGDZHR.jpg
3806,BLAEYTZD7URYGB5J,../data/images/BLAEYTZD7URYGB5J.jpg
3807,BTWEYHEH6MF6GET4,../data/images/BTWEYHEH6MF6GET4.jpg
3808,BLAEEGQXXXKECK8Y,../data/images/BLAEEGQXXXKECK8Y.jpg
3809,CPCE7Z3WCGYSGTR3,../data/images/CPCE7Z3WCGYSGTR3.jpg
3810,CRNEE84JN5JQCZG6,../data/images/CRNEE84JN5JQCZG6.jpg
3811,CRNEG8DDQQDRY3HJ,../data/images/CRNEG8DDQQDRY3HJ.jpg
3812,BLAEFKASM6ZYQ7SW,../data/images/BLAEFKASM6ZYQ7SW.jpg
3813,PLWEBNRHHCXBBBMA,../data/images/PLWEBNRHHCXBBBMA.jpg
3814,MUGEH2ZHFHQZSGQG,../data/images/MUGEH2ZHFHQZSGQG.jpg
3815,MUGEACY8VKKQ6GJ4,../data/images/MUGEACY8VKKQ6GJ4.jpg
3816,PTPEATF85YZDHTZS,../data/images/PTPEATF85YZDHTZS.jpg
3817,PTPE5WB8Z2C6YYCQ,../data/images/PTPE5WB8Z2C6YYCQ.jpg
3818,MUGECEVF6QB99RWA,../data/images/MUGECEVF6QB99RWA.jpg
3819,PACE632TBVYD7UCW,../data/images/PACE632TBVYD7UCW.jpg
3820,MUGEYYXFMBHPJT9F,../data/images/MUGEYYXFMBHPJT9F.jpg
3821,MUGE5HG8AZTFDZ4T,../data/images/MUGE5HG8AZTFDZ4T.jpg
3822,MUGE6ZDZRKBKEHPF,../data/images/MUGE6ZDZRKBKEHPF.jpg
3823,MUGEACY86QBJGTZA,../data/images/MUGEACY86QBJGTZA.jpg
3824,BOTEANCHYTGF2MXB,../data/images/BOTEANCHYTGF2MXB.jpg
3825,MUGEAWE5MZRRG5GY,../data/images/MUGEAWE5MZRRG5GY.jpg
3826,MUGECEVFKZHBDRWM,../data/images/MUGECEVFKZHBDRWM.jpg
3827,MUGEACY8W2UBMYUQ,../data/images/MUGEACY8W2UBMYUQ.jpg
3828,GLSEDNZ4WA8XVVFF,../data/images/GLSEDNZ4WA8XVVFF.jpg
3829,MUGEBJ7XJRQDMWYY,../data/images/MUGEBJ7XJRQDMWYY.jpg
3830,PACEFRBMZZFZYGPW,../data/images/PACEFRBMZZFZYGPW.jpg
3831,BLBECQUKSFHGRRTA,../data/images/BLBECQUKSFHGRRTA.jpg
3832,MUGEACY8SSF8HCAN,../data/images/MUGEACY8SSF8HCAN.jpg
3833,MUGEGZUHRUHN684R,../data/images/MUGEGZUHRUHN684R.jpg
3834,PACDZTD7Z9T2GVGT,../data/images/PACDZTD7Z9T2GVGT.jpg
3835,MUGEBFGY3VGMSTZE,../data/images/MUGEBFGY3VGMSTZE.jpg
3836,PACE66XREPHDU3NH,../data/images/PACE66XREPHDU3NH.jpg
3837,CRNEJB4NBT9BTM84,../data/images/CRNEJB4NBT9BTM84.jpg
3838,KHKEJTJFZTWHQQGU,../data/images/KHKEJTJFZTWHQQGU.jpg
3839,PACE3P9ASGJSV5KW,../data/images/PACE3P9ASGJSV5KW.jpg
3840,MUGEAGGKY7DVDTYA,../data/images/MUGEAGGKY7DVDTYA.jpg
3841,MUGE9HRRTTGNEANM,../data/images/MUGE9HRRTTGNEANM.jpg
3842,GLSEHFUGTFGKKZ8N,../data/images/GLSEHFUGTFGKKZ8N.jpg
3843,MUGEJG6TBVQSYMUP,../data/images/MUGEJG6TBVQSYMUP.jpg
3844,FRKEGVUNGC6RCBAZ,../data/images/FRKEGVUNGC6RCBAZ.jpg
3845,CRNEJB4NE9FYSGBR,../data/images/CRNEJB4NE9FYSGBR.jpg
3846,MUGEAGGKRHSXEGCV,../data/images/MUGEAGGKRHSXEGCV.jpg
3847,SHKEHCGRNFGTNGNZ,../data/images/SHKEHCGRNFGTNGNZ.jpg
3848,GLSEEDTXEEJDZWDN,../data/images/GLSEEDTXEEJDZWDN.jpg
3849,MUGEAGGKFYCFTBUJ,../data/images/MUGEAGGKFYCFTBUJ.jpg
3850,MUGEAGGKPSZSWZMJ,../data/images/MUGEAGGKPSZSWZMJ.jpg
3851,PTPDZYCEDURXTYRF,../data/images/PTPDZYCEDURXTYRF.jpg
3852,MUGEBFGFHNSEBGMC,../data/images/MUGEBFGFHNSEBGMC.jpg
3853,MUGEBFGFMTNYY7X3,../data/images/MUGEBFGFMTNYY7X3.jpg
3854,MUGEACY8VQRMM4FX,../data/images/MUGEACY8VQRMM4FX.jpg
3855,PACE5VYXKSZZ8GKF,../data/images/PACE5VYXKSZZ8GKF.jpg
3856,MUGEJWBRFZJHGSBG,../data/images/MUGEJWBRFZJHGSBG.jpg
3857,MUGEAGGKPVFMRCXU,../data/images/MUGEAGGKPVFMRCXU.jpg
3858,PTPEB98UCDYJ2MTE,../data/images/PTPEB98UCDYJ2MTE.jpg
3859,BLBEJR23J2CTPFAU,../data/images/BLBEJR23J2CTPFAU.jpg
3860,GLSEHEJA3CAWZ8JJ,../data/images/GLSEHEJA3CAWZ8JJ.jpg
3861,MUGE94E88NSTANZT,../data/images/MUGE94E88NSTANZT.jpg
3862,MUGE6S9YXRP8MRQC,../data/images/MUGE6S9YXRP8MRQC.jpg
3863,PACE5VYXRZBQ3FVR,../data/images/PACE5VYXRZBQ3FVR.jpg
3864,JUGEJTBCFT7QYU7D,../data/images/JUGEJTBCFT7QYU7D.jpg
3865,MUGEACY8Z8Y3EDRZ,../data/images/MUGEACY8Z8Y3EDRZ.jpg
3866,PTDEGXMSY3G7FKJU,../data/images/PTDEGXMSY3G7FKJU.jpg
3867,CDSEG6ANKKXHFEVX,../data/images/CDSEG6ANKKXHFEVX.jpg
3868,MUGEJG6TH8HH2XC6,../data/images/MUGEJG6TH8HH2XC6.jpg
3869,PACEC89YGNYZCMC4,../data/images/PACEC89YGNYZCMC4.jpg
3870,MUGEACY8DDVJ8QAD,../data/images/MUGEACY8DDVJ8QAD.jpg
3871,PTPEA5DYMZTZWEZQ,../data/images/PTPEA5DYMZTZWEZQ.jpg
3872,CNSEH4JEFRFBFYZV,../data/images/CNSEH4JEFRFBFYZV.jpg
3873,MUGEBJ7XHH5AVZV7,../data/images/MUGEBJ7XHH5AVZV7.jpg
3874,MUGEAGGKXFT23YYH,../data/images/MUGEAGGKXFT23YYH.jpg
3875,GLSEHFUGQRHPBV8D,../data/images/GLSEHFUGQRHPBV8D.jpg
3876,MUGEAGGKKZBHTBHW,../data/images/MUGEAGGKKZBHTBHW.jpg
3877,PACECCBJ8ZNZMVSH,../data/images/PACECCBJ8ZNZMVSH.jpg
3878,PACEBQ5THBFZZYUX,../data/images/PACEBQ5THBFZZYUX.jpg
3879,MUGEACY8MKDRNBFH,../data/images/MUGEACY8MKDRNBFH.jpg
3880,PACE5M34GBFNK4F3,../data/images/PACE5M34GBFNK4F3.jpg
3881,BLBEE5QEZPXQ7KFH,../data/images/BLBEE5QEZPXQ7KFH.jpg
3882,MUGEACY8ZBCGS2ZF,../data/images/MUGEACY8ZBCGS2ZF.jpg
3883,PTPEGG3XD3GAPBNB,../data/images/PTPEGG3XD3GAPBNB.jpg
3884,MUGEACY8CMZT54ZX,../data/images/MUGEACY8CMZT54ZX.jpg
3885,PTPE2Y3XXK9XGJCZ,../data/images/PTPE2Y3XXK9XGJCZ.jpg
3886,PTPEJNZ3JY75FCYC,../data/images/PTPEJNZ3JY75FCYC.jpg
3887,BLBEDKV9XHJFRF7H,../data/images/BLBEDKV9XHJFRF7H.jpg
3888,MUGE75ZZ3G2NGKXZ,../data/images/MUGE75ZZ3G2NGKXZ.jpg
3889,BOTEJT4YZXKRPDTY,../data/images/BOTEJT4YZXKRPDTY.jpg
3890,MUGECEVFBPUAPF8B,../data/images/MUGECEVFBPUAPF8B.jpg
3891,MUGE6SYUHXASZBRF,../data/images/MUGE6SYUHXASZBRF.jpg
3892,MUGEGZUMGYAPVSZH,../data/images/MUGEGZUMGYAPVSZH.jpg
3893,PRCEGG7WXSSRWQWS,../data/images/PRCEGG7WXSSRWQWS.jpg
3894,PTPEY6JZGMWZF8H3,../data/images/PTPEY6JZGMWZF8H3.jpg
3895,BOTEANCHDNKDTKGH,../data/images/BOTEANCHDNKDTKGH.jpg
3896,PTPE34YJXKXZVTWK,../data/images/PTPE34YJXKXZVTWK.jpg
3897,BLBEE5QEJWDQAWXH,../data/images/BLBEE5QEJWDQAWXH.jpg
3898,MUGEACY8HJB2956S,../data/images/MUGEACY8HJB2956S.jpg
3899,PACE43HFHCYGHYFK,../data/images/PACE43HFHCYGHYFK.jpg
3900,MUGE6SYU8QAKS7UH,../data/images/MUGE6SYU8QAKS7UH.jpg
3901,MUGE5PZ6HEKU5YN8,../data/images/MUGE5PZ6HEKU5YN8.jpg
3902,MUGEAYHPFEWRVJH6,../data/images/MUGEAYHPFEWRVJH6.jpg
3903,BOTEANCHXBAMZVMZ,../data/images/BOTEANCHXBAMZVMZ.jpg
3904,MUGEB7J7RZDRUQH9,../data/images/MUGEB7J7RZDRUQH9.jpg
3905,MUGEAGGKVNSUCWUG,../data/images/MUGEAGGKVNSUCWUG.jpg
3906,BOTEJRZF6THZAYNT,../data/images/BOTEJRZF6THZAYNT.jpg
3907,PACE7RRFT47PZGPU,../data/images/PACE7RRFT47PZGPU.jpg
3908,PTPDXN7BGWDRNHYY,../data/images/PTPDXN7BGWDRNHYY.jpg
3909,BOTEA8TGKVHDTSNW,../data/images/BOTEA8TGKVHDTSNW.jpg
3910,CNTEJVGGPSZRZDFH,../data/images/CNTEJVGGPSZRZDFH.jpg
3911,BLBE7EZ2EYPFGEEX,../data/images/BLBE7EZ2EYPFGEEX.jpg
3912,MUGEBJ7XJHMCGNV9,../data/images/MUGEBJ7XJHMCGNV9.jpg
3913,MUGEAGGKNHCZKE2Q,../data/images/MUGEAGGKNHCZKE2Q.jpg
3914,LBXEJS7ZFUEJF53Y,../data/images/LBXEJS7ZFUEJF53Y.jpg
3915,MUGEACY8Q7ZYSTN8,../data/images/MUGEACY8Q7ZYSTN8.jpg
3916,MUGEGZUJBNU4Y2CH,../data/images/MUGEGZUJBNU4Y2CH.jpg
3917,MUGEBFGFRVWCKPVT,../data/images/MUGEBFGFRVWCKPVT.jpg
3918,MUGEB7J7VYQXGFM3,../data/images/MUGEB7J7VYQXGFM3.jpg
3919,MUGE6SYUDDPPJDKT,../data/images/MUGE6SYUDDPPJDKT.jpg
3920,MAREJMJB9HFBCFNA,../data/images/MAREJMJB9HFBCFNA.jpg
3921,MUGE9ZVGGRKZBUUA,../data/images/MUGE9ZVGGRKZBUUA.jpg
3922,HCSEHGV96WXQCBN9,../data/images/HCSEHGV96WXQCBN9.jpg
3923,MUGEBFGF6PBQ2R3K,../data/images/MUGEBFGF6PBQ2R3K.jpg
3924,MUGE9P6DJGVZHRMV,../data/images/MUGE9P6DJGVZHRMV.jpg
3925,BOTEGZWGRM6MPZZD,../data/images/BOTEGZWGRM6MPZZD.jpg
3926,MUGE8S9K9YBFCGQV,../data/images/MUGE8S9K9YBFCGQV.jpg
3927,CNSEJMBC6X4KHW2N,../data/images/CNSEJMBC6X4KHW2N.jpg
3928,SPAEG6QYTABFGD3G,../data/images/SPAEG6QYTABFGD3G.jpg
3929,PACECF9NDZG39YPR,../data/images/PACECF9NDZG39YPR.jpg
3930,MUGEACY8CHWAPQK2,../data/images/MUGEACY8CHWAPQK2.jpg
3931,MUGEB7J7SENGQCZK,../data/images/MUGEB7J7SENGQCZK.jpg
3932,MUGEAGGKGVE5CCWZ,../data/images/MUGEAGGKGVE5CCWZ.jpg
3933,BLBEB33SVEEHHYHA,../data/images/BLBEB33SVEEHHYHA.jpg
3934,PACE95FMAFXHZB5C,../data/images/PACE95FMAFXHZB5C.jpg
3935,BOTEANCHR3YGCGFP,../data/images/BOTEANCHR3YGCGFP.jpg
3936,PRCEGJDKCWDFFSAY,../data/images/PRCEGJDKCWDFFSAY.jpg
3937,MUGE6A5HP6TG9YCQ,../data/images/MUGE6A5HP6TG9YCQ.jpg
3938,MUGEBFGFD5FRUUVP,../data/images/MUGEBFGFD5FRUUVP.jpg
3939,GLSEHB7RQJFVT6GS,../data/images/GLSEHB7RQJFVT6GS.jpg
3940,PTPEY6JZN3K8Z5GA,../data/images/PTPEY6JZN3K8Z5GA.jpg
3941,PTPEFJHG6SUSBPG8,../data/images/PTPEFJHG6SUSBPG8.jpg
3942,MUGE9P6DPPNA4TUS,../data/images/MUGE9P6DPPNA4TUS.jpg
3943,BOTEANCHJFBASRUX,../data/images/BOTEANCHJFBASRUX.jpg
3944,PACE7QHJGYKXGM5W,../data/images/PACE7QHJGYKXGM5W.jpg
3945,CDSEJWHYVFJYHRGR,../data/images/CDSEJWHYVFJYHRGR.jpg
3946,MUGEAGGKJM5GUWQH,../data/images/MUGEAGGKJM5GUWQH.jpg
3947,MUGEAGGKVTBAE89D,../data/images/MUGEAGGKVTBAE89D.jpg
3948,PACE26UZFAH7U2Y4,../data/images/PACE26UZFAH7U2Y4.jpg
3949,MUGE92Z4VKWKGEXX,../data/images/MUGE92Z4VKWKGEXX.jpg
3950,BRTEJMMTQZHCY7KH,../data/images/BRTEJMMTQZHCY7KH.jpg
3951,BLBEF3HEKYURWHKG,../data/images/BLBEF3HEKYURWHKG.jpg
3952,HJREGAHGVXJXZFHB,../data/images/HJREGAHGVXJXZFHB.jpg
3953,MUGEACY87HUCUYCD,../data/images/MUGEACY87HUCUYCD.jpg
3954,MUGEAYHP2YTXUDBB,../data/images/MUGEAYHP2YTXUDBB.jpg
3955,MUGE8DAUYGPWG9AE,../data/images/MUGE8DAUYGPWG9AE.jpg
3956,PACDZUDMCHKDHGXA,../data/images/PACDZUDMCHKDHGXA.jpg
3957,MUGEAGGKYWKB6YGX,../data/images/MUGEAGGKYWKB6YGX.jpg
3958,DUBEAN9SCDCVGZBZ,../data/images/DUBEAN9SCDCVGZBZ.jpg
3959,PTPEFS9BTD3YHNHF,../data/images/PTPEFS9BTD3YHNHF.jpg
3960,PTPEYW8HMUYRPGAD,../data/images/PTPEYW8HMUYRPGAD.jpg
3961,MUGECJZ2DTFF8KJA,../data/images/MUGECJZ2DTFF8KJA.jpg
3962,MUGEB3GZ4ZYHF24Z,../data/images/MUGEB3GZ4ZYHF24Z.jpg
3963,GLSEHFJZGQDR9Y6Q,../data/images/GLSEHFJZGQDR9Y6Q.jpg
3964,MUGEACY8ZGC54WNC,../data/images/MUGEACY8ZGC54WNC.jpg
3965,MUGEACY8VZZANNTE,../data/images/MUGEACY8VZZANNTE.jpg
3966,MUGE5HG8VVGMBN5M,../data/images/MUGE5HG8VVGMBN5M.jpg
3967,MUGEACY8EXQKEZ8J,../data/images/MUGEACY8EXQKEZ8J.jpg
3968,MUGEGZUHHHHCUWWM,../data/images/MUGEGZUHHHHCUWWM.jpg
3969,MUGE8DAUSNCVD2QG,../data/images/MUGE8DAUSNCVD2QG.jpg
3970,PTPE3WXUERJCP24D,../data/images/PTPE3WXUERJCP24D.jpg
3971,PACEAU9GVDACRKUV,../data/images/PACEAU9GVDACRKUV.jpg
3972,PTPE4HEYHXA42KH4,../data/images/PTPE4HEYHXA42KH4.jpg
3973,PACE43HFHGWUEV48,../data/images/PACE43HFHGWUEV48.jpg
3974,MUGEBFGFYQPGRQ7Z,../data/images/MUGEBFGFYQPGRQ7Z.jpg
3975,MUGEBFGFCWPFX4SZ,../data/images/MUGEBFGFCWPFX4SZ.jpg
3976,MUGEAGGKHFAM4YZG,../data/images/MUGEAGGKHFAM4YZG.jpg
3977,MUGEAGGKXF2KF4HN,../data/images/MUGEAGGKXF2KF4HN.jpg
3978,BOTEH2PJRPBTGXMB,../data/images/BOTEH2PJRPBTGXMB.jpg
3979,CNSEH3GZGG6VYT54,../data/images/CNSEH3GZGG6VYT54.jpg
3980,MUGEACY8MFV9ZDB3,../data/images/MUGEACY8MFV9ZDB3.jpg
3981,PRCEFR7WX4AFUXZN,../data/images/PRCEFR7WX4AFUXZN.jpg
3982,CNSEHWGRNCSHGNPC,../data/images/CNSEHWGRNCSHGNPC.jpg
3983,MUGEBFGFM3GRXXKW,../data/images/MUGEBFGFM3GRXXKW.jpg
3984,MUGEGZUHX744RFEN,../data/images/MUGEGZUHX744RFEN.jpg
3985,MUGEBFGFEFPRH8F5,../data/images/MUGEBFGFEFPRH8F5.jpg
3986,PTPDVPEXQ88YHBEE,../data/images/PTPDVPEXQ88YHBEE.jpg
3987,PRCE3WRYGKBAZGR8,../data/images/PRCE3WRYGKBAZGR8.jpg
3988,PTPEA5N8ZGYNK3PZ,../data/images/PTPEA5N8ZGYNK3PZ.jpg
3989,MUGEACY8EWA937QD,../data/images/MUGEACY8EWA937QD.jpg
3990,BOTEANCH6ZZZHJVD,../data/images/BOTEANCH6ZZZHJVD.jpg
3991,KRKE9F9SRBFDZSPE,../data/images/KRKE9F9SRBFDZSPE.jpg
3992,MUGEKY8XMXHPUNUV,../data/images/MUGEKY8XMXHPUNUV.jpg
3993,MUGEACY8H9R9ENVT,../data/images/MUGEACY8H9R9ENVT.jpg
3994,PTPE6GZRTJJCSURV,../data/images/PTPE6GZRTJJCSURV.jpg
3995,MUGE6S9YZ25CHZRN,../data/images/MUGE6S9YZ25CHZRN.jpg
3996,PTPEFJHGGFH7GA3Q,../data/images/PTPEFJHGGFH7GA3Q.jpg
3997,MUGEAGGKWW34AFH6,../data/images/MUGEAGGKWW34AFH6.jpg
3998,MUGEGZUGBZRFZPAS,../data/images/MUGEGZUGBZRFZPAS.jpg
3999,MUGE7DUFEC3VUZMF,../data/images/MUGE7DUFEC3VUZMF.jpg
4000,PACE4YPWNTHM9YXZ,../data/images/PACE4YPWNTHM9YXZ.jpg
4001,PACEFVZZ2R8ZE5ZH,../data/images/PACEFVZZ2R8ZE5ZH.jpg
4002,MUGEACY7ZZFGP7BM,../data/images/MUGEACY7ZZFGP7BM.jpg
4003,MUGEAGGKGEQBSTZA,../data/images/MUGEAGGKGEQBSTZA.jpg
4004,MUGEAGGKY8BGZWSU,../data/images/MUGEAGGKY8BGZWSU.jpg
4005,MUGEBFGF4ZDPGTZZ,../data/images/MUGEBFGF4ZDPGTZZ.jpg
4006,MUGEBFGFSYVB3FF3,../data/images/MUGEBFGFSYVB3FF3.jpg
4007,MUGEBJ7XKJDMNXY3,../data/images/MUGEBJ7XKJDMNXY3.jpg
4008,MUGEACY8HGXBNPB7,../data/images/MUGEACY8HGXBNPB7.jpg
4009,BLBEYXYHGMXNNABE,../data/images/BLBEYXYHGMXNNABE.jpg
4010,MUGEAGGKFBTYPN4Z,../data/images/MUGEAGGKFBTYPN4Z.jpg
4011,MUGEGZUHVZ4Y85DV,../data/images/MUGEGZUHVZ4Y85DV.jpg
4012,PTDEJTJYZGQ3QBFP,../data/images/PTDEJTJYZGQ3QBFP.jpg
4013,MUGEACY8ZGEDWKGZ,../data/images/MUGEACY8ZGEDWKGZ.jpg
4014,PACEBHCUHAYSM8PF,../data/images/PACEBHCUHAYSM8PF.jpg
4015,MUGEHFDKXW7E3UTG,../data/images/MUGEHFDKXW7E3UTG.jpg
4016,BLBEAEH6TYRUHVNR,../data/images/BLBEAEH6TYRUHVNR.jpg
4017,MUGEAGGKHSCYMGZG,../data/images/MUGEAGGKHSCYMGZG.jpg
4018,MUGEBJ7XBXMRUHQC,../data/images/MUGEBJ7XBXMRUHQC.jpg
4019,GLSEGPCFGCZRYA73,../data/images/GLSEGPCFGCZRYA73.jpg
4020,MUGECEVF7HGA3QMQ,../data/images/MUGECEVF7HGA3QMQ.jpg
4021,MUGEAGGKSMSZVEAB,../data/images/MUGEAGGKSMSZVEAB.jpg
4022,MUGEACY8QGGEP9E7,../data/images/MUGEACY8QGGEP9E7.jpg
4023,MUGEAGGKYUB8SYA5,../data/images/MUGEAGGKYUB8SYA5.jpg
4024,PTPEANCHU79KNHU9,../data/images/PTPEANCHU79KNHU9.jpg
4025,PTPEJVNJHB6FXHDJ,../data/images/PTPEJVNJHB6FXHDJ.jpg
4026,BOTEANCHTFMQHFTY,../data/images/BOTEANCHTFMQHFTY.jpg
4027,CRLEJ6B76SJP8ZVG,../data/images/CRLEJ6B76SJP8ZVG.jpg
4028,MUGE92Z4ZTV8UZYN,../data/images/MUGE92Z4ZTV8UZYN.jpg
4029,PRCEGXNFFZ2MHBYN,../data/images/PRCEGXNFFZ2MHBYN.jpg
4030,MUGEAGGKMTYUFAGC,../data/images/MUGEAGGKMTYUFAGC.jpg
4031,MUGEACY8QGADG5VG,../data/images/MUGEACY8QGADG5VG.jpg
4032,MUGE6A5HZUJ924WH,../data/images/MUGE6A5HZUJ924WH.jpg
4033,MUGEAGGKNFZUGFN7,../data/images/MUGEAGGKNFZUGFN7.jpg
4034,PACECFGDM9KCZWFH,../data/images/PACECFGDM9KCZWFH.jpg
4035,MUGECJZ23GD5PE6C,../data/images/MUGECJZ23GD5PE6C.jpg
4036,PACEY7H2KGPAHCCA,../data/images/PACEY7H2KGPAHCCA.jpg
4037,MUGEAGGKCDCUHPYQ,../data/images/MUGEAGGKCDCUHPYQ.jpg
4038,PACE632TFZZWFNDA,../data/images/PACE632TFZZWFNDA.jpg
4039,PACEBNG37K3MXNBQ,../data/images/PACEBNG37K3MXNBQ.jpg
4040,MUGEAGGKQM37W42E,../data/images/MUGEAGGKQM37W42E.jpg
4041,MUGEGZUHAVWFHSER,../data/images/MUGEGZUHAVWFHSER.jpg
4042,PTPE7H5JD4MH5T4D,../data/images/PTPE7H5JD4MH5T4D.jpg
4043,PTPE4YAN2DXZZGJY,../data/images/PTPE4YAN2DXZZGJY.jpg
4044,MUGEACY8MGYM6PEF,../data/images/MUGEACY8MGYM6PEF.jpg
4045,SLTEE6YYX9J6AYV5,../data/images/SLTEE6YYX9J6AYV5.jpg
4046,MUGEACY8DDWFGRUA,../data/images/MUGEACY8DDWFGRUA.jpg
4047,PTPE9DQXGXYQXNBP,../data/images/PTPE9DQXGXYQXNBP.jpg
4048,PRCDVFAFM2FPJBMZ,../data/images/PRCDVFAFM2FPJBMZ.jpg
4049,LBXEHYZYAC6XFEBQ,../data/images/LBXEHYZYAC6XFEBQ.jpg
4050,JGTECTXNVGH5GYM5,../data/images/JGTECTXNVGH5GYM5.jpg
4051,MUGEJZWTW9GYADQT,../data/images/MUGEJZWTW9GYADQT.jpg
4052,MUGEACY8SWZV9NGD,../data/images/MUGEACY8SWZV9NGD.jpg
4053,PTPE62XBPSEHCQCR,../data/images/PTPE62XBPSEHCQCR.jpg
4054,PTPDVPEXSVAC5GK7,../data/images/PTPDVPEXSVAC5GK7.jpg
4055,IDMEHY86YP4NFZUG,../data/images/IDMEHY86YP4NFZUG.jpg
4056,PACEAYZANXQFKGZ3,../data/images/PACEAYZANXQFKGZ3.jpg
4057,MUGEGZUZRYKZGTQD,../data/images/MUGEGZUZRYKZGTQD.jpg
4058,MUGEACY8NCCXXWJZ,../data/images/MUGEACY8NCCXXWJZ.jpg
4059,MUGEACY87DHFDDZC,../data/images/MUGEACY87DHFDDZC.jpg
4060,PTPE3KKX3DBHYFVX,../data/images/PTPE3KKX3DBHYFVX.jpg
4061,MUGEB7J7TTV5URK4,../data/images/MUGEB7J7TTV5URK4.jpg
4062,MUGEAGGKPUYPSZAG,../data/images/MUGEAGGKPUYPSZAG.jpg
4063,MUGECEVF4WG8JSZ9,../data/images/MUGECEVF4WG8JSZ9.jpg
4064,RTRE2XJSG2ZFVFTW,../data/images/RTRE2XJSG2ZFVFTW.jpg
4065,USGEE39ZKAU9DDA3,../data/images/USGEE39ZKAU9DDA3.jpg
4066,USGEDDUFFKX9MGSX,../data/images/USGEDDUFFKX9MGSX.jpg
4067,RTRE96W36WAJHRCF,../data/images/RTRE96W36WAJHRCF.jpg
4068,USGEE5ZTTUZDK6Z8,../data/images/USGEE5ZTTUZDK6Z8.jpg
4069,RTRECRF7ND5CVZZX,../data/images/RTRECRF7ND5CVZZX.jpg
4070,RTREY9XYN7YUJTFR,../data/images/RTREY9XYN7YUJTFR.jpg
4071,RTRDNGVMCHXQT6HU,../data/images/RTRDNGVMCHXQT6HU.jpg
4072,RTRDQSSHGP7UGRFC,../data/images/RTRDQSSHGP7UGRFC.jpg
4073,RTRDZK8XCUEKZDFZ,../data/images/RTRDZK8XCUEKZDFZ.jpg
4074,RTREFJRJN2Y6CQJS,../data/images/RTREFJRJN2Y6CQJS.jpg
4075,RTRD6FYY9KH3BBGZ,../data/images/RTRD6FYY9KH3BBGZ.jpg
4076,ACCEJ6TE5XZANPB5,../data/images/ACCEJ6TE5XZANPB5.jpg
4077,RTRECZVP6VGBTEGT,../data/images/RTRECZVP6VGBTEGT.jpg
4078,ADPE9CJZFQPKTJEG,../data/images/ADPE9CJZFQPKTJEG.jpg
4079,RTRDRDPR9JHCSBGH,../data/images/RTRDRDPR9JHCSBGH.jpg
4080,ACCDX8ZUGJDYYJ43,../data/images/ACCDX8ZUGJDYYJ43.jpg
4081,RTREA4CEAZ3VPNHK,../data/images/RTREA4CEAZ3VPNHK.jpg
4082,RTRECZANMW6UAQ5A,../data/images/RTRECZANMW6UAQ5A.jpg
4083,LACEGEZDGBBEJGZ6,../data/images/LACEGEZDGBBEJGZ6.jpg
4084,RTRE9N5GJGJ2GMRV,../data/images/RTRE9N5GJGJ2GMRV.jpg
4085,USGEDSGQPYKN9YKU,../data/images/USGEDSGQPYKN9YKU.jpg
4086,USGEB59M4HDG7HZN,../data/images/USGEB59M4HDG7HZN.jpg
4087,USGEBYYPVTTJA9JR,../data/images/USGEBYYPVTTJA9JR.jpg
4088,ACCEGZ659MWTNBAG,../data/images/ACCEGZ659MWTNBAG.jpg
4089,RTRDZTF9URF2UFPF,../data/images/RTRDZTF9URF2UFPF.jpg
4090,ACCEGZ6BUESXR4VH,../data/images/ACCEGZ6BUESXR4VH.jpg
4091,USGEDGJFPAWYGDDP,../data/images/USGEDGJFPAWYGDDP.jpg
4092,ACCEGBTPV5PPBHVD,../data/images/ACCEGBTPV5PPBHVD.jpg
4093,ACCDXFZXGQTBTM6N,../data/images/ACCDXFZXGQTBTM6N.jpg
4094,ACCDSY8EDTGSEZD5,../data/images/ACCDSY8EDTGSEZD5.jpg
4095,ACCE558KTS5PCGMF,../data/images/ACCE558KTS5PCGMF.jpg
4096,USGEE3GGGGYWM8ZZ,../data/images/USGEE3GGGGYWM8ZZ.jpg
4097,INKEAX9X88JRDCR2,../data/images/INKEAX9X88JRDCR2.jpg
4098,ACCEGZ6BS95BBYH4,../data/images/ACCEGZ6BS95BBYH4.jpg
4099,ACCDSY8ESXF9AUHY,../data/images/ACCDSY8ESXF9AUHY.jpg
4100,USGE7U5M7HUUVV2Q,../data/images/USGE7U5M7HUUVV2Q.jpg
4101,LTBEJGVNHVHPUZ9G,../data/images/LTBEJGVNHVHPUZ9G.jpg
4102,RTRDF7QU6QFFZFKB,../data/images/RTRDF7QU6QFFZFKB.jpg
4103,USGEJPQHFM7CVCYH,../data/images/USGEJPQHFM7CVCYH.jpg
4104,USGEC8ARDDMVUS7V,../data/images/USGEC8ARDDMVUS7V.jpg
4105,RTRECTV9PSVC8Z9Y,../data/images/RTRECTV9PSVC8Z9Y.jpg
4106,USGEB59MDGGJ4TEZ,../data/images/USGEB59MDGGJ4TEZ.jpg
4107,LACEGF4N3CAXZDKH,../data/images/LACEGF4N3CAXZDKH.jpg
4108,RTRE2TYNWTGTPE8D,../data/images/RTRE2TYNWTGTPE8D.jpg
4109,LACEGF4PBHRZVQZZ,../data/images/LACEGF4PBHRZVQZZ.jpg
4110,INKEDHFH3QWCM9QC,../data/images/INKEDHFH3QWCM9QC.jpg
4111,LACEGEZBUKFAFH2E,../data/images/LACEGEZBUKFAFH2E.jpg
4112,RTRDGGQ754BDWH7U,../data/images/RTRDGGQ754BDWH7U.jpg
4113,LACEGF4N66XHVBVB,../data/images/LACEGF4N66XHVBVB.jpg
4114,LACEGEZDFYZYZQ7B,../data/images/LACEGEZDFYZYZQ7B.jpg
4115,RTRDZBJ5E8TBFDD9,../data/images/RTRDZBJ5E8TBFDD9.jpg
4116,ACCDXFPYT58AGGAF,../data/images/ACCDXFPYT58AGGAF.jpg
4117,RTRDRMGYGV73A3XJ,../data/images/RTRDRMGYGV73A3XJ.jpg
4118,LACEGF4NZRFQD9UJ,../data/images/LACEGF4NZRFQD9UJ.jpg
4119,RTRDZTF9DBT4CW8U,../data/images/RTRDZTF9DBT4CW8U.jpg
4120,USGEE6YKZAKRZKSD,../data/images/USGEE6YKZAKRZKSD.jpg
4121,RTRDHYYVXHYG93NF,../data/images/RTRDHYYVXHYG93NF.jpg
4122,RTRE2V3Y6FWVHDW5,../data/images/RTRE2V3Y6FWVHDW5.jpg
4123,USGEDAQRYJHZT4BH,../data/images/USGEDAQRYJHZT4BH.jpg
4124,USGE5BVUJY4DCCZF,../data/images/USGE5BVUJY4DCCZF.jpg
4125,ACCDQDYBQZPEEXTY,../data/images/ACCDQDYBQZPEEXTY.jpg
4126,RTREYTY2TMVNXZG4,../data/images/RTREYTY2TMVNXZG4.jpg
4127,USGEDZEKBZKVYEZC,../data/images/USGEDZEKBZKVYEZC.jpg
4128,USGED8ZSHRYQDKGU,../data/images/USGED8ZSHRYQDKGU.jpg
4129,RTRDFFYGM2TEWVCC,../data/images/RTRDFFYGM2TEWVCC.jpg
4130,USGEEF3QTHWQ73HZ,../data/images/USGEEF3QTHWQ73HZ.jpg
4131,RTREBVK9HX8XJH2T,../data/images/RTREBVK9HX8XJH2T.jpg
4132,USGEDDUFPQBYH6GY,../data/images/USGEDDUFPQBYH6GY.jpg
4133,RTRE9WHYCSYHZKDM,../data/images/RTRE9WHYCSYHZKDM.jpg
4134,RTRD7XKFDBPBR6CV,../data/images/RTRD7XKFDBPBR6CV.jpg
4135,ACCEJ6TES5HRPFTG,../data/images/ACCEJ6TES5HRPFTG.jpg
4136,USGECMER6YHJTVBE,../data/images/USGECMER6YHJTVBE.jpg
4137,INKDYVCR6P5Y9JDF,../data/images/INKDYVCR6P5Y9JDF.jpg
4138,RTRDZBJ5FZSU4AYZ,../data/images/RTRDZBJ5FZSU4AYZ.jpg
4139,RTRE8GJTHFTTDZWA,../data/images/RTRE8GJTHFTTDZWA.jpg
4140,ACCDSY8EHHF5TSKC,../data/images/ACCDSY8EHHF5TSKC.jpg
4141,ACCDXFFBYZTCAMRN,../data/images/ACCDXFFBYZTCAMRN.jpg
4142,USGE9QFK7DKTJVHB,../data/images/USGE9QFK7DKTJVHB.jpg
4143,ADPE9TFCUY5Z8ZH2,../data/images/ADPE9TFCUY5Z8ZH2.jpg
4144,LACEGEZDVDYA4FZZ,../data/images/LACEGEZDVDYA4FZZ.jpg
4145,USGEDDUFFUEEDZAV,../data/images/USGEDDUFFUEEDZAV.jpg
4146,RTRDPEG7ATGCPYZS,../data/images/RTRDPEG7ATGCPYZS.jpg
4147,ACCDX3KFD7H6VWJ3,../data/images/ACCDX3KFD7H6VWJ3.jpg
4148,RTREY7SCGRHBZRSF,../data/images/RTREY7SCGRHBZRSF.jpg
4149,RTRDW77Y4D3QTBUG,../data/images/RTRDW77Y4D3QTBUG.jpg
4150,RTRD4D3EGBAYBG2C,../data/images/RTRD4D3EGBAYBG2C.jpg
4151,RTRDNGVMAKRQKH7Y,../data/images/RTRDNGVMAKRQKH7Y.jpg
4152,AUDCY8T7KPEG3ZZF,../data/images/AUDCY8T7KPEG3ZZF.jpg
4153,RTRDPXKCBHEECZQE,../data/images/RTRDPXKCBHEECZQE.jpg
4154,ACCDWG6GYCXXABPZ,../data/images/ACCDWG6GYCXXABPZ.jpg
4155,USGEBZ7UHXASBG6M,../data/images/USGEBZ7UHXASBG6M.jpg
4156,RTRE3KKX6DHYNZBK,../data/images/RTRE3KKX6DHYNZBK.jpg
4157,USGEBSK8VVGZCHPF,../data/images/USGEBSK8VVGZCHPF.jpg
4158,ACCDY6GWDTT9TMNY,../data/images/ACCDY6GWDTT9TMNY.jpg
4159,RTRDYKYKKGPHZGHY,../data/images/RTRDYKYKKGPHZGHY.jpg
4160,RTRDQ9YMUHW7PYYE,../data/images/RTRDQ9YMUHW7PYYE.jpg
4161,LACEGEZBYUAA7ZWB,../data/images/LACEGEZBYUAA7ZWB.jpg
4162,RTRDPFNAFVJAXHTA,../data/images/RTRDPFNAFVJAXHTA.jpg
4163,USGEE3YXGXN9FHUQ,../data/images/USGEE3YXGXN9FHUQ.jpg
4164,ACCEJ6TEH8FYHEFG,../data/images/ACCEJ6TEH8FYHEFG.jpg
4165,USGEDQGCSHSRGSYG,../data/images/USGEDQGCSHSRGSYG.jpg
4166,RTRDHCXZPWGDJRVH,../data/images/RTRDHCXZPWGDJRVH.jpg
4167,ACCDXFFD7H52GCDD,../data/images/ACCDXFFD7H52GCDD.jpg
4168,RTRE7DBHH85JTHXC,../data/images/RTRE7DBHH85JTHXC.jpg
4169,USGEDZF2UQ38HTJ5,../data/images/USGEDZF2UQ38HTJ5.jpg
4170,RTRE387ZG6JUHDHP,../data/images/RTRE387ZG6JUHDHP.jpg
4171,ACCEGZ66HG5DH7ZH,../data/images/ACCEGZ66HG5DH7ZH.jpg
4172,RTRD3849TERR75YB,../data/images/RTRD3849TERR75YB.jpg
4173,USGEEF3Q6BUZYPSE,../data/images/USGEEF3Q6BUZYPSE.jpg
4174,USGEDSGQRARFSKZC,../data/images/USGEDSGQRARFSKZC.jpg
4175,RTRD6FYYUQZJBY6F,../data/images/RTRD6FYYUQZJBY6F.jpg
4176,RTRDETBCHYE3UZAA,../data/images/RTRDETBCHYE3UZAA.jpg
4177,ACCEGZ65AEVGSGZ7,../data/images/ACCEGZ65AEVGSGZ7.jpg
4178,ACCEGZ6BS9JKBF5P,../data/images/ACCEGZ6BS9JKBF5P.jpg
4179,USGEJTVATZSAFZ3H,../data/images/USGEJTVATZSAFZ3H.jpg
4180,RTREAX3DGDRSSYFT,../data/images/RTREAX3DGDRSSYFT.jpg
4181,USGEAMADA8XHH2UM,../data/images/USGEAMADA8XHH2UM.jpg
4182,RTREA7E5WGGNH7UR,../data/images/RTREA7E5WGGNH7UR.jpg
4183,USGEBZZ3SVFAFF5E,../data/images/USGEBZZ3SVFAFF5E.jpg
4184,RTRDQZMJBWHZCXZT,../data/images/RTRDQZMJBWHZCXZT.jpg
4185,ACCEGCATKHNRXUHW,../data/images/ACCEGCATKHNRXUHW.jpg
4186,RTRDNGVMRQ63YU54,../data/images/RTRDNGVMRQ63YU54.jpg
4187,ACCDQDYBYCX69WHA,../data/images/ACCDQDYBYCX69WHA.jpg
4188,ACCEGZ6B9MYUTYST,../data/images/ACCEGZ6B9MYUTYST.jpg
4189,RTRD8FPJQUFYZAPJ,../data/images/RTRD8FPJQUFYZAPJ.jpg
4190,RTRE387ZDKW7NQGV,../data/images/RTRE387ZDKW7NQGV.jpg
4191,USGEDRESZAGFHZUF,../data/images/USGEDRESZAGFHZUF.jpg
4192,RTRE6Y4UUCDRGMN2,../data/images/RTRE6Y4UUCDRGMN2.jpg
4193,COMEAZ94HWYQTZHZ,../data/images/COMEAZ94HWYQTZHZ.jpg
4194,ACCDWJ8US3VAZSH8,../data/images/ACCDWJ8US3VAZSH8.jpg
4195,RTRDNGVMH2ZJZRMQ,../data/images/RTRDNGVMH2ZJZRMQ.jpg
4196,RTREGG8F83DMYHPE,../data/images/RTREGG8F83DMYHPE.jpg
4197,LACEGEZDSQ5JKX2G,../data/images/LACEGEZDSQ5JKX2G.jpg
4198,RTRDPEUPQRZGWHGC,../data/images/RTRDPEUPQRZGWHGC.jpg
4199,ACCDY6GVZYHGRRPP,../data/images/ACCDY6GVZYHGRRPP.jpg
4200,ACCDWRBD8TQYUZX7,../data/images/ACCDWRBD8TQYUZX7.jpg
4201,CPUEJ2CMBFHTTHSJ,../data/images/CPUEJ2CMBFHTTHSJ.jpg
4202,USGEDSKFXUHKEGME,../data/images/USGEDSKFXUHKEGME.jpg
4203,LACEGEZGTVHNGAF2,../data/images/LACEGEZGTVHNGAF2.jpg
4204,RTRDHWZYK9SN4MGZ,../data/images/RTRDHWZYK9SN4MGZ.jpg
4205,RTREFDT4U3A6UZEH,../data/images/RTREFDT4U3A6UZEH.jpg
4206,RTRDP2GSBX4AF7FK,../data/images/RTRDP2GSBX4AF7FK.jpg
4207,ACCEGCASDTW8AW4G,../data/images/ACCEGCASDTW8AW4G.jpg
4208,LACEGEZDHWMDGZFK,../data/images/LACEGEZDHWMDGZFK.jpg
4209,ACCDSY8EYJ6PTNGT,../data/images/ACCDSY8EYJ6PTNGT.jpg
4210,RTRE3F95FDUDKB8Z,../data/images/RTRE3F95FDUDKB8Z.jpg
4211,ACCDXM7PNZGBNTEA,../data/images/ACCDXM7PNZGBNTEA.jpg
4212,USGEDZAAFUVCHJA5,../data/images/USGEDZAAFUVCHJA5.jpg
4213,ACCEGZ66PXG5AHHJ,../data/images/ACCEGZ66PXG5AHHJ.jpg
4214,ACCEJHEYMFQUSCXD,../data/images/ACCEJHEYMFQUSCXD.jpg
4215,USGEDH3FCDFMMJUE,../data/images/USGEDH3FCDFMMJUE.jpg
4216,USGEE3GCYYWX5ECP,../data/images/USGEE3GCYYWX5ECP.jpg
4217,ACCDX3KYV5FEVMGY,../data/images/ACCDX3KYV5FEVMGY.jpg
4218,RTRE2RMAAU4D3H5X,../data/images/RTRE2RMAAU4D3H5X.jpg
4219,USGEDRRVZCFYRADJ,../data/images/USGEDRRVZCFYRADJ.jpg
4220,RTREF2UMA333RFTZ,../data/images/RTREF2UMA333RFTZ.jpg
4221,RTREF5VHK9ZUQE7V,../data/images/RTREF5VHK9ZUQE7V.jpg
4222,ACCDVDC8S5JWEE6X,../data/images/ACCDVDC8S5JWEE6X.jpg
4223,RTRDZBJ5HJUQPHUB,../data/images/RTRDZBJ5HJUQPHUB.jpg
4224,LACEGEZAFNV6YHHF,../data/images/LACEGEZAFNV6YHHF.jpg
4225,LACEGEZDPPGNXF5V,../data/images/LACEGEZDPPGNXF5V.jpg
4226,USGEDNR8U6ZAETKA,../data/images/USGEDNR8U6ZAETKA.jpg
4227,USGE8R7KG4TYZPV5,../data/images/USGE8R7KG4TYZPV5.jpg
4228,USGEDJP7GNXSPZ5Q,../data/images/USGEDJP7GNXSPZ5Q.jpg
4229,ACCE4JKYGQGYYHBG,../data/images/ACCE4JKYGQGYYHBG.jpg
4230,USGEE5RFHDHCRFSU,../data/images/USGEE5RFHDHCRFSU.jpg
4231,USGDPXUW6HCQVG5H,../data/images/USGDPXUW6HCQVG5H.jpg
4232,ACCE8FG4JHHCTJDY,../data/images/ACCE8FG4JHHCTJDY.jpg
4233,USGEE6MV4XNTHFCE,../data/images/USGEE6MV4XNTHFCE.jpg
4234,RTRDEKJVRCDYXRST,../data/images/RTRDEKJVRCDYXRST.jpg
4235,RTRDA4U7UE3Z7UMB,../data/images/RTRDA4U7UE3Z7UMB.jpg
4236,ACCEJ6TEQMU55MFW,../data/images/ACCEJ6TEQMU55MFW.jpg
4237,RTRDWGAKVZK8VQ9R,../data/images/RTRDWGAKVZK8VQ9R.jpg
4238,USGEE4P5BUGKHE2M,../data/images/USGEE4P5BUGKHE2M.jpg
4239,USGE9ZNJ2JKFNKH6,../data/images/USGE9ZNJ2JKFNKH6.jpg
4240,RTRDFFYGKJAXPUUG,../data/images/RTRDFFYGKJAXPUUG.jpg
4241,RTRD7HN3JJYF6WN2,../data/images/RTRD7HN3JJYF6WN2.jpg
4242,USGEEF3QGH8GPGRU,../data/images/USGEEF3QGH8GPGRU.jpg
4243,ACCDXFP2HFYAWDBT,../data/images/ACCDXFP2HFYAWDBT.jpg
4244,USGEAYRTXWS4QGKB,../data/images/USGEAYRTXWS4QGKB.jpg
4245,ACCDQDYBMZDHCNRA,../data/images/ACCDQDYBMZDHCNRA.jpg
4246,USGEE4CAYEJWVAF5,../data/images/USGEE4CAYEJWVAF5.jpg
4247,USGEDST69PGHVYH8,../data/images/USGEDST69PGHVYH8.jpg
4248,ACCDX9Y3MJET7BHY,../data/images/ACCDX9Y3MJET7BHY.jpg
4249,MBDEFYHEKX7GBWFU,../data/images/MBDEFYHEKX7GBWFU.jpg
4250,USGEDZX5ERUQRW8B,../data/images/USGEDZX5ERUQRW8B.jpg
4251,RTRD8FNG6FUTFZQJ,../data/images/RTRD8FNG6FUTFZQJ.jpg
4252,RTREFR77EH5G8AH4,../data/images/RTREFR77EH5G8AH4.jpg
4253,LACEGEZA6MYSFYHT,../data/images/LACEGEZA6MYSFYHT.jpg
4254,USGEJPQHT8YPZ7D8,../data/images/USGEJPQHT8YPZ7D8.jpg
4255,USGEDX24BCNC63FE,../data/images/USGEDX24BCNC63FE.jpg
4256,ACCEGG7KUYJWDUUG,../data/images/ACCEGG7KUYJWDUUG.jpg
4257,RTRE4EY9HHDVPVG6,../data/images/RTRE4EY9HHDVPVG6.jpg
4258,USGEDZF2Y87ECZHK,../data/images/USGEDZF2Y87ECZHK.jpg
4259,RTREBG9CJ7HHSHGJ,../data/images/RTREBG9CJ7HHSHGJ.jpg
4260,ACCDX8ZUEWUKFHHQ,../data/images/ACCDX8ZUEWUKFHHQ.jpg
4261,ACCDX9Y62ETH4WGB,../data/images/ACCDX9Y62ETH4WGB.jpg
4262,USGEDSGQYHMHBZGH,../data/images/USGEDSGQYHMHBZGH.jpg
4263,ACCDSY8ERUYRYSUA,../data/images/ACCDSY8ERUYRYSUA.jpg
4264,ACCEF3Z2XMEEJVWE,../data/images/ACCEF3Z2XMEEJVWE.jpg
4265,RTRDZBJ5VAZG7VGC,../data/images/RTRDZBJ5VAZG7VGC.jpg
4266,ACCEGZ6BBHDP23K8,../data/images/ACCEGZ6BBHDP23K8.jpg
4267,PSRE2K36QU4U5HBC,../data/images/PSRE2K36QU4U5HBC.jpg
4268,USGECNEZPYBCAWGU,../data/images/USGECNEZPYBCAWGU.jpg
4269,ACCDX8ZT6GGZDFHX,../data/images/ACCDX8ZT6GGZDFHX.jpg
4270,ACCDR3Z6KVFHCZQA,../data/images/ACCDR3Z6KVFHCZQA.jpg
4271,RTRDZK8XD2H2VBAD,../data/images/RTRDZK8XD2H2VBAD.jpg
4272,USGEDDUFASHHQGEY,../data/images/USGEDDUFASHHQGEY.jpg
4273,ACCEGZ6BRBTGQWZY,../data/images/ACCEGZ6BRBTGQWZY.jpg
4274,ACCEJHEZHGMYZGYT,../data/images/ACCEJHEZHGMYZGYT.jpg
4275,ACCDX8ZTH89YR2ZF,../data/images/ACCDX8ZTH89YR2ZF.jpg
4276,COMEAZ945RHFFGUS,../data/images/COMEAZ945RHFFGUS.jpg
4277,RTRE8EHVG8MKE29S,../data/images/RTRE8EHVG8MKE29S.jpg
4278,RTRDBECHFKZTHEP8,../data/images/RTRDBECHFKZTHEP8.jpg
4279,USGEDRPHJHRGHJNH,../data/images/USGEDRPHJHRGHJNH.jpg
4280,ACCDX9Y48HVQYFEK,../data/images/ACCDX9Y48HVQYFEK.jpg
4281,USGEE2FECFENWUNS,../data/images/USGEE2FECFENWUNS.jpg
4282,RTRE3WYAU6HNKCGS,../data/images/RTRE3WYAU6HNKCGS.jpg
4283,RTRE7FT9VKRGNTRR,../data/images/RTRE7FT9VKRGNTRR.jpg
4284,RTRDYPA4PJHCJCGF,../data/images/RTRDYPA4PJHCJCGF.jpg
4285,USGEDDUFEWAMS6C8,../data/images/USGEDDUFEWAMS6C8.jpg
4286,RTRDPA9FNCRGS8UZ,../data/images/RTRDPA9FNCRGS8UZ.jpg
4287,ACCDVPGKY3GBDB5P,../data/images/ACCDVPGKY3GBDB5P.jpg
4288,ACCEGZ6BCUUKPVZR,../data/images/ACCEGZ6BCUUKPVZR.jpg
4289,RTRDWBPC23ZAYMSE,../data/images/RTRDWBPC23ZAYMSE.jpg
4290,ACCDXQQGRWYGJCKS,../data/images/ACCDXQQGRWYGJCKS.jpg
4291,RTRD6FYYZCZGPCVH,../data/images/RTRD6FYYZCZGPCVH.jpg
4292,PSRD7NKJGFMGAZQG,../data/images/PSRD7NKJGFMGAZQG.jpg
4293,ACCEGCAVP2NZEETM,../data/images/ACCEGCAVP2NZEETM.jpg
4294,ACCDQDYBPHVQ9EFC,../data/images/ACCDQDYBPHVQ9EFC.jpg
4295,RTRDQGV3ZTKAZTPD,../data/images/RTRDQGV3ZTKAZTPD.jpg
4296,ACCDSUZJGMZD9FHZ,../data/images/ACCDSUZJGMZD9FHZ.jpg
4297,USGEDSGQDG8VUQWT,../data/images/USGEDSGQDG8VUQWT.jpg
4298,ACCDXFPYVJCMFGET,../data/images/ACCDXFPYVJCMFGET.jpg
4299,USGEB59MTEDYZGZH,../data/images/USGEB59MTEDYZGZH.jpg
4300,RTRDYYTZVSFZQXWF,../data/images/RTRDYYTZVSFZQXWF.jpg
4301,ACCDXM7XJHDBTH3X,../data/images/ACCDXM7XJHDBTH3X.jpg
4302,ACCEJHEKWCGVMTHH,../data/images/ACCEJHEKWCGVMTHH.jpg
4303,USGEE7ACNU4ZGY5E,../data/images/USGEE7ACNU4ZGY5E.jpg
4304,ACCEGZ6BY4ZPBWWV,../data/images/ACCEGZ6BY4ZPBWWV.jpg
4305,RTRDFFYG65VG5RWS,../data/images/RTRDFFYG65VG5RWS.jpg
4306,RTRE93J4UYHVQAKG,../data/images/RTRE93J4UYHVQAKG.jpg
4307,ACCEF3ZFTEZNYMHF,../data/images/ACCEF3ZFTEZNYMHF.jpg
4308,USGEDDUFWRC4DM9G,../data/images/USGEDDUFWRC4DM9G.jpg
4309,RTRE38HFGYDDZYGZ,../data/images/RTRE38HFGYDDZYGZ.jpg
4310,PSREFBQM8V7GVCGX,../data/images/PSREFBQM8V7GVCGX.jpg
4311,ACCDWRBGW9XNZDGP,../data/images/ACCDWRBGW9XNZDGP.jpg
4312,ACCDXFPYCSFXCJU4,../data/images/ACCDXFPYCSFXCJU4.jpg
4313,ACCDQDYBYVQZNHCH,../data/images/ACCDQDYBYVQZNHCH.jpg
4314,WATD9H76RG5FQT5Y,../data/images/WATD9H76RG5FQT5Y.jpg
4315,TCKE8SPVBHJZVDFG,../data/images/TCKE8SPVBHJZVDFG.jpg
4316,WATEA6UGFGKZKDJC,../data/images/WATEA6UGFGKZKDJC.jpg
4317,WATDYFQ557AP8EVM,../data/images/WATDYFQ557AP8EVM.jpg
4318,WATDZ2ZQGEYGQCFX,../data/images/WATDZ2ZQGEYGQCFX.jpg
4319,WATEAYAHJ8CUCAYM,../data/images/WATEAYAHJ8CUCAYM.jpg
4320,WATEAD5CGFUAZAMS,../data/images/WATEAD5CGFUAZAMS.jpg
4321,WATDZRZGZAM7HDGV,../data/images/WATDZRZGZAM7HDGV.jpg
4322,WATDZNSHJHDTS9GN,../data/images/WATDZNSHJHDTS9GN.jpg
4323,WATECSW5XEYZW3G6,../data/images/WATECSW5XEYZW3G6.jpg
4324,WATDUNJ7YKMGG9RZ,../data/images/WATDUNJ7YKMGG9RZ.jpg
4325,WATE9MVXJXHZHEJU,../data/images/WATE9MVXJXHZHEJU.jpg
4326,WATEYAP3HZBXA4N5,../data/images/WATEYAP3HZBXA4N5.jpg
4327,WATECHFU4QGFQEJG,../data/images/WATECHFU4QGFQEJG.jpg
4328,WATEATZUJHKHH59V,../data/images/WATEATZUJHKHH59V.jpg
4329,WATEB795UJCGY7JZ,../data/images/WATEB795UJCGY7JZ.jpg
4330,WATEHYHNCANKP5VZ,../data/images/WATEHYHNCANKP5VZ.jpg
4331,WATDA5ZAXAP2VTGQ,../data/images/WATDA5ZAXAP2VTGQ.jpg
4332,WATEDHWY6UYHX6ZR,../data/images/WATEDHWY6UYHX6ZR.jpg
4333,WATEYAP3UAQ2H5MM,../data/images/WATEYAP3UAQ2H5MM.jpg
4334,WATEAFG4PYZHTC52,../data/images/WATEAFG4PYZHTC52.jpg
4335,WATDZ2ZQAFGKBF2Z,../data/images/WATDZ2ZQAFGKBF2Z.jpg
4336,WATDZ5HGXEYDHBWD,../data/images/WATDZ5HGXEYDHBWD.jpg
4337,WHBEGHYHY5FJP7G4,../data/images/WHBEGHYHY5FJP7G4.jpg
4338,WATECE855W5YFE3H,../data/images/WATECE855W5YFE3H.jpg
4339,WATEBSZUTGAQBCFN,../data/images/WATEBSZUTGAQBCFN.jpg
4340,WATE3FAXGFHMASYX,../data/images/WATE3FAXGFHMASYX.jpg
4341,WATEBVHAWSYYS8EY,../data/images/WATEBVHAWSYYS8EY.jpg
4342,WATDXB5HPZFBCDG4,../data/images/WATDXB5HPZFBCDG4.jpg
4343,WATE7VE2MFQWBF4H,../data/images/WATE7VE2MFQWBF4H.jpg
4344,WATEAK8SE2RUK7GM,../data/images/WATEAK8SE2RUK7GM.jpg
4345,WATDUNJ7AZ9RYTAF,../data/images/WATDUNJ7AZ9RYTAF.jpg
4346,WATD9H76QFGFQAHV,../data/images/WATD9H76QFGFQAHV.jpg
4347,WATE7ZNJMHZDZDEW,../data/images/WATE7ZNJMHZDZDEW.jpg
4348,WATDWBHR38VKQAKG,../data/images/WATDWBHR38VKQAKG.jpg
4349,WATDWABRFCWT2DD3,../data/images/WATDWABRFCWT2DD3.jpg
4350,WATE4S5RZZY6ZCSA,../data/images/WATE4S5RZZY6ZCSA.jpg
4351,WATE6S3AZNHMPTJA,../data/images/WATE6S3AZNHMPTJA.jpg
4352,WATDUNJ7PGYUWDGQ,../data/images/WATDUNJ7PGYUWDGQ.jpg
4353,WATE8HU2ZJEJS92Z,../data/images/WATE8HU2ZJEJS92Z.jpg
4354,WATDZMBRGZ4U7SQX,../data/images/WATDZMBRGZ4U7SQX.jpg
4355,WATEYP8CTDHWH7N9,../data/images/WATEYP8CTDHWH7N9.jpg
4356,WTBEGYYBQTZXRQK3,../data/images/WTBEGYYBQTZXRQK3.jpg
4357,WATDCUGXHXSUHBHX,../data/images/WATDCUGXHXSUHBHX.jpg
4358,WATE5HFYXEJRCTHF,../data/images/WATE5HFYXEJRCTHF.jpg
4359,WATDZMBRXFZUUD2Z,../data/images/WATDZMBRXFZUUD2Z.jpg
4360,WATDZ5HGJGTPBEHB,../data/images/WATDZ5HGJGTPBEHB.jpg
4361,WATED53FKKH4S8E4,../data/images/WATED53FKKH4S8E4.jpg
4362,WATDDXF3B7QGT3MC,../data/images/WATDDXF3B7QGT3MC.jpg
4363,WATEYUZXGBYVBF24,../data/images/WATEYUZXGBYVBF24.jpg
4364,WATD9H76H9EHPBUF,../data/images/WATD9H76H9EHPBUF.jpg
4365,WATEJAE8DFSKJDQE,../data/images/WATEJAE8DFSKJDQE.jpg
4366,WATE9M3RRRKZK4FD,../data/images/WATE9M3RRRKZK4FD.jpg
4367,WATDJYPXZMUSCBJN,../data/images/WATDJYPXZMUSCBJN.jpg
4368,WATE6XU7E3D28FJH,../data/images/WATE6XU7E3D28FJH.jpg
4369,WATED9T48YVSTAA5,../data/images/WATED9T48YVSTAA5.jpg
4370,WATE26J74MGUBFFB,../data/images/WATE26J74MGUBFFB.jpg
4371,WATEHZP3ZA9YT99G,../data/images/WATEHZP3ZA9YT99G.jpg
4372,WATDA5ZAWCTQHAY4,../data/images/WATDA5ZAWCTQHAY4.jpg
4373,WATE34FM4B65YDDE,../data/images/WATE34FM4B65YDDE.jpg
4374,WATE9WKSHRYTM2PP,../data/images/WATE9WKSHRYTM2PP.jpg
4375,WATECSW5VZSZETGS,../data/images/WATECSW5VZSZETGS.jpg
4376,WATE3GEY74QU9T35,../data/images/WATE3GEY74QU9T35.jpg
4377,WATDVGGHNSHKU4ED,../data/images/WATDVGGHNSHKU4ED.jpg
4378,WATDUK7DKXV8WCAW,../data/images/WATDUK7DKXV8WCAW.jpg
4379,WATEYAP3ENSXBF7E,../data/images/WATEYAP3ENSXBF7E.jpg
4380,WATEHZZV8HF77B94,../data/images/WATEHZZV8HF77B94.jpg
4381,WATE9GY44ZQHHFGP,../data/images/WATE9GY44ZQHHFGP.jpg
4382,WATEBYZGCFGUP9HG,../data/images/WATEBYZGCFGUP9HG.jpg
4383,WATDZ5HGMZ3FZ8ET,../data/images/WATDZ5HGMZ3FZ8ET.jpg
4384,WATECGG4W76YEBUB,../data/images/WATECGG4W76YEBUB.jpg
4385,WATEDBVHQ6AJX7N9,../data/images/WATEDBVHQ6AJX7N9.jpg
4386,WATEBJ37KBB3SEBR,../data/images/WATEBJ37KBB3SEBR.jpg
4387,WATE5HFYFWFCXEPT,../data/images/WATE5HFYFWFCXEPT.jpg
4388,WATE9PJWEQRUDBEM,../data/images/WATE9PJWEQRUDBEM.jpg
4389,WATE9MXPNCGYHEK3,../data/images/WATE9MXPNCGYHEK3.jpg
4390,WATE3FAGMKFBCTPA,../data/images/WATE3FAGMKFBCTPA.jpg
4391,WATD9XFGAJQGR4AQ,../data/images/WATD9XFGAJQGR4AQ.jpg
4392,STIE9F5USTFFWM5B,../data/images/STIE9F5USTFFWM5B.jpg
4393,STIE88KNKXY33QZJ,../data/images/STIE88KNKXY33QZJ.jpg
4394,PHFEBZ2GBSK3U43Z,../data/images/PHFEBZ2GBSK3U43Z.jpg
4395,STIE9F5UCZRNS8ZC,../data/images/STIE9F5UCZRNS8ZC.jpg
4396,STIE7KFJNFQ8KQUR,../data/images/STIE7KFJNFQ8KQUR.jpg
4397,STIE7KFJYDFUUBEG,../data/images/STIE7KFJYDFUUBEG.jpg
4398,STIEC889GTHUZPWD,../data/images/STIEC889GTHUZPWD.jpg
4399,STIE7KFJAKSTDY9G,../data/images/STIE7KFJAKSTDY9G.jpg
4400,IFPDG7HYHYQNAGXS,../data/images/IFPDG7HYHYQNAGXS.jpg
4401,TOPEHTU46JAHMV33,../data/images/TOPEHTU46JAHMV33.jpg
4402,BTWEDRTHRY83HXYY,../data/images/BTWEDRTHRY83HXYY.jpg
4403,STIE9F5TXEZ2RT8N,../data/images/STIE9F5TXEZ2RT8N.jpg
4404,STIE9F5UGDGUX58J,../data/images/STIE9F5UGDGUX58J.jpg
4405,FDUE6ZHHEEHEHRQD,../data/images/FDUE6ZHHEEHEHRQD.jpg
4406,STIE9F5U4HGVGABZ,../data/images/STIE9F5U4HGVGABZ.jpg
4407,TKPEGRKHT4832GFE,../data/images/TKPEGRKHT4832GFE.jpg
4408,JUMECNJURHHGKSXR,../data/images/JUMECNJURHHGKSXR.jpg
4409,SHTEGEFYGYU3AZAK,../data/images/SHTEGEFYGYU3AZAK.jpg
4410,LJGEHFBTFDGHGGWD,../data/images/LJGEHFBTFDGHGGWD.jpg
4411,BDSEGWT4FQHRSENN,../data/images/BDSEGWT4FQHRSENN.jpg
4412,STIE88KNYM5PHFJW,../data/images/STIE88KNYM5PHFJW.jpg
4413,CPBEF7N4YFPB9EEQ,../data/images/CPBEF7N4YFPB9EEQ.jpg
4414,STIE7KFHHFMGM9WX,../data/images/STIE7KFHHFMGM9WX.jpg
4415,DRPEHYHH78DZHUZG,../data/images/DRPEHYHH78DZHUZG.jpg
4416,BTWEE4HMGWFQPGWH,../data/images/BTWEE4HMGWFQPGWH.jpg
4417,STIE7KFHHU4GMGBE,../data/images/STIE7KFHHU4GMGBE.jpg
4418,STIE2FRBMHDZHFJR,../data/images/STIE2FRBMHDZHFJR.jpg
4419,JCKEENPXA2PXS6QH,../data/images/JCKEENPXA2PXS6QH.jpg
4420,DSEEHETVWRX9FZDT,../data/images/DSEEHETVWRX9FZDT.jpg
4421,SBGEGE6TNPUX8STE,../data/images/SBGEGE6TNPUX8STE.jpg
4422,STIE9F5U4EBM8WT9,../data/images/STIE9F5U4EBM8WT9.jpg
4423,STIE2FRBSDPEUB8T,../data/images/STIE2FRBSDPEUB8T.jpg
4424,DRPEJSFXYTPZAZPR,../data/images/DRPEJSFXYTPZAZPR.jpg
4425,BTWEGFZHGBXPHZUH,../data/images/BTWEGFZHGBXPHZUH.jpg
4426,SRTEGYXHGCTXUBD2,../data/images/SRTEGYXHGCTXUBD2.jpg
4427,BOLEFYQHHXVPYJH2,../data/images/BOLEFYQHHXVPYJH2.jpg
4428,MATDAHY8TCGBPRHD,../data/images/MATDAHY8TCGBPRHD.jpg
4429,STIEBU65QZPKCVVU,../data/images/STIEBU65QZPKCVVU.jpg
4430,STIE7KFHUS3NNPZA,../data/images/STIE7KFHUS3NNPZA.jpg
4431,NSTEG48QAMBSKRXW,../data/images/NSTEG48QAMBSKRXW.jpg
4432,IFPE7828KFDGJKTZ,../data/images/IFPE7828KFDGJKTZ.jpg
4433,DRPEHYHNHVKHZCZG,../data/images/DRPEHYHNHVKHZCZG.jpg
4434,STIE7KFJDGPUYDEW,../data/images/STIE7KFJDGPUYDEW.jpg
4435,CAPEGW7UTGHRJBEW,../data/images/CAPEGW7UTGHRJBEW.jpg
4436,STIE7KFKWAWUMN7A,../data/images/STIE7KFKWAWUMN7A.jpg
4437,DRPEHYHNWQEKZWXN,../data/images/DRPEHYHNWQEKZWXN.jpg
4438,STIE7KFHYBHYKMT4,../data/images/STIE7KFHYBHYKMT4.jpg
4439,STIE9F5UCPRTGRVA,../data/images/STIE9F5UCPRTGRVA.jpg
4440,BDSEGZCETASFKSBF,../data/images/BDSEGZCETASFKSBF.jpg
4441,STIE2FRBQFSYGYYM,../data/images/STIE2FRBQFSYGYYM.jpg
4442,STIE88KNVG7YETY6,../data/images/STIE88KNVG7YETY6.jpg
4443,BLAE7ZARKHFBHYE8,../data/images/BLAE7ZARKHFBHYE8.jpg
4444,TSHEGNTNVHRVFN3U,../data/images/TSHEGNTNVHRVFN3U.jpg
4445,STIE2FRB84HMTAUK,../data/images/STIE2FRB84HMTAUK.jpg
4446,DRPEB78QBJGZTHHX,../data/images/DRPEB78QBJGZTHHX.jpg
4447,STIE9F5TBSHYS7QF,../data/images/STIE9F5TBSHYS7QF.jpg
4448,BTWEEDBQDZKZJY5E,../data/images/BTWEEDBQDZKZJY5E.jpg
4449,TSHEGQGZZMPHRMZC,../data/images/TSHEGQGZZMPHRMZC.jpg
4450,BTWEHQVQ5VBYE54K,../data/images/BTWEHQVQ5VBYE54K.jpg
4451,LJGEHB6FRGN73YZA,../data/images/LJGEHB6FRGN73YZA.jpg
4452,NSTEFH9FMYHGZBEK,../data/images/NSTEFH9FMYHGZBEK.jpg
4453,STIE2FRB9GDYECFX,../data/images/STIE2FRB9GDYECFX.jpg
4454,STIE8YSVBHMJAYT6,../data/images/STIE8YSVBHMJAYT6.jpg
4455,TSHECNFS9HYANZZP,../data/images/TSHECNFS9HYANZZP.jpg
4456,JUMEGV7FGSSWHWCK,../data/images/JUMEGV7FGSSWHWCK.jpg
4457,STIEBU65ZHZESDWV,../data/images/STIEBU65ZHZESDWV.jpg
4458,STIE7KFJ5VGVTRJF,../data/images/STIE7KFJ5VGVTRJF.jpg
4459,STIE7KFH7PYS5GGK,../data/images/STIE7KFH7PYS5GGK.jpg
4460,BLAE8BUKAAY8ZKMA,../data/images/BLAE8BUKAAY8ZKMA.jpg
4461,BTWEE2GHAVDAAG3J,../data/images/BTWEE2GHAVDAAG3J.jpg
4462,STIE8YSVWABTME6T,../data/images/STIE8YSVWABTME6T.jpg
4463,NSTEG48PMGVFNCME,../data/images/NSTEG48PMGVFNCME.jpg
4464,BLAE5CFRWHH7UDVD,../data/images/BLAE5CFRWHH7UDVD.jpg
4465,STIE9F5UKGKHH3N3,../data/images/STIE9F5UKGKHH3N3.jpg
4466,SCPEJMZDRNQEVVNT,../data/images/SCPEJMZDRNQEVVNT.jpg
4467,STIE7VAYP6GYJRPQ,../data/images/STIE7VAYP6GYJRPQ.jpg
4468,SRTEHHXG8MUXTGPA,../data/images/SRTEHHXG8MUXTGPA.jpg
4469,STIE7KFJRZZCGX2X,../data/images/STIE7KFJRZZCGX2X.jpg
4470,STIE9F5UZZHYBAWY,../data/images/STIE9F5UZZHYBAWY.jpg
4471,MNTEGKSZD2ZWUBZK,../data/images/MNTEGKSZD2ZWUBZK.jpg
4472,STIE9F5U6FH9GCEY,../data/images/STIE9F5U6FH9GCEY.jpg
4473,STIE7KFKTVFQENK6,../data/images/STIE7KFKTVFQENK6.jpg
4474,DRPEHYHKJX3VJS4H,../data/images/DRPEHYHKJX3VJS4H.jpg
4475,TRODN38Q8HHZHRFE,../data/images/TRODN38Q8HHZHRFE.jpg
4476,STIE2KFZTQFVYZQQ,../data/images/STIE2KFZTQFVYZQQ.jpg
4477,STIE7KFHWWHNJYYQ,../data/images/STIE7KFHWWHNJYYQ.jpg
4478,STIE9F5UFCGSZDHM,../data/images/STIE9F5UFCGSZDHM.jpg
4479,STIE7KFHZRU9Z7XZ,../data/images/STIE7KFHZRU9Z7XZ.jpg
4480,BBCDPFZM6V585ZZE,../data/images/BBCDPFZM6V585ZZE.jpg
4481,LJGEG6UDW2EBZQQ2,../data/images/LJGEG6UDW2EBZQQ2.jpg
4482,STIE7KFKQDP9JZXF,../data/images/STIE7KFKQDP9JZXF.jpg
4483,SHTEFW56PAGGFJGA,../data/images/SHTEFW56PAGGFJGA.jpg
4484,STIE2FRB7BPYRUBV,../data/images/STIE2FRB7BPYRUBV.jpg
4485,DRPEHS7GGAEJHWGH,../data/images/DRPEHS7GGAEJHWGH.jpg
4486,STIE7KFHGZ5FPWFB,../data/images/STIE7KFHGZ5FPWFB.jpg
4487,STIE9F5URYM7HRVA,../data/images/STIE9F5URYM7HRVA.jpg
4488,STIE7KFHEFGYAM2Q,../data/images/STIE7KFHEFGYAM2Q.jpg
4489,STIE9F5UYFZEUEZC,../data/images/STIE9F5UYFZEUEZC.jpg
4490,TSHEH9YYVDX6CZC8,../data/images/TSHEH9YYVDX6CZC8.jpg
4491,STIE9F5UMQ2BTXRS,../data/images/STIE9F5UMQ2BTXRS.jpg
4492,STIE7KFGSBYBQG8U,../data/images/STIE7KFGSBYBQG8U.jpg
4493,BTWEDFCPBQ6FNNGB,../data/images/BTWEDFCPBQ6FNNGB.jpg
4494,STIEBU6572J5BPHG,../data/images/STIEBU6572J5BPHG.jpg
4495,IFPEEANZ88AYFQJJ,../data/images/IFPEEANZ88AYFQJJ.jpg
4496,STIE8YSVEQVGZVGB,../data/images/STIE8YSVEQVGZVGB.jpg
4497,DRPEHYHHHZXWMARS,../data/images/DRPEHYHHHZXWMARS.jpg
4498,DRPEHYHG9YYHD2HH,../data/images/DRPEHYHG9YYHD2HH.jpg
4499,LJGEFTYKNF6URF4G,../data/images/LJGEFTYKNF6URF4G.jpg
4500,SWDEFF79MGSQGHAY,../data/images/SWDEFF79MGSQGHAY.jpg
4501,STIE7KFGVMMCQZTH,../data/images/STIE7KFGVMMCQZTH.jpg
4502,STIE9F5U4VDNYZGS,../data/images/STIE9F5U4VDNYZGS.jpg
4503,STIE7KFHEGPHMZZ2,../data/images/STIE7KFHEGPHMZZ2.jpg
4504,DRPEHYHKFSHQEKTZ,../data/images/DRPEHYHKFSHQEKTZ.jpg
4505,TSHEGACUGZYXA7PF,../data/images/TSHEGACUGZYXA7PF.jpg
4506,NSTECQBQFGMTK9TE,../data/images/NSTECQBQFGMTK9TE.jpg
4507,STIE7VAYKHMKHKGN,../data/images/STIE7VAYKHMKHKGN.jpg
4508,BOLEHUEBRTVCGWMK,../data/images/BOLEHUEBRTVCGWMK.jpg
4509,SRTEGJV4J8DRGYG3,../data/images/SRTEGJV4J8DRGYG3.jpg
4510,STIE9F5UGGCGZFSQ,../data/images/STIE9F5UGGCGZFSQ.jpg
4511,STIE8YSWM4FXPEGF,../data/images/STIE8YSWM4FXPEGF.jpg
4512,STIE7VAYNQZZ67YX,../data/images/STIE7VAYNQZZ67YX.jpg
4513,NSTEHYA7NGZJ6Z5B,../data/images/NSTEHYA7NGZJ6Z5B.jpg
4514,BTWEEYJR46VFFQW6,../data/images/BTWEEYJR46VFFQW6.jpg
4515,MSOE7D95ZBVSDKSX,../data/images/MSOE7D95ZBVSDKSX.jpg
4516,SWDEGU4MDSDGGJHN,../data/images/SWDEGU4MDSDGGJHN.jpg
4517,BDSEGWT5Q2TNUKHX,../data/images/BDSEGWT5Q2TNUKHX.jpg
4518,STIEBU65TYHDZPGX,../data/images/STIEBU65TYHDZPGX.jpg
4519,JCKEF26QXMHTQGVU,../data/images/JCKEF26QXMHTQGVU.jpg
4520,NSTEJMHARPK8BXHS,../data/images/NSTEJMHARPK8BXHS.jpg
4521,BZREJH9PC4Z7RGUS,../data/images/BZREJH9PC4Z7RGUS.jpg
4522,DRPEHYHMKTQZZCR2,../data/images/DRPEHYHMKTQZZCR2.jpg
4523,SRTEHHXGEVDQMEQV,../data/images/SRTEHHXGEVDQMEQV.jpg
4524,STIE9F5TWBGRANFP,../data/images/STIE9F5TWBGRANFP.jpg
4525,STIEC889ZBGBQHHG,../data/images/STIEC889ZBGBQHHG.jpg
4526,TOPEBKYKHZ74DT6U,../data/images/TOPEBKYKHZ74DT6U.jpg
4527,BLAE8BUKXGJ3DHMG,../data/images/BLAE8BUKXGJ3DHMG.jpg
4528,STIE7KFJBHM9J55E,../data/images/STIE7KFJBHM9J55E.jpg
4529,DRPEHYHMTYJV3FSH,../data/images/DRPEHYHMTYJV3FSH.jpg
4530,IRPEJH8KGZ7XEFDU,../data/images/IRPEJH8KGZ7XEFDU.jpg
4531,ELWEG4TV8SGCMCBM,../data/images/ELWEG4TV8SGCMCBM.jpg
4532,PCSE6X3YEKWRUXKM,../data/images/PCSE6X3YEKWRUXKM.jpg
4533,PCSEC86VQBYAG5YA,../data/images/PCSEC86VQBYAG5YA.jpg
4534,PCSDY5AFFQG43YQW,../data/images/PCSDY5AFFQG43YQW.jpg
4535,SHMECRRMGX8UMEHJ,../data/images/SHMECRRMGX8UMEHJ.jpg
4536,SHMECRM3YRFDHSZS,../data/images/SHMECRM3YRFDHSZS.jpg
4537,PCSEAKVBFP4E4JW3,../data/images/PCSEAKVBFP4E4JW3.jpg
4538,PCSECPH2QUEJGJQA,../data/images/PCSECPH2QUEJGJQA.jpg
4539,PCSECYY4D7SZHMCV,../data/images/PCSECYY4D7SZHMCV.jpg
4540,PCSEC86VZZ3CT8QK,../data/images/PCSEC86VZZ3CT8QK.jpg
4541,PCSE6SJGZWXPQY9G,../data/images/PCSE6SJGZWXPQY9G.jpg
4542,PCSEAF9QMVZUJSGK,../data/images/PCSEAF9QMVZUJSGK.jpg
4543,PCSE93H4FSGSJHU6,../data/images/PCSE93H4FSGSJHU6.jpg
4544,PCSECPHKBH3N5R7C,../data/images/PCSECPHKBH3N5R7C.jpg
4545,PCSDY5AHM2SEJM4K,../data/images/PCSDY5AHM2SEJM4K.jpg
4546,PCSE6SJGWAZ9H2MG,../data/images/PCSE6SJGWAZ9H2MG.jpg
4547,PCSECV3FZ9NGYJDJ,../data/images/PCSECV3FZ9NGYJDJ.jpg
4548,PCSEBFEH9XA3B2DF,../data/images/PCSEBFEH9XA3B2DF.jpg
4549,PCSDY5AHERHZSZZW,../data/images/PCSDY5AHERHZSZZW.jpg
4550,PCSEBD5MCK4SUCHD,../data/images/PCSEBD5MCK4SUCHD.jpg
4551,WJCEHF8GZSQWZY7Z,../data/images/WJCEHF8GZSQWZY7Z.jpg
4552,PCSEDFE7GAXP5XUW,../data/images/PCSEDFE7GAXP5XUW.jpg
4553,SBSDUTY7XQRHXVRA,../data/images/SBSDUTY7XQRHXVRA.jpg
4554,PCSEDT7S9UVVR68Y,../data/images/PCSEDT7S9UVVR68Y.jpg
4555,PCSE2DJZ4RMMXBUG,../data/images/PCSE2DJZ4RMMXBUG.jpg
4556,PCSEAH5WZNWYJE8M,../data/images/PCSEAH5WZNWYJE8M.jpg
4557,PCSDYQEWYHKJZ7DE,../data/images/PCSDYQEWYHKJZ7DE.jpg
4558,PCSEAKVBCZWH8HDS,../data/images/PCSEAKVBCZWH8HDS.jpg
4559,PCSE92AP2AN6QBX5,../data/images/PCSE92AP2AN6QBX5.jpg
4560,PCSEC99MJKWX7FXG,../data/images/PCSEC99MJKWX7FXG.jpg
4561,MLBEHCAYU8TGRGGJ,../data/images/MLBEHCAYU8TGRGGJ.jpg
4562,PCSEC86V2Q6P7PAB,../data/images/PCSEC86V2Q6P7PAB.jpg
4563,PCSE6X3Y2HSTHBDW,../data/images/PCSE6X3Y2HSTHBDW.jpg
4564,PCSE4V8H8WJHEKHH,../data/images/PCSE4V8H8WJHEKHH.jpg
4565,PCSE6SJGYMZB6CHV,../data/images/PCSE6SJGYMZB6CHV.jpg
4566,PCSEE4H5KYEJDF9X,../data/images/PCSEE4H5KYEJDF9X.jpg
4567,SHMECRS4DDGBWMDZ,../data/images/SHMECRS4DDGBWMDZ.jpg
4568,PCSE9Q6VCVMWRAPN,../data/images/PCSE9Q6VCVMWRAPN.jpg
4569,PCSE5N9BAHDXCSVB,../data/images/PCSE5N9BAHDXCSVB.jpg
4570,PCSEB5BW8GUQG6ZH,../data/images/PCSEB5BW8GUQG6ZH.jpg
4571,PCSEANGCJGZDCE4T,../data/images/PCSEANGCJGZDCE4T.jpg
4572,PCSEDUT3FS8UTKJQ,../data/images/PCSEDUT3FS8UTKJQ.jpg
4573,PCSEAH5WEMVJMB3D,../data/images/PCSEAH5WEMVJMB3D.jpg
4574,CUTDTXFGNMHJRUHX,../data/images/CUTDTXFGNMHJRUHX.jpg
4575,PCSEC86VEBNYKRB5,../data/images/PCSEC86VEBNYKRB5.jpg
4576,PCSE9SCFYQRSMAPY,../data/images/PCSE9SCFYQRSMAPY.jpg
4577,PCSEC99M5VKHCAY6,../data/images/PCSEC99M5VKHCAY6.jpg
4578,PCSDY5AFQE42NNTK,../data/images/PCSDY5AFQE42NNTK.jpg
4579,PCSEC86VU9PMZYMP,../data/images/PCSEC86VU9PMZYMP.jpg
4580,PCSE76X4VRQYUPQH,../data/images/PCSE76X4VRQYUPQH.jpg
4581,PCSEC86VHTYFJHUW,../data/images/PCSEC86VHTYFJHUW.jpg
4582,PCSECYY4NYESZ8CP,../data/images/PCSECYY4NYESZ8CP.jpg
4583,PCSDY5AHRAG6EJZR,../data/images/PCSDY5AHRAG6EJZR.jpg
4584,PCSEBDFUMFZZQDJW,../data/images/PCSEBDFUMFZZQDJW.jpg
4585,PCSEAKVBTXB6E4RF,../data/images/PCSEAKVBTXB6E4RF.jpg
4586,PCSE9YFEBRCHEYFN,../data/images/PCSE9YFEBRCHEYFN.jpg
4587,PCSEAKVBYGBZXKNS,../data/images/PCSEAKVBYGBZXKNS.jpg
4588,PCSEAKVBFTUD49VH,../data/images/PCSEAKVBFTUD49VH.jpg
4589,PCSEC86VCFQYV6QG,../data/images/PCSEC86VCFQYV6QG.jpg
4590,PCSE2ZFDJJGFNHC7,../data/images/PCSE2ZFDJJGFNHC7.jpg
4591,PCSE4V8HEJUFGMMV,../data/images/PCSE4V8HEJUFGMMV.jpg
4592,KBHEGPKX86TJTTFY,../data/images/KBHEGPKX86TJTTFY.jpg
4593,PCSEE4H5QCZPBWHC,../data/images/PCSEE4H5QCZPBWHC.jpg
4594,PCSDY5AFPWQBABVU,../data/images/PCSDY5AFPWQBABVU.jpg
4595,PCSEDTF2Y2U6HYFQ,../data/images/PCSEDTF2Y2U6HYFQ.jpg
4596,PCSDY5AFMETYABEH,../data/images/PCSDY5AFMETYABEH.jpg
4597,SWKEF24BN9GU9ZH7,../data/images/SWKEF24BN9GU9ZH7.jpg
4598,PCSEC86VA2HGZGXW,../data/images/PCSEC86VA2HGZGXW.jpg
4599,PCSE4SFFFEAJQ4QC,../data/images/PCSE4SFFFEAJQ4QC.jpg
4600,PCSE9R7E3AFG7F9H,../data/images/PCSE9R7E3AFG7F9H.jpg
4601,SBSDUTY7AZYZWSQS,../data/images/SBSDUTY7AZYZWSQS.jpg
4602,SHMECQYZ6CJ9GRPU,../data/images/SHMECQYZ6CJ9GRPU.jpg
4603,PCSE4VAVF3JS4PVC,../data/images/PCSE4VAVF3JS4PVC.jpg
4604,TBHEHB7S6N5WHTYQ,../data/images/TBHEHB7S6N5WHTYQ.jpg
4605,SCTEG7EEPNJZ7HRY,../data/images/SCTEG7EEPNJZ7HRY.jpg
4606,PCSE6SJG9SMAGGHY,../data/images/PCSE6SJG9SMAGGHY.jpg
4607,PCSE2ZFDEWEJFKPY,../data/images/PCSE2ZFDEWEJFKPY.jpg
4608,PCSEC86VCKS2FGGK,../data/images/PCSEC86VCKS2FGGK.jpg
4609,PCSE9HAGHNGNRHZD,../data/images/PCSE9HAGHNGNRHZD.jpg
4610,PCSE6SJG2UD3X4G3,../data/images/PCSE6SJG2UD3X4G3.jpg
4611,PCSECV3FHFGEG7FG,../data/images/PCSECV3FHFGEG7FG.jpg
4612,SHMECRNMPZGQZBWZ,../data/images/SHMECRNMPZGQZBWZ.jpg
4613,PCSEANGCBNFSSQHF,../data/images/PCSEANGCBNFSSQHF.jpg
4614,PCSEAKVBNXFGZBKB,../data/images/PCSEAKVBNXFGZBKB.jpg
4615,PCSEAH5WWGGT8CEZ,../data/images/PCSEAH5WWGGT8CEZ.jpg
4616,PCSE7T8FVEZQZ4NT,../data/images/PCSE7T8FVEZQZ4NT.jpg
4617,PCSEAH5WHFV3CXBC,../data/images/PCSEAH5WHFV3CXBC.jpg
4618,SBSDUTY7VSABNSCK,../data/images/SBSDUTY7VSABNSCK.jpg
4619,PCSE55G4NFW3DUS3,../data/images/PCSE55G4NFW3DUS3.jpg
4620,PCSE27VWRYYZMNZE,../data/images/PCSE27VWRYYZMNZE.jpg
4621,SHMECRHENT38D2TD,../data/images/SHMECRHENT38D2TD.jpg
4622,PCSEBYMQRGV6RKDZ,../data/images/PCSEBYMQRGV6RKDZ.jpg
4623,PCSE7Y9XGFAEZMMM,../data/images/PCSE7Y9XGFAEZMMM.jpg
4624,PCSE95HXQE744G8Z,../data/images/PCSE95HXQE744G8Z.jpg
4625,PCSEC86WYPMMQEYJ,../data/images/PCSEC86WYPMMQEYJ.jpg
4626,PCSEDE6ZNWQCXWDY,../data/images/PCSEDE6ZNWQCXWDY.jpg
4627,PCSE6SJGNDGTHPGR,../data/images/PCSE6SJGNDGTHPGR.jpg
4628,PCSEAKVBFDFZNY6W,../data/images/PCSEAKVBFDFZNY6W.jpg
4629,PCSEDPHM4G7WAYBA,../data/images/PCSEDPHM4G7WAYBA.jpg
4630,ELWEG4TV22DE3F4Z,../data/images/ELWEG4TV22DE3F4Z.jpg
4631,PCSECV3F9MXQZH3V,../data/images/PCSECV3F9MXQZH3V.jpg
4632,SHMECRRMZRZKQEHM,../data/images/SHMECRRMZRZKQEHM.jpg
4633,KBHEGN9ZV9CGHHBP,../data/images/KBHEGN9ZV9CGHHBP.jpg
4634,PCSEAH5WZB8HNWEG,../data/images/PCSEAH5WZB8HNWEG.jpg
4635,GSPEGZBGUU5R22GZ,../data/images/GSPEGZBGUU5R22GZ.jpg
4636,PCSDYQEWUYFPRUWY,../data/images/PCSDYQEWUYFPRUWY.jpg
4637,PCSE93H4Q5THF7PG,../data/images/PCSE93H4Q5THF7PG.jpg
4638,SHMECRVFSV5NVUC2,../data/images/SHMECRVFSV5NVUC2.jpg
4639,PCSEAYRTUYVYYC6Y,../data/images/PCSEAYRTUYVYYC6Y.jpg
4640,PCSEDTGQPPGYH4M3,../data/images/PCSEDTGQPPGYH4M3.jpg
4641,PCSEAN2WCFR4FXVB,../data/images/PCSEAN2WCFR4FXVB.jpg
4642,PCSE4VAV6VRPYEDV,../data/images/PCSE4VAV6VRPYEDV.jpg
4643,PCSEE4H5ADZDDMSR,../data/images/PCSEE4H5ADZDDMSR.jpg
4644,PCSE27VV35ZGZBB3,../data/images/PCSE27VV35ZGZBB3.jpg
4645,PCSDYQEWHCZUKEZA,../data/images/PCSDYQEWHCZUKEZA.jpg
4646,PCSE76X4K44HZ5YY,../data/images/PCSE76X4K44HZ5YY.jpg
4647,PCSDY5AFCZVXTMV3,../data/images/PCSDY5AFCZVXTMV3.jpg
4648,PCSEAH5WVA2T7SZK,../data/images/PCSEAH5WVA2T7SZK.jpg
4649,PCSEDP3UF6EYPZZX,../data/images/PCSEDP3UF6EYPZZX.jpg
4650,PCSEC86V8PEY3TAW,../data/images/PCSEC86V8PEY3TAW.jpg
4651,PCSDYQEWA86AYYVF,../data/images/PCSDYQEWA86AYYVF.jpg
4652,PCSEAH5WRCPTRHRN,../data/images/PCSEAH5WRCPTRHRN.jpg
4653,PCSEAKVBZUG8VZF5,../data/images/PCSEAKVBZUG8VZF5.jpg
4654,PCSEC86VVCMGRCYE,../data/images/PCSEC86VVCMGRCYE.jpg
4655,PCSE4TF4HYNWURSH,../data/images/PCSE4TF4HYNWURSH.jpg
4656,PCSEAKVBNSFWGBGE,../data/images/PCSEAKVBNSFWGBGE.jpg
4657,PCSEC86VKYNCPSDK,../data/images/PCSEC86VKYNCPSDK.jpg
4658,GSPEGZBHDS6CBWAG,../data/images/GSPEGZBHDS6CBWAG.jpg
4659,PCSDY5AHKFCUQ3ZS,../data/images/PCSDY5AHKFCUQ3ZS.jpg
4660,PCSEBD5MD3X6SGBK,../data/images/PCSEBD5MD3X6SGBK.jpg
4661,SHMECQWKZVRQJVY7,../data/images/SHMECQWKZVRQJVY7.jpg
4662,PCSEC86VZVTTBKJE,../data/images/PCSEC86VZVTTBKJE.jpg
4663,PCSEAKVBSWFTSSKN,../data/images/PCSEAKVBSWFTSSKN.jpg
4664,PCSEE2FECQ7EEKZF,../data/images/PCSEE2FECQ7EEKZF.jpg
4665,PCSEBQ9RT9MFDUWR,../data/images/PCSEBQ9RT9MFDUWR.jpg
4666,PCSEC86VGEWVKHWZ,../data/images/PCSEC86VGEWVKHWZ.jpg
4667,PCSE6SJGY3ZSWGZ3,../data/images/PCSE6SJGY3ZSWGZ3.jpg
4668,PCSE4FKCGZNGNHFN,../data/images/PCSE4FKCGZNGNHFN.jpg
4669,PCSEAKVBJD4VKMNP,../data/images/PCSEAKVBJD4VKMNP.jpg
4670,PCSEAH5WVHDU2YF8,../data/images/PCSEAH5WVHDU2YF8.jpg
4671,GSPEGZBEE64ZGJRD,../data/images/GSPEGZBEE64ZGJRD.jpg
4672,PCSE4A2ZBHGAVCDF,../data/images/PCSE4A2ZBHGAVCDF.jpg
4673,PCSE98DZMYDTBNG9,../data/images/PCSE98DZMYDTBNG9.jpg
4674,PCSECV3FHFAQ9T36,../data/images/PCSECV3FHFAQ9T36.jpg
4675,PCSE4SFFZWMNJCAG,../data/images/PCSE4SFFZWMNJCAG.jpg
4676,PCSE2ZFDQHP9ENMD,../data/images/PCSE2ZFDQHP9ENMD.jpg
4677,SHDEJFVQ6ZMNFGAY,../data/images/SHDEJFVQ6ZMNFGAY.jpg
4678,PCSE7B6U2VYJZWSQ,../data/images/PCSE7B6U2VYJZWSQ.jpg
4679,PCSDY5AHEENB3Q9X,../data/images/PCSDY5AHEENB3Q9X.jpg
4680,PAEEGF2KQZFWK3PX,../data/images/PAEEGF2KQZFWK3PX.jpg
