faiss_index,pid
0,LJGDYQ2HQQGVHHXG
1,SHTE7ZPZZY64JF72
2,TOPE94JH8ZFHZVTV
3,LJGE8GG2XTA4YXH4
4,SHTEC9M7NADQD9EJ
5,LJGE9YJHTJZCQ5VP
6,TSHE75PWNHSC53VW
7,TSHE9HNYWEZDQTK3
8,TSHEDCVYEHDWNG5Z
9,TOPECYENWHHDGFCH
10,BRAEBBMQZH8Y56XN
11,TSHE9QS4JCJNNYYZ
12,TOPE8VYAVY9ESVJ6
13,BRADWZ4K9GN5VCM9
14,BRAEBBYRYTEEDDA9
15,SKIEC9AF3ZPKHKVC
16,SWTEBYZGPBJESZ7R
17,SWSEDHHRZCEEAU8U
18,TROEHGFYZTGCAUM9
19,SHTE89H7YX7GFGUZ
20,TSHEF3Z3DEYW8VZF
21,SHTE6P4EVQ4VCPFG
22,KTAEBFNMZMYC4PGC
23,TKPEG6PZEBEYFB2M
24,BRAEYFDFDG5VFF6K
25,BRAEDQDFSDVTSSWK
26,SHTEBUEGUX7QFFEN
27,TSHE993QFWTCUVH2
28,TSHE75PX6X9FZQZZ
29,BRAE8WPSH2EVXGBM
30,SWTEDP7UDHHTZY2Y
31,TIEEEBZ6RVHN8JZG
32,SWTDZCHNEZAGKVHZ
33,LJGDZJ625TFAJ7UA
34,SHTEBTB9ZM42MVDY
35,TSHECXA5W8VFH653
36,NDNEGCU2N8CPHWKB
37,TSHE44QJ9ZN7V7AT
38,LJGE524RJZMTDWJH
39,TOPED9T3J3EMHDKH
40,BRAECFKHXZ5TNW4N
41,KTAEGYZZNB6CDSEH
42,SHTECS55K6GXMDA2
43,TOPECB586KWJY34R
44,JCKEDVZMPH4R7FNN
45,TKSEGVXZ5GCH2TMG
46,TSHEDKKXYGKVYABU
47,TSHE9CK2T6ZXXHD9
48,SHTEGQCHBEWQBVBT
49,PANEGYWYVSTHAZQE
50,TSHEG57TG27P9EZM
51,TSHE2MESF3ATPA7G
52,TOPDTH8EEUDZRKBK
53,TOPE5F53CXYGPVTC
54,SKIE2ZNJE7AESJVR
55,TOPE7H2E7ZT54D5B
56,TSHE9K9JVXV4QDQY
57,TSHE993QS7HSVPZR
58,BRAECBDFRXGMZ9TW
59,SRTEGKWYRMVXC7GE
60,LJGEDPJAHHZHR7UB
61,SWSE36FPYKT5QHTM
62,CAPE8HYQSXRDAGGC
63,BRAE8VUUYMWAYSCK
64,ACBECFGT6YXGSNU4
65,SHTEBS8ZRBGG6ZXT
66,SWSEE7VTBNR4G6DQ
67,BRAEDQFRTQFYPJ2Y
68,ETHEGCR3PYGB3MA4
69,SHTECFAKNASP6VVJ
70,TOPEBTGCPSWPYGRM
71,BRAEDQEDZ5HPXCY8
72,TSHE3H9TYXGMS6GV
73,PTLEH3DFKNJRHR94
74,SHTECY54ZYGUHVDN
75,FABE7ZDZCVMZGUB5
76,TSHE9CK2D83YM3WY
77,PYJEG324KUXQFTPM
78,TSHEAQMCE5APABEH
79,TSHE7KBH65QU5PJE
80,SHTE8ZWVS5BUPARG
81,BRAEDQFRUZRVYKMG
82,ACBEAGHHRM5FWHXB
83,BRAECSFFZ7BJCSSF
84,TOPE5N5ACWGNUWBY
85,TOPEEEPVGBBUCHFH
86,ETHEGBVZJJWYVKVQ
87,TSHEHU5RYE6UH4SQ
88,SHTE9XBFQDE4HPGF
89,TSHE9K9GCGK6GRB5
90,SRTE7PSSCM2H43MC
91,SHTE9Q5YZVJZZXCR
92,SHTEA8GTM6GGGEZB
93,SHTECV69KMGUCXM7
94,TSHEA7W9VCKX2DSJ
95,LJGE8GGQAJ2USTSG
96,TSHE79U6KPVXFGVX
97,TSHEAKUGCRNEMD2X
98,TSHE8GF4NWDCDSX2
99,TOPDYAZZNRQMQABE
100,TSHEAQMBZZGAZ2W5
101,SHTE7T3ZYWMQAK5E
102,BRAEHD9FNNJHVHQG
103,TIEEEAG2F5EPHGKZ
104,TSHE993PJPXPVFKR
105,LJGE8WRFZZNHG29E
106,SHTEE69NHZKZW7BN
107,TROEGR9GXTNVWACF
108,TOPECCMNG24UGAHX
109,TSHE967ZUHBPSYMH
110,SHTE8GNBZRXJQPR2
111,SAREG44UGXQU7AJD
112,TSHE7FUZGGFHFFNH
113,TSHEJHJRYXHGJVPW
114,SHTEGZB8HYN9BCZK
115,BRAE6ZCHAQFRYMQY
116,BRAE3TSHZWSBH2UD
117,SWSEEF4TZ2HVKDZN
118,NDNEGCSG2JYTXSYU
119,BRAE8RSAHXUVA9FQ
120,TSHE993RV7GU33KR
121,SKIEC87PN6FWXKNJ
122,TOPE94XU499AB6X7
123,BRAEB9SJMFKF39ZW
124,SHTE5GVFBGGGHVDM
125,FABEGGHHDFMY8BZU
126,TSHDUXJ2GACZXFYD
127,PANEHA7QXHBX9UYE
128,JCKEH9EMRAAEPJBD
129,TSHE9CRGW6WGHZHF
130,TSHE993PGTYPA6ZC
131,TSHECJAYAC5MGEXR
132,BXREDW5MRKSWFNGR
133,TSHE5NYHPDVGNBJ4
134,CAPEYGFG4HFH6HXH
135,BRAEGJFXYZ5H8DJC
136,TOPE89JZJY3CHR2E
137,BRAEDQEECHRPH6RJ
138,SHTEBBWJXBH9GPHD
139,LINE9YX3ZAVWPKZN
140,JCKEJHAHFHBHQS9W
141,SHTEANKUFFWHHJBU
142,BRAE8MX2DNXVEDNH
143,PYJEGR45T6HSVGZS
144,SHTE4ZP4Y3T97MGA
145,PLOEHFEWQZHVJFQC
146,JCKEJFPDVWBKHPFY
147,BLOEJFFYGJCJZERW
148,TSHEHU5RDKHKCGFA
149,TOPECV69HWZGWRAW
150,SHTECS55ZENHBUFN
151,BRAEB2ZTZVZNJRVT
152,LJGEATZSV5VGNDXW
153,TSHE9WVTCGY7DRAJ
154,SAREGSFW6RDSHGNU
155,SHTE6P4EQHBG7VWY
156,SHTEA9PKJJRHPRUU
157,LJGE9D7UD4XXFVNZ
158,TSHEFC49T6VCSYGS
159,TSHE6UDN7AC9HDWW
160,TOPE789SZDCNRPXW
161,BRAEB2ZTMFRTJDDF
162,SKIEJGNWSMZPZESB
163,TOPEDDV9USBFWGPZ
164,SHTEBPW9BGQHKRGA
165,SHTE7P7XSYGKYGAX
166,TOPE7QTUPGHXCBGZ
167,NSTE65WVWDXWRCKC
168,SHTE4G48XNHGJQYF
169,ETHEGFZGNGANDFHH
170,SHTDUA8DXHWKTUVD
171,SHTE4YFY9Y7YKPZF
172,SWTECZMBCGGFKGFK
173,TOPEYY5YK3WEGGXX
174,WSCEG2FYDYFDSVZ6
175,SRTEGWKHGMNG3WRJ
176,TSHE6UDN2ZTZRZHF
177,BRAECKHYSHDEQJCM
178,SWTEAXYCZJV4T5HA
179,SOCEDFAY5EHHZKUF
180,BRAEDUXKYEZXQAXS
181,CRGEYZ5FGRTYJUT6
182,TOPE2HZRFKVVTCKU
183,SWTEDAN6BF6ZKGTV
184,TSHE7RZJBEZCKSAH
185,BZREHH7YDUABC2TR
186,TOPEDHFBFPKCQF89
187,SHTEBS8Z8PAHNZZV
188,BRAEBCY3YXNXGCZX
189,SHTE7HPFXST94MS6
190,BRAE86C6TR2DCC7C
191,SWSE4CNDZMMCJGM6
192,TSHE993Q4AKCPAVR
193,SHTEGYHSH7MG4SVU
194,TRODYXVC8MXEWWQR
195,TOPE7T4YMXRK5BVG
196,TSHEFC4AYHDXFDNK
197,SHTECY54XAHGVJ7K
198,TSHED67VHBK6XHZQ
199,TSHEGMWZYCTCDAAZ
200,SHTE7H6ZXRZZPHGF
201,TIEEHZDEDRUH6NMB
202,SHTEJGESKVEMGRYR
203,LJGDWAC3ZATUGA3D
204,CAPEDZVRVGH9YZSZ
205,BRFEGF7QDMHUSF2T
206,SWSEHK8ZMMYXGEFZ
207,TIEEDEY9PDYGWKDW
208,SWSEH7ZZ6EYGH7T2
209,SHTEJZKNDAFHN5MZ
210,TSHDZ6S2XWQUHWZ9
211,BRAEDGQFWPFGVPNF
212,TSHDTTQFUDGGDHB8
213,BRAE6Y462EZP7QWA
214,TSHECQN9DGJWGW9F
215,ETHEG627YV8KBGJH
216,TSHE75PXSMNAZZVS
217,KTAEG4P2NNNBDRMT
218,CSPDS8XMXBU5EQRT
219,BRAE3Y3FFZGZFKZN
220,LJGE9YD3WZPRNQ4E
221,BRAEDSGAZMGQDKTJ
222,BZREGXNGANDWYZKU
223,SWTEDX3KRCTNHUGY
224,JCKEBGGJWV6UH4FV
225,BRAE2GWB6GSSCFGT
226,SKIE2XDWNFWZYK9S
227,TSHEBGC3SBJM3AQN
228,TSHE993QZHQGFEFP
229,BRAEDSKCZJHTVZNZ
230,TSHE7G27YV8WZUFF
231,JCKEEQP3QGVECNG7
232,SHTE6GYZQTWVYYVA
233,TOPECJAMAHQZNZ8Z
234,TSHE9K9KFVGBSZGH
235,SWDEGP9AHSFHRSUF
236,TOPE2RX95MBJFRTT
237,TSHDUXJ2AUQPGHZT
238,TSHDUXJFZ2YWCP86
239,CGNEDFY77SGZTEQ2
240,SHTECB92WG7ZCPBV
241,ACBECFGTPPECWHKZ
242,BRAEE6YMHGPCFTYJ
243,SWSECUCFQQPWKTSA
244,TOPE954FNTYZQVFZ
245,LJGE2FAEGYYQAVWR
246,BRAE6FMZZVJVEHAZ
247,TSHE4S26FVNGW5TZ
248,BRAE9WYKXCX8YVUM
249,TSHE8HWMBE3PHY5Z
250,BRAEB2ZTYW2ZVNAZ
251,TRODZNTFF9EXWB5S
252,BRAEBCY3U9ZWA3AG
253,TOPEGKDCHFWS4HRY
254,LJGE8GG9PKZYPEPQ
255,TOPEHZRABE92BKYA
256,TSHE9WZADKTETCYG
257,TSHE9QSCV9QZMMZH
258,JUMEGDXPKGX226PK
259,SHTEJVJMEYV6U4HU
260,TSHE9CK2HZBMRAGW
261,SHTEA48RPJADQQ5C
262,ABQEJ7YQTNQGMXZV
263,TSHE9GATGVKSBGFB
264,LJGEJQ4H82QG64PN
265,TSHE967UVGGCTBCV
266,BRAED6G6TVPF94CV
267,NDNEGCU4QZJUYCWG
268,ETHEGBVPYKM2GZUY
269,SWSE4DF6VQENZZGG
270,SKIE4S4NN4MHYM3Z
271,TOPE8ZAF4NMCGHR3
272,TSHE9T8FCXUSMGVG
273,BRAED7QUJVM6HEEZ
274,PANEJQ5AMGFJKRAF
275,SWTEDFVGSHZBRB3Z
276,SHTE6K74ZMWEPSHH
277,SHTE9UGFFKKTYJ7S
278,CAPEDVTES4EQMG4H
279,JCKEJNH2AZGKWGZC
280,SHTEA48RXHZZ7YKB
281,BRAEBUHXKDBWRMCK
282,SWTEDAU6RPWWYMJP
283,TOPEEEPV4GFFSHJG
284,JCKE24NP9VDMR8KD
285,BRAEYMFDHAQBDMZH
286,ACBEHFPVV7PYCVHR
287,TOPEGH2EMFNHGMFK
288,SWSEYFY2E6P8HYSP
289,TSHEF3Z2JHQHK2GZ
290,TSHE4S26ZSFE9JTB
291,SHTEAZU6Z6Q7UTSP
292,TSHE993R7A3ZBB6E
293,SHTEY2Z4ZZYHB7GZ
294,ACBECSFFNEUFZSYE
295,SHTE3HGETNXH7HDB
296,TSHE6SJFFQUMVYBH
297,CSPE6XYVRSBX64PN
298,TSHEHU5RQ4TEYXXS
299,TUNE7ZAUNQHFTXEE
300,BRAEDW63EGE5VDXG
301,TROEGVK5XMECKZWR
302,TOPEDFFJMUYZFYW3
303,SHTEG88ZZRQ5GEZD
304,TSHE75PWXGWGHTYH
305,TOPEHZMKZ67ZYXYX
306,TSHE9CK2YKT7ZRQT
307,BZREHJ6Z8WJQHFPX
308,TOPEHAG3MXHB55EU
309,ACBEHFPXNE8ZUSKK
310,TSHE3GHHVKJAY8DY
311,TSHE9C3MZHGYM4YH
312,BRAEATGY5FGGJAZZ
313,TUNEB73EF5SSGWGS
314,SHTEBQ5W9ZXGHBZZ
315,TOPEB84NG2VRMTXB
316,BRAEGJFXJR4GPU2C
317,TSHE7S4HH7YJUHP6
318,TSHE9RZUKTKV4Y3A
319,SWSEBFKBVFU7CHZG
320,TSHE9DFQHXU8MYBA
321,TSHE993QZ5W5ZCSG
322,BRAEGJFXYJXQYESX
323,LJGEDP8YUUKZMH5E
324,TSHDVZHRYSGNPPHC
325,TROEGWHHRHGBEZS9
326,TOPECFN9VXARJU8P
327,SHTEAVBVDRBN5ATQ
328,LJGEG52SRXN5JXFE
329,SHTDSV7BY27JKMHN
330,ACBECFGTEVJ6WB6U
331,SHTEE72RCD7G7D2N
332,GVEEHSJGNGDWTGAF
333,TOPEDCHAAH2UHQSR
334,BRAEDUXKWTYRBXZH
335,TSHEDKKXFG4R57PZ
336,BRAEHCDBJX2MG2EY
337,CSPEGWZGQ66HYAKY
338,BRAEBXRBCCJAF72G
339,TSHEDKKXUH4U9HXK
340,ACBEB3489M4NQZBD
341,TOPEHZSMY3VVDZ5V
342,PYJEJENKGGSEC33V
343,TKPEJXUP89GFFZUS
344,TSHEAQMCBHJEXJJY
345,SWTEC9Z2URZYRBGR
346,TSHE6KWDZSGWYGAF
347,LJGEATZSBXX3GT64
348,BRAEYPGFQHKW4H2R
349,TSHEBD3FSARKWH4C
350,TOPEGQJYGPFHEKCK
351,TSHEAKUGYHYP2B2V
352,SHTE9KD43YWMW7WM
353,TIEEEYH5JYGS7EAW
354,SHTE7RFFYVHGXGMW
355,SHTEGQESCBEPDMZZ
356,BRAEBXRBYHGJJ8KT
357,BRAE2HNUAGVFHDPP
358,JUMEG9E3BGHFM4TA
359,SHTE69H6WWXCNFTA
360,TOPE8FYXVADXWVST
361,TSHE9K9JNRS5UQZP
362,SRTEGWKHXHCF2TME
363,TSHE5YQ4CDHJX4ZA
364,SHTE9795D6MYYRJ3
365,TOPE4HXDZHPR9K2C
366,TOPE5DJHZJWJTM8W
367,TSHEFJFZH4UG2FJT
368,TSHEAZFBRPJFTB62
369,LJGEJQAGMR4CTDYY
370,TOPE7FKZY8BWUGVV
371,SHTEBY72FGKPYBRU
372,SHTEBZU8AGESEXBG
373,SWSEBGYUPTH7GSHE
374,SWSEYSUPXXHNZM4Y
375,TSHE75PWHVTUYRHM
376,SHTE4ZVVXTFCYZGW
377,TOPEBQGGJ2C7Y7HZ
378,TSHEFC49GXXR8SYG
379,TSHE2MEZTMREWNFG
380,TOPEFGG8TJGJ7QDT
381,SWTECYW6DMF5VQTZ
382,BRAE3ZDEXD5ZC83N
383,FABEH3PHVMXXWTMA
384,PYJEG32FFYTGKSKA
385,TSHE97E6MGJA9ZVQ
386,LJGE8WRYRQDNQMAY
387,TSHE3GHHUHF8EKXG
388,TOPEGVHJECVFBRMF
389,TOPE494XPFCSZA6H
390,BRAEDTNZZRXBHZGZ
391,BRAEDAGAVCAR68GM
392,SHTEGXV5ZGHWEMYR
393,TUNE8XCD5NGNPDYJ
394,SHTE94E9CTFU4W93
395,SWSE4B85NSDCAUEZ
396,SWTEDMX4BW4KYHZS
397,TOPDW7AQKZZHFCZF
398,SWSEEF4TW4TFKNQW
399,TSHE72ZRHWDGFYHX
400,JCKEBSD2QTXR3BYH
401,BRAEDSKC3YRYJZCR
402,BRAE3TSHZQDVSGYY
403,BRAE4DJMYZQ2QGKZ
404,TSHE4DNGWNY3TE4B
405,TSHE8GGHBFCQKMHV
406,TSHECQN9YZDWFHUZ
407,BRAEYJY2VKPB8JNJ
408,TSHE6UDND6C66GFH
409,BRADM8DWS52HEGJV
410,SHTE2FRVZHHBXAZR
411,BRAE8WYHFEGXPYBZ
412,SHTEBG37THM95UTQ
413,TSHE993PCZFPYHPE
414,SHTEE6XFRRZ83XWB
415,TSHE4V48YYCRRZDG
416,TSHDZ6S2QPKKYVSF
417,BRAEBBYRUYDHCZNG
418,TSHE5NYHA92RSHFY
419,SRTEGWKKZTUGHFZ6
420,PYJEGR3YTGEUFDFV
421,TSHE8GNE3PYUQJCB
422,TOPE7ZHZHT3SKKMN
423,LJGE4SVX2N98YRKZ
424,SHTDTYYPSUZGKH89
425,TSHE993Q9T9EDPAH
426,BRAE5PKZGT7AMYZJ
427,LJGDYRGXBYPECFDV
428,SHTE93ZPTWPFQQZG
429,BRAEAFRZ6M2PANXK
430,SHTDXPSXYNVHYEMY
431,TSHEE99HHWZMMGCF
432,TOPE8XCDBUGUZWSP
433,BRAE5VAWGFY3SGKJ
434,LJGE3FPMVGJYUG8V
435,TSHEA7W9F63ZDUTY
436,TOPEE2GKXTFZN9FG
437,TSHE7KBH5J56JY4F
438,TOPEAKYKZKRHPMHX
439,SKIE7WMUUEZJXK2K
440,TSHEGG9KQHGQEZXS
441,SHTE2ZMZG9GPYZXY
442,TSHEGWMXSW5PUJWN
443,SHTEYW3NDBCFTS8D
444,SHTEA48QD8CJDSMZ
445,SHTE27TDHB5GRTQN
446,TSHE2TFYJVKEDXZK
447,SHTE7HGYYVFZ5AGH
448,SHTEB3NEBYFFCWFW
449,TIEEE8A8UBKG9BMA
450,TFHEDAHNQRZAZUHQ
451,SKIECBJQMXTRYAXE
452,TKPEHGWYVVXUYCFC
453,TSHE79U68HQ7W9KH
454,TKPE6GJCZT9AAJRH
455,SHTDZDRP2JGKKUWT
456,TSHEAKUG2YCBX4DD
457,TIEEEBM6KBNQQUYU
458,SAREGSFVGZBN2UC8
459,TSHEYUPCREVUGBRY
460,ACBECFGTHHNXBVVZ
461,BRAE3TSHPTKBVBHK
462,TSHEAKUGSKDRHGFD
463,SHTEDWTVCEUBHNJN
464,SWTE32FVAFCPB5QT
465,CAPE2ZGGBSYGHRWR
466,BRAEBCY3MM4KMB3Q
467,JCKED9T5NPY4GRN5
468,TUNE6S44RSASZMB6
469,SAREJH8YZC3ZBPVH
470,TSHED4Y9VGDEA4BW
471,SHTDZHYHJAQHGUFN
472,BRAECTFYGGGQMX29
473,PELEJUCGWJAHT6CW
474,TSHE7AX4NBAVHC3F
475,TSHEBMHQZQZRSZGD
476,ACBEA449RSHGJ4GE
477,SHTECJD8YE5MGS34
478,TIEEEYH5PWDZUY65
479,SHTEBSMGTZVTH3DE
480,SKIEGHG56EC78YXW
481,SHTE8SMD3X9N6RHV
482,SCFEJBDK84YDCZNW
483,ETHEGBVP6N5NEVGA
484,KTAEBFPVNBPHFDFF
485,BRAE3TSHUSJJYKM7
486,VESEGWKMMPAVNGGZ
487,TSHEAKUG7CBUBEZT
488,SHTE3Z53YPFMUXUW
489,TOPEBQGG3HWZXFAQ
490,TOPEGGEFVZAZHTZN
491,PANEJZWGJD55B2CC
492,SKIEG49YYDQ2QDKM
493,TSHE993QZGEZ9HVR
494,TOPE89Q4SYQXFGXF
495,TSHE9K9GMGFREDGW
496,TUNEAUVH8G8ZPGYC
497,BRAEE6KRZQSEBSQJ
498,BRAEB3TRYF3NYZVP
499,SWSEBHCP5YSCUU2S
500,BRAEE6KRYYYX2KGQ
501,ETHEJG7NHGRFGHHK
502,CSPEGWZGZHEDFMCG
503,SHTE7H6NVYGH6SRR
504,SHTE8YHTXYXFRNGU
505,SHTEC89DFNKGQYWN
506,SWSEJFF8AMMSBMVC
507,SWTEGAG26DSUPQZG
508,TOPECB4EZYHC6C3B
509,SHTE9MSYHGNZUNUW
510,BRAE7Y46N7YAFU2H
511,SHTEDAU6YEYVGEKG
512,SHTE2MET2HCRHCJV
513,TSHECK5BQJT2CGED
514,SHTE4G488BYTWMMH
515,SHTE4CNDUJH8XFKX
516,SWSEEF4TZZJE5VNY
517,TSHE9QSCZ2YTYRYJ
518,TSHEJCUYWTCP4QY2
519,SRTE8M6RTYZVHMWR
520,SHTEBTB8GMQFNPRY
521,WSCEFUV4TVWT73ZB
522,CSPEGWUYXZNXC8ZG
523,BRAEBBYRZ5P654US
524,TSHEB96CXEUHVVT7
525,TSHECJAYXWW4NQZZ
526,BRAED6G63H64TSXJ
527,FABE92NVHZHSFHGT
528,TSHE3HHZNZRN6NZH
529,BRAEYPGFHHPDR7HG
530,SWTE9S6FBMHNKRMJ
531,SHTDXDM4QY59UHZR
532,SHTEAJ5ZRY4QEJ6G
533,TSHE9QS7UNUZQKGD
534,BRAEDSGARUBYJAMY
535,BRAE84GGENBAJ5DX
536,TIEEEYH5ESYDMPCA
537,SWSEH99SSMHCNFQ9
538,SHTE9MH6QPQBNQSY
539,NSTE3HZ2FZZQF6ZC
540,TSHEA7W9ZQE7AGGM
541,PANEH9Y39GF5NNHR
542,TROEGNRFM8FCZHHM
543,BRAE3P8YHUMGMYJE
544,SHTEJT4DCZAKK3YW
545,SHTE5GT3CZ6RJJH2
546,TSHEGGPPRG4SUZHU
547,SHTECZNHHBWC493H
548,TSHE9QSDKGZANSZP
549,SRTEH2FD3ANFFMHP
550,VESEGVEMYYNMDDMP
551,SKIEBU7HB4JYJVMP
552,TUNEB42Q7WY4HRFN
553,TSHE9K9KZBA2A2YX
554,DRPEFT39HDTW8EPJ
555,VESEGHG7WGPUAAFC
556,TSHE6UDNVC85CGDR
557,FABE92NUZZENGGJF
558,SWTECFFWWQ5BDTMP
559,TOPEGBHBFYUHUWZE
560,SWSEF8J6YU8BKAKW
561,SCFEHBHXDGDY4FHQ
562,BRAEE5HR7UM4CZ7D
563,SHTEE72RZN4TVPUY
564,SHTE2FGCWYMDW4VR
565,SHTEDSV76NNTFZ4E
566,SWTE9S6EKBYBGRGM
567,TSHEDHVRAZGUCGNJ
568,BRAE8QNFJPKUJVJM
569,LJGE8TQ3HZJANSCD
570,TSHE9K9GQYJVVJXA
571,BRAECTFYX5WAPU8J
572,TKPEGGHBZZW2MHFW
573,TOPE954FERN5VZYH
574,SHTEAKRZWCHHZEYP
575,SOCEGHEZKTYVJUWT
576,TOPEBKPFZSBVQMNT
577,TSHECU3FXUGAGAG9
578,BRAE8EHTWXMGVQUS
579,SWTED56J4DYNPJDH
580,SHTEAVZTJAZMZPFX
581,SHTEGQ6KKZAANJVZ
582,SWSEBHCPTESRGGGR
583,SHTE56H4M7TPZGGZ
584,BRAEGHEFYQQAWYKJ
585,BRAE3Y4ZZZJHJVHV
586,SWSECD6Q8GYZFWXZ
587,BRADM8DWKXXJDEHW
588,TOPE7FYTNWSWAF6N
589,BRAECJ7SUPN7VHUV
590,SHTEA6GAJRMXPQ8Q
591,BRAE9WYKXQZKSEHP
592,TGTEJVS3AV9EJW7F
593,SHTE8E39QVSFGRHU
594,SPWEJ8JHFG9PTDUF
595,TSHDTTQFZBTGGPQH
596,TIEEE5ZQVUG3QWPZ
597,SKIEA8SSSEUAQ8CW
598,SHTEBZU8F54TH9VD
599,SWDEJXHBHWTUXCXS
600,SHTDU2HZSAPER4VQ
601,SWSECD6QKHNNPX3T
602,TSHE57PPXZBVHPHC
603,SUIEDSKCZY3VVE2T
604,TSHEDKKXHU8HBXE4
605,SHTEDWTVVGDRVTNX
606,CSPEA44G2GGDYZ9V
607,SKIE9UPRZQZMSYA2
608,DREEDC7THGYTA2JZ
609,SWTECW2SGCQGRE5B
610,SHTE5EFYW3HTFZGV
611,CSPEGWQGHTGYCVMR
612,BRAECKHYM8BYAKHR
613,SWSEBFKBPXYHPDV4
614,BRAEBUHYHEYKZKHK
615,TSHE6KAJQBTVGHVE
616,TSHEBUZ7DHB8XBHV
617,TSHE9CK2SWWG3FGN
618,TOPEBQGJCNJBJXZK
619,JCKEGYPKKWGZRBKN
620,LNGEBDTBFHT4AAQN
621,SHTE7ZGWSFBG4QAC
622,TOPE2RX983ZJKHZT
623,LJGE8MZQEVAFUQ7G
624,TSHECQN9RFWAUFUA
625,TSHE3FCURBAYWWBH
626,LJGE8WRYTHEY87TF
627,SFAEEGTF6PZ82MFX
628,TSHE9K9JNHTDMG7E
629,SHTE7ZGWXVYN3GZ2
630,TOPEHZSMJYWRYH8F
631,BRAEANHWZBUUYSHG
632,SRTE8M6RTHH2DZKP
633,TOPEDF95XZC3KRYV
634,TSHE993RBTWENFGV
635,SHTEFVQAWF6GJ7GG
636,TOPE8E8NZP256K8G
637,SKIECYAEESPNPXPB
638,CAPE2ZGGCAHUAUVS
639,SHTDZUGEYSBDHFT3
640,BRAEA6Z4CTERPC7Q
641,TOPEB7DZ5YSNTRUU
642,PTLEH3D4YC7QRK2S
643,PELEJUCGZHFJDDNF
644,TOPEGWURCXSZMQ6H
645,ETHEGDTGRWRVJQGP
646,SHTDT65ZCTTKVHYD
647,TOPEDXSYXMYMYDBG
648,BRAE5Y3XK4HGX4Z9
649,SHTDVC4GB6G5XE3K
650,TSHE864GQUQQMSGJ
651,TOPE9KJEYHXXNBGC
652,SWSEHTRZKX3HZCMJ
653,SHTEB9BVYWYVMGWY
654,TSHE2METTNESHGSN
655,LJGEY6D3VWCHKVPW
656,BRAEDSGAX4ZS3NGZ
657,TSHDVZHTKHPQHWYY
658,TSHECJAYTXD4TAZX
659,TOPEYP876AAGE9NC
660,TSHE75PWGFSKTZ2E
661,TOPE5FA7KRE3UKFR
662,TOPE9799GQGQRNKG
663,BRAEAFRZVZZUZ7ZB
664,JCKE2HWFZD5HZRE5
665,SKIEBXFEMA4PCGWM
666,SHTE4QSV9UY462QX
667,TSHEJTYSMSXX8ZDM
668,SOCEJ8CMEXAHFHJ5
669,SWTEE995HZE9WRTM
670,SHTE5BANJZGMWPUD
671,TKPDS6ZEQCGBRX9V
672,SHTE8NHJQZBGBZSZ
673,ACBECFGTGFXBKKYH
674,SOCEJPT5YDSZ7QQP
675,TSHECU3FSRJK7XUU
676,TFHEGXQNWQ2DFXKW
677,PTLEHK3XYDGFC7Y9
678,TSHE5NEERGY8HJFY
679,ACBEA4496TX8ZZV4
680,SWTDSG8ZN9PMPYWK
681,BRAE2Z9VKVUEJWZQ
682,SHTEA8GNUNWHQYDD
683,SHTDXYNYZBPHFFFX
684,BRAE8EHTPC3P248W
685,KTAEGYZPAWSNTKGM
686,SHTEB4MHWGHHYZMV
687,TSHEBUZ7AFQ8RZKF
688,TSHE8HZY8MVVGGBA
689,TOPEBFCFUCPYTD7M
690,JCKDXPJGDX8MMGDF
691,BRAEBB6TWYYGKYQC
692,RNCEGE7HZZRPMSRF
693,TUNE8FWQBS7TVVT7
694,TSHEFC4DQUTHNT6Y
695,TROEFJ39TCJCFGXN
696,ETHEJ6F5BGTXT4RK
697,SHTE9KP2HFAUNPPG
698,SKIEBU7GAKQHPPNF
699,SHTECG6J69DKZD2K
700,TOPE8FWQYHVHPR5K
701,TOPE5WX3KMNXGUGM
702,TSHE4SBYYGSTHA9H
703,TSHE7733WZHZYJGV
704,TOPE6QYAWWNKXJRC
705,SKIEFBPUNZMJJG2C
706,TIEEEYH5V3DKJ3EH
707,TOPEGFXU8ZAGFGNZ
708,SHTE5C2HZYNMJ8SX
709,TOPEBABFMZ2GSC2G
710,TSHE93RYD5FX5MPW
711,TOPDUA67ZZCSGN5G
712,BRAEE3RMMRRFQ9AD
713,PYJEH24XGHWTJTZA
714,TSHECXA5DHGMXMYK
715,TKPECMHB4F3FGXHZ
716,TOPE45NZKEMCDZXX
717,LCHEGWKTBT7JPRDH
718,VESEGVEMGKVDGPQD
719,JCKECEBHEUHRNAEU
720,KTAEGPBZFPCGGFKZ
721,PYJEG322KSQBQF75
722,TOPEHZMKVW9USEK9
723,TSHEHU5RY4T3XXQZ
724,JCKEGDFGPZZFBJ63
725,TSHEE4WNPAZGNG97
726,SHTE4NR3HFWFBDUW
727,SCFEJVK9VK6U9WHE
728,TSHE9CK2SCT4GZBD
729,TMLECXEQ9PJUZGTY
730,SRTEGUA8AG9HYTAH
731,TIEEEDY3JMYXZSXJ
732,BRAEE6YMF9A2ZR9Z
733,SWTEYZ7YWYG77NPD
734,SWTEB9BUZ7GPWZ4G
735,SHTE6QDFYHVZ8XCV
736,TOPEE2GGSZTSNKPR
737,TROEGZ65YHBQKG9T
738,LJGE4YPSH5NK3GMY
739,BRAE9WYKK8ZK3YNN
740,SHTE5YHGMHQZHD8E
741,SHTEARG3SJ9SXZKZ
742,BRAEDTP7YHBYWYG5
743,TSHDX6XEUHTSBCZG
744,KTAEG9GHS6GWKKNX
745,BRAECTFYVHHKMV9H
746,TSHE3YHBGYYEDCAF
747,TKPEGAKYXBMSAMG8
748,TSHE66CGQG4ZZJRA
749,BRAE7FNDQBZGKKMR
750,TKPEYPGFPY4FZZ7Z
751,FABE8YQFHSUDYRC3
752,TSHE97E6DSFGUAQ2
753,SHTDZNRRVRZV2VVH
754,TOPDW8FNHZGB4XAM
755,TOPE6HZUKGTFPUFP
756,SWSEHEK5C6T2WZWW
757,BRAE8WYHYFUPDTF6
758,TSHDTTQFSGZUTURG
759,SHTEATTVQZYMJDYQ
760,TOPECMKVNSFHVMHF
761,TOPE5F53GUYFP5DD
762,BRAEBBMQQ37GW3CZ
763,CRGE8AUCFCPBYXYH
764,SHTEDWTVTHSU5XCU
765,CAPEG9RPZTKHTGPN
766,BRAE3TSHZGQRFVWZ
767,TOPEGG4A9XPEBZ2S
768,JCKEEAEZMGBEXQFK
769,BRAE8RSAZXKACNQJ
770,BRAEBMWVSDWZYNK8
771,LJGE8WRFR2VCA39K
772,LJGEBXRRYVZFVRDH
773,TKPEGFWWV9K7PMMD
774,TSHE5NYHHCVJSR4S
775,TSHEBCKMEMWZZAAP
776,BRAE5F3KHHPXDMUR
777,SHTE3GBSY2ZGCNXM
778,TOPE7H6NJKNYWBGN
779,BRAEARHGWNZZEZ7B
780,TSHE75NYHEN5UVGG
781,FABEJQ69KC2ESRYX
782,PANEJQ5AMKZEEJ3E
783,DREEADBTNB5HX2EH
784,SHTEAYPGFENJZZR4
785,BRAE8WYH2QMRQCMZ
786,TSHE7KBHSZGHUHHE
787,TSHEFC4BSHJSJHAK
788,FABE92NUCYX63B37
789,SKIE5AQJZNKHESBA
790,TOPEDAKWHHVYGDSA
791,SHTEFUMGZHHHKKQZ
792,BRAEY6JXZJFUHUKZ
793,VESEGWKB3YXJQHSD
794,TOPE99DTCKGQKZDH
795,TSHEE4WZVGVAMRAP
796,TOPEGF6PWBFXSEQ9
797,BRAEB2S8VJF83M8C
798,SHTE773YQ5FEHQDJ
799,BRAE6AV3YVDFJZH3
800,LJGEYSUNH9VDRYEV
801,SHTEG7MW9GWDJZUG
802,BRAE6MPEE4X6CMB4
803,SHTECDERSNWTPCZH
804,TSHEDFAD9E8PNTQX
805,SHTE6WPDWYCZKEGF
806,PTLEHK3XJGZZH62H
807,ETHEGDXZCGNQNFNR
808,TKSEE4FNWRDYZYGK
809,TSHEJT2R2XQJN8D7
810,LJGE8NS7A3RNHBNF
811,PANEH9YW9U62ETCS
812,VESEJFR8GX5GGCSG
813,SAREG4535HPVV2ZV
814,RNGEDAKFNPUNF5BJ
815,BBAECYHFCMMYSNY8
816,BBAE3JRHMQRQNGAZ
817,NKCE88AHGVTQ6Z5G
818,RNGE7M928JSR2PZY
819,RNGEBQZRZSJHG9ZE
820,BBAEEYGPZQPHDVV7
821,NKCECGVARVRMARSS
822,RNGEH3H8UQ2FHQZ2
823,BBAECWEYQEARSJFB
824,NKCE48ZU6EAYFSCM
825,JWSEE3MYZ2QZ4QHG
826,BBAEB2GCT9ETYDN2
827,NKCE69P8TC88UPPC
828,NKCE3KVSXWZPHFB9
829,RNGDQSVDZSWFGUXK
830,BBAE9ZVCYN7HNFZY
831,BBAE9ZGYZGFMTBUZ
832,NKCEC8AZV8TG6VZA
833,ERGE8D4ZHZRSHVEC
834,NKCE4GF8ZXFXNF9A
835,NKCE966EGJPEYUUF
836,NKCEBMDCUWFNR7ZC
837,BBADYE6HFZKJD6FG
838,NKCE5QSZTMRJQJ2H
839,NKCEASN6V7MJ482Y
840,NKCE7MBRTJSHD4MA
841,NKCEA5FH87FNMFUK
842,RNGE8HPEZZNZQHGF
843,NKCEABYZH92FDYDD
844,NKCEAPCV5FV9UXPX
845,RNGE86J7VJNYBSHZ
846,NKCE96SXDK3JFZC3
847,NKCDYQ3RDP3YZHMD
848,NKCEAX7HWGSGKDZC
849,NKCE4TV4CFBGWTYH
850,BCHEGARUNJCHGFRH
851,NKCE5WSJTHTHQFUG
852,NKCE5EF4H8C5MCGD
853,ERGEJNWWBJZFQCW9
854,RNGEDAPVTMWEQDH2
855,RNGEDAKEFRUE6PYK
856,BCHEGAMZXFBH5VHD
857,NKCE6P3FBGQDBMY9
858,RNGE7GVYAP66GRDD
859,NKCE3MVWGRGTJEY9
860,RNGDX7SAWWZ7CD35
861,BBAE5W98SDUHYAUA
862,NKCE7VKYTANNFZ32
863,BBAECF98YZGZBV9E
864,BBAE9ZGYTRBF75VW
865,BBAEEYH67ZGXREJQ
866,NKCEBZNZ3QY6KYZ8
867,NKCE64Z4PHQRV7UG
868,NKCEFFFP3QPZXBFU
869,NKCE5T3GVHYKZSDH
870,NKCECYNZGHYQEFHY
871,RNGEDAKBYETUY2AB
872,BBAEGJFQSXZSNB67
873,NKCE4CSZWA3EAF7G
874,NKCEAY3RMGDD9DCS
875,NKCE5VAAPVP5DGMZ
876,NKCEEH56PZFRUGNU
877,NKCE2F33TN7SZB6N
878,RNGDVVYB6RGSAWRZ
879,NKCE8P4WBDWVSFRY
880,RNGEDAPTYHEUYHGH
881,RNGE9HE4FJUJ3CTH
882,RNGE864HQQUYJQHB
883,PELE8F5SYHHT5XUP
884,BBAECH62WNHFZ4GU
885,RNGDWKZMGSZJCGD3
886,BBAE4HBESXXHACEM
887,RNGE7GVYFRENTCWZ
888,RNGDTBQUJUCRDTCK
889,BBAE9Y5DTH9YTJBK
890,NKCEC8ASYCY89ATW
891,PELEGTPGEMCWUGS8
892,NKCE9YFBNZRPZNDY
893,BBAECVGX7ZKEM3UC
894,BBAECFD4N7UBNXDB
895,BBAE6GAWXPSTTPC8
896,NKCE5UZHWVVB7FCU
897,BBAE6FZQZQWHU6SH
898,NKCEB7XHZFHK8E82
899,NKCEA5FHTMXWF5MK
900,BBAE8YSYGZEJDAT9
901,RNGE7M92NZGZSZJQ
902,BBADXV8PZGHTVX4Y
903,BCHEGFZ82BDJGWV7
904,BBAE4EZFNHVDF43F
905,RNGE8TZ6ZQHYF6HD
906,BBAE5W34GYHRFW3S
907,NKCE49ATFAUMZ8Z7
908,NKCEB98TYYUZE7BQ
909,BBAE7YVPMTU2PJFX
910,ERGE4R887MEWYRHY
911,RNGE9HEYYHRUE23R
912,NKCDXT2ZVFR6PFUM
913,NKCEYGTG8H79NJYY
914,NKCEF9GTZR2DAYHA
915,JWSE29X9EZDKQ6GV
916,RNGE7GVYZVRPJC7J
917,NKCEAPCYZAS9PERK
918,NKCDYQ3RTESTNSWS
919,NKCE9PFFQKXFACFT
920,BBAE7AGX9CTCWX3W
921,RNGE7M92A3SXRGHR
922,NKCEB2S9JCHCMK3N
923,BCHEG3YMFRRT5RGH
924,NKCDU4RZHYKCPQEG
925,JWSDYFUFNYBSDY6B
926,NKCE54CNGQAPAZ87
927,NKCE7MMGJSVN3J2W
928,NKCE6SR488C827WS
929,NKCEFH7VWH8UE5AD
930,BBAECARBVWVQGCZX
931,NKCDYPDS8THDBS7K
932,NKCECZNMZJGZFS43
933,NKCE996SVQZKHQ44
934,RNGEC9RHPFCGF43U
935,RNGEAM4MMF8BUZZG
936,NKCEAFA9DJYHKHUT
937,RNGEDAQ3YDDZRSHQ
938,NKCE9G2AFWY5A3HZ
939,NKCE6NHRZ7SZG4ZW
940,BCHEEYZYYVZEPSFH
941,NKCEBG9BHYUDAHH3
942,NKCEDF2ZPGYDRGXQ
943,NKCE7MMG3GABMDY6
944,RNGED5YAZMEZYGGB
945,NKCE7MMGPQTPZZ4H
946,NKCE676XRFECGZHC
947,NKCE6XU6NKSZPBYC
948,PELEG5D24ZAYAHUJ
949,BBAECKXFW889ZMS6
950,RNGDWKZMKNTUBPSF
951,BBAEGFFCHHVSHHTX
952,NKCEG26PZCG3HKDF
953,PELEGPF7MHSNH5WS
954,RNGEDAPSYZY4WGJV
955,JWSE5EF4HD9VFSYZ
956,NKCE6TNZZKEGKPGA
957,JWSEGGHZGHS5JG7D
958,RNGEH3ETCHGWGWGZ
959,NKCDYYQWT2ZZUYZD
960,ERGE8DXEHJWAA9GF
961,RNGDTBQUAZJK4SW9
962,NKCE76ZG2VJUJBGA
963,NKCE5DGMNUMHKYTG
964,RNGE88FQ5SDTSFY7
965,BBAE9HP8BM7HPWDA
966,RNGDQSVDYXGDEXMH
967,NKCE9G2BZYKFA4UQ
968,RNGEA9ZXYKAZPEGD
969,NKCEB3XAKJ6XEJQE
970,BBAE9ZGYGSUHMTXG
971,BBAE9ZSFDZ5JEFGA
972,NKCEJPENXNMT9KKS
973,NKCEBGJZGQH6HGDZ
974,RNGEDAKBZRJKYHDJ
975,NKCDXEGW7APJ97YS
976,NKCE7Y2Y4BFFU9A4
977,RNGEDAPWZBXEHHFV
978,NKCE9HF3FP4FFSQY
979,BBAE8BXAYT3GAMEV
980,BBAEBZTBCZMTXPXH
981,BBAE3ZZVURG8ZQGU
982,PELEG5D47TPA27QZ
983,RNGEC8PNXPRY8GKR
984,NKCDZHF8BPUTBGVT
985,NKCEDCT9YJYEZT9Q
986,NKCE59YWU3HTQS7Q
987,BBADZ3KUW4X4QH35
988,NKCECB9KEYRV2SU2
989,BBAEAGTC3ABCHVEY
990,NKCE2QKGRKR2YFYF
991,NKCEFG3CHGEHMRTD
992,RNGE7M92Z6MG5S9J
993,NKCEAVZ3EYJ8U4HN
994,RNGEBPU67KZEYWAR
995,NKCE9YX36WBZF9HJ
996,NKCEFZ28RPFNBRAH
997,NKCEB98T642V4GUN
998,NKCEAFTPSQFQHGFE
999,BBAE7F9BXDKZVUZM
1000,RNGE7GVYRPHSCTVA
1001,RNGE7GVYDZY6FQCZ
1002,NKCE49ATF8BFHDVP
1003,NKCDU4RZURUGSZZ6
1004,RNGE2FAFXEKNRDRH
1005,RNGDQ5GGZ3RXUZHN
1006,BBAEBWSTTA7WGDUH
1007,MNGEJHG8HDGRHFHW
1008,BBADVRPJSSYQ9CG2
1009,NKCEA5FH8FXQKFAG
1010,JWSEBUKYHY2ASTZX
1011,NKCE9G2BJHZ4TGUX
1012,PELEGHQP8GMXYF6V
1013,NKCECW7BGWYRZ3BP
1014,BCHEF8VYHUWKFRJP
1015,JWSDSCB7SN9AYB4B
1016,BBAED6G6NS3SYGT4
1017,BBAE8M4X9GA77PAD
1018,RNGEH3EVCMKMKYPR
1019,BBAE6MFYTVYKKUVE
1020,NKCE9AZMHCFQHHPX
1021,BBAEBEYR9ZATYRZH
1022,NKCEFG3CPRGZHZJR
1023,JWSEBCY4ZD93RF39
1024,RNGE88FQG4EH5K9X
1025,MNGEJHG7AVRHC8VF
1026,NKCEASCZ8EVWGPBZ
1027,BBAEBEYRYPYFHR8Z
1028,PELEFH68JH6FDERS
1029,NKCE9YTVCNQEPEJR
1030,NKCE38HBN4GUJQHY
1031,BCHEG2BGBXGDCHWF
1032,JWSE92VHWFEFEQQN
1033,RNGEYRXFZP9WJMY5
1034,JWSDY558HHEYV5C4
1035,BBAEDZHYSSVDDZYZ
1036,BBAEAYAE4BDSX938
1037,NKCEA4CAPHDH5TJT
1038,NKCDQSVCY7GJM39D
1039,NKCE57RNP2CDWTGE
1040,NKCE9PFFXYGAQMYB
1041,BBAE73VF6GBYSXQN
1042,BCHEG5C5VCCSXW9D
1043,JWSE29XBXVZBYDGK
1044,ERGE8DXEJRT483ZQ
1045,BCHEG2JSDGQZEFVV
1046,RNGE44J6Z6JCGFYR
1047,JWSDYQ3RTGG8N7HD
1048,RNGE9HEJZQCSMFFH
1049,NKCEBFWTTMZH9MAR
1050,RNGE7M92KMMGTSVZ
1051,BBAED8D9WYU2798P
1052,NKCE88AHRCD7KNQT
1053,BBAEFGBEZSSZGMFZ
1054,NKCEC8A2MGGJJ2GE
1055,BBAE9YU49THX7DVY
1056,NKCEC8AZYQCH5UC9
1057,RNGE8RDFZZAPBPKB
1058,RNGE4BR9SHZWVFPY
1059,RNGEDAPSYY5GYNSE
1060,BCHEFFPYRYFZFZYQ
1061,RNGEH3ESCEYFDG6V
1062,BCHEG9KDDVJNPHPA
1063,RNGEC8PNXPFVNXFE
1064,RNGEBQZRSFFV545U
1065,BBAE7F9BYJ5U8QUE
1066,RNGE7M92AHYVJFTN
1067,NKCEBFWTZFCYPFQJ
1068,BBAE9WX5ZSHPQH5Q
1069,BBADWZFDVJNFAMUH
1070,NKCECG6ZNH9NXFFH
1071,ERGEYWFZMTZ8DHVQ
1072,NKCEAYDJBTCDHMBY
1073,RNGDTBQURWKKGMZZ
1074,RNGE82XZSUTZS7F6
1075,NKCE6UWHJPBKGHZ5
1076,NKCECEBZYG9NCPBW
1077,NKCDX3BHQDPKVJ9A
1078,NKCEAPCWCAGENWN7
1079,BBAEFJG7GNRYEWHR
1080,NKCE9G2AM36WW4MX
1081,NKCEBGJZEMQ4FK2F
1082,NKCE3JRMZFZEGEHT
1083,RNGEDAKEZXMAXYKB
1084,NKCE5UZHRWGARHGZ
1085,BBAE826BYDDRBBBV
1086,BBAE7DPRTXRURMDD
1087,NKCDYTPJHF8ZCYQC
1088,BCHEGTZFDWMDGEJB
1089,BCHEF5MEGYHU2RGB
1090,RNGEDAPFYDQCQAFQ
1091,RNGEAM4MKS2EYSTX
1092,BBAE53BEYN2FHF7C
1093,ERGE8F5RBKHFGHAQ
1094,NKCED2ZGYAP3UKJY
1095,NKCE9YFBR7ZAMBNJ
1096,JWSE38HQM2S4AS3X
1097,NKCE5QSZQQHZXFGT
1098,RNGEDAPFZ2GKRUER
1099,BBAEA49HQKRYCR4Z
1100,NKCEYTXEXPFNTD5Q
1101,NKCDU4RZMJX3CHXA
1102,NKCE7MMGWBZPZJSZ
1103,NKCEA7TVVNXCK6BB
1104,BBAEC897YCBZPV8H
1105,NKCDY44F79NUC7NF
1106,BCHEGAUGVCNJDFHW
1107,NKCE52CSJVWFAWHW
1108,NKCEDCT9AQ6WHDS7
1109,RNGE7M92Y9EQGZU4
1110,ERGDXQPSSKEFQMX2
1111,RNGE7GVYHKFZHW5Y
1112,RNGDTBQSUNAFYUHG
1113,NKCEBUPHCTNFDEYY
1114,NKCE8NHGCZETZQF4
1115,RNGEDAK7ZHEZDHEH
1116,BBAE9DDYFFG3G93V
1117,BCHEF5M6WFBMEAZP
1118,NKCEA5FHMHZ3HZR6
1119,NKCEFFFPGEJSTBJP
1120,NKCE9Q93GVK3B8MZ
1121,BBAEFJG7NFBWZ2BP
1122,NKCED8EGPHGKRPBH
1123,RNGE864HHVXYHTCS
1124,RNGE88Q9VCUT5FUF
1125,RNGE8HSQYRZ74THU
1126,NKCE5W33ZPTSRMMH
1127,NKCDU4RZCR2FGCCU
1128,RNGEH3ERSQJC6JVQ
1129,NKCEC9FMCGECBZZT
1130,RNGEDAKBZZA5AXWV
1131,NKCE8P4WBZBDGYEP
1132,RNGEB2PGDCAQPBVJ
1133,BBAE2YBXZGKGPTPU
1134,BBAE73VFNENV92GG
1135,NKCE7M3QNNPZDXHQ
1136,NKCE2RPCH7YGSPX9
1137,JWSEFCTMUXBJGWRN
1138,BBAED5CFUGFYYTZZ
1139,JWSEAZYW44SCHHWB
1140,RNGEA9ZWZFK7X4SZ
1141,RNGEDAPTVZZTHMY4
1142,NKCE7AGZESRQGFHG
1143,BBAE9WX5JBQVYUMR
1144,BBAE8QEFYAQFSPHP
1145,JWSE2V7FY2EHVSZX
1146,NKCE8RUW7KFAYZGY
1147,NKCEAX7H3Y9JBGYZ
1148,NKCEB774ZFTSYG2V
1149,JWSEC88FYQZDJYKA
1150,NKCE5EHJRGWCKXHR
1151,NKCECKHYZJ9G5KQH
1152,NKCE7H5KZTH3V6AF
1153,BBAEFCZMPZXMYXHZ
1154,NKCECGVB5HYJHPXY
1155,RNGE7M92HHFJZZZM
1156,NKCEYFBZMQBZTFHS
1157,BCHEG22KN2AZGWV4
1158,NKCEDDAEWDYYDVJA
1159,BCHEF9K9HUMF8ZQY
1160,NKCDSCF3HNMXRCF4
1161,RNGEE8ZHGY6YMKRY
1162,RNGE2FAGANHFJF2W
1163,BBAEAFBA9PMBVZH4
1164,BBAEDVR8DQYHHPEB
1165,NKCE5U69HB8JAUTU
1166,NKCECWKZMNCEGPDT
1167,NKCEFFFPZC5FFNSY
1168,RNGEYQZEZBE6TWJZ
1169,BBAEEEV24CQHEH6H
1170,BBAE9K48SZDZHXNJ
1171,NKCEGMVCHERZZQMW
1172,BBAEGF8HPVZYJ6CH
1173,RNGE7M92DGUZZNZA
1174,NKCEBHGBEABMWDKA
1175,NKCE9GR9GFMQ9TNZ
1176,RNGE7M92STBDGEGA
1177,NRSEGS9HHFNXFJYR
1178,NKCDZK5DAXGQZMWA
1179,NKCE6FYZXPWT4TJZ
1180,NKCE2NKZT6GSFFV5
1181,BBAEJMG2UHZWSGGT
1182,NKCE9W4ZNQGHCENM
1183,BBAEDZHYCJZWPV7D
1184,NKCECZFZHHDRGS3N
1185,NKCEBVP2VSGK9DH4
1186,BBAEEEV2VHQYFZCM
1187,NKCEACWNSZ4WMBHQ
1188,NKCE9G2BZAGKXPGY
1189,BBAEEBGMPBGA2GZU
1190,NKCE6GJ5M53GTENH
1191,NKCE5U69RBZRVJCQ
1192,RNGE43MFSADV8UKJ
1193,JWSE7H6RKTYSK2YC
1194,NKCEB98TZYFNQMU6
1195,RNGEC8PNSZZ8CJ7Y
1196,BBAE5AKCUNGWRFGZ
1197,JWSDWBPPQH5V6TTC
1198,NKCECZH48UQYP6NY
1199,NKCDU4RZPDSUYCAA
1200,BCHEGAS3GAZHGF9M
1201,RNGEA9ZXDDFHAVMZ
1202,ERGE7SR4H3HGK54J
1203,JWSECGFU8YKHTSMU
1204,NKCE7MMGNZ6FDGUS
1205,BCHEHYUH8K4NQBJD
1206,NKCE9RFZHB9BVVTV
1207,BBAE3YT8UF6KNEKW
1208,BBAE6F7ZENM3GCFJ
1209,NKCECPQAERMCV6YM
1210,BBAE4BR6DH4DYCFZ
1211,NKCDU4RZESHQBS8M
1212,NKCEA5FHHMA552S2
1213,NKCECZPZ8WCCFGRV
1214,RNGE7GVYY8NFWKF5
1215,NKCEG26PAKEV9HNW
1216,ERGDYGEVZZDW9YCN
1217,NKCE9PFFGUZHVSED
1218,RNGE65FGHZXFMJZM
1219,RNGE7M92EF2SQPJX
1220,NKCE4GF8YSKFGS97
1221,BBAE9ZGYQD7ZVHZG
1222,NKCE9PFF3WZAZZXG
1223,RNGDTBQU2UT5H5MG
1224,RNGEDAPSYR5YHGZG
1225,BBAE75HAMG45WNGF
1226,NKCE7ZNG3SYNHGH8
1227,NKCEGMUZBRDAPCJK
1228,NKCDU4RZRCZGVHZC
1229,RNGDWKZN9DSHFHYY
1230,NKCEANMPQABUFANV
1231,RNGE7GVY62WSJP7X
1232,RNGE7KFY3XZNZS48
1233,RNGEDAKAZHDHCV36
1234,NKCEASCZPRTXMMRB
1235,NKCE34THCPW5V7FV
1236,RNGE8TFNYWVQ49EZ
1237,RNGEBUDN25RXMZAZ
1238,BBAECETKRQP4SJSG
1239,NKCE6SR4Y4G37GRS
1240,RNGE7M92A2RFPMED
1241,NKCE9HUUEEVGDGRT
1242,NKCE4VJGCMERZWFB
1243,NKCDXU3QDCXYHZD4
1244,BBADSEZDJ6GUW2PX
1245,BBAECGVHADQTGZEY
1246,RNGE96Y2DCHGZ5AH
1247,BCHEG5F53WB7RDG2
1248,BBAE7DPRYDNBTNEB
1249,BBAEB73MPXNZE4EW
1250,RNGECQP4BZZ8HYBA
1251,NKCEC87SZTUM8SHS
1252,NKCECATQF8ZXGXJS
1253,NKCED2ZGGAGZJEQF
1254,BBADSEZDGGWGZZBA
1255,RNGE96Y3GVM4MYVK
1256,NKCECZFZAFTWWJNV
1257,NKCE88AHVENFACHA
1258,NKCE7PZPWXTUK4TP
1259,NKCE7H2EF53YKKUT
1260,NKCE49ATNPFHH5N4
1261,NKCEY8KWJVFM6AFA
1262,JWSE2H9PMKGZ5YCS
1263,BBAE3JG36578NUYZ
1264,NKCE7NFFJUFHDAQZ
1265,NKCEYYX9FZWBEGQF
1266,RNGE9GWMKVHGEYZG
1267,BBAE52QH6R5GMSQA
1268,BBAEJA5DYZ8VCCBZ
1269,RNGEH3ESZASB7FHM
1270,NKCDSCF3GGTCQ23U
1271,BBAE9WX5WWSFF6SN
1272,NKCE96SXUUHT2BQQ
1273,NRSEGS9MTKR9HPPN
1274,NKCECQYZ7T7ZBHGW
1275,RNGEDAKAZRMFFPGK
1276,BBAE6GJF3DGSYAVM
1277,RNGE4YPTQYRECV9J
1278,NKCDU4RZTSAHGJU8
1279,BBAE2FG9DVHKEKV4
1280,BBAE2GZ2XHSHZFQG
1281,RNGE87FCQJ9GRKWZ
1282,BBAECHGKFYZTWZJM
1283,NKCEC8AVJGGBBMCP
1284,RNGEH4GPXAHBVUZY
1285,RNGEDAK9ZKYRNXNA
1286,NKCE5W33KFFZDSDY
1287,NKCEC87GZMWYCMUG
1288,NKCE9ZXXTEGXWZ3B
1289,RNGEC8PZH2YPMMAJ
1290,NKCE64Z4NGBHNAY7
1291,NKCE8RB5TTZHZKCU
1292,NKCDU4RZNVATGYZZ
1293,JWSE8GXKATFTFW3S
1294,NKCE9YX2JQAYDHSV
1295,NKCE9ABEE5HDWZSM
1296,BBAEDWJ93XUZQTXM
1297,NKCE9PFFMWSQ9CYY
1298,RNGE7GVYMC9ZSVRB
1299,NKCEFXYQ3DCCYFFW
1300,RNGE7GVYAFKAAZXN
1301,NKCEBFWTSPVWSGXF
1302,NKCE4PZ6UJQG9QQE
1303,RNGE8Z3KSHGCMSCP
1304,NKCE69P8G4ZRAUAF
1305,NKCE5H4XZMADYXWG
1306,RNGDQSVDZFVDFNDV
1307,NKCEA4CA9UBYFDZ4
1308,NKCE8T78YZYEQYDD
1309,RNGE7M92ZKYSGGZX
1310,NKCDV7N6PQKSXEWH
1311,NKCECFGDCG9ABPZB
1312,JWSE5GUZY5GGGTQF
1313,BCHEGSMPSRGNPAMN
1314,NKCEAGXHQTTQM8XJ
1315,BBAE8WCSGZAKUH4F
1316,BCHEHYUKDZZPZBH2
1317,RNGEAM4MSHF34GHZ
1318,NKCECG6ZH5MJT4B9
1319,NKCEFNPK5GSEHVPA
1320,NKCEBKWHS7CHNPTU
1321,NKCE9ABEZJ4HWTZZ
1322,BBAE9K48E9UZFP7E
1323,BCHEF9ZEK3JFWSZF
1324,NKCE87C3VRMZFGJG
1325,NKCE6YF6WEFEK9W6
1326,RNGE7GVY3VFVAF6X
1327,BCHEG22KQPY5NMHA
1328,ERGE8DXEFZFAZSYG
1329,BCHEGAMY9VZCJJZX
1330,JWSE6KAFNXHKYHPT
1331,NKCE5HYVHGZEZTD5
1332,RNGEFJFFXSK67ZWZ
1333,BBAECGVHJPMFPFES
1334,BBAEJK8Z5UD97GTP
1335,NKCECZG4G4HSXXGG
1336,BBAE8BXAJUPWKEFY
1337,RNGE7GVYPXKYEYHB
1338,NKCECZFZY9YTKGTW
1339,RNGEDAPYZEFYKN2B
1340,RNGE7M92V5GTURFX
1341,NKCE6WUX8GDWXJCY
1342,BBAE86DX3ZPWSKPU
1343,BCHEG22KNCSNF3ZY
1344,NKCEFG3D8UWFGKGE
1345,BBAEBVHCJTRR2S9W
1346,JWSEEBGDNZU5WBYY
1347,RNGE7M92FZVK8YWH
1348,BBAEEYGPRKWRC9HP
1349,RNGE7GVYRWWCA9AV
1350,NKCE9YFBSJVQRZ7P
1351,NKCEB3ZCW2HXUSFX
1352,BBAEDVQFCVT4UTMR
1353,NKCDWHFQ2ZBKQHGP
1354,NKCE9PFFVPDMZUUR
1355,RNGE7GVZYVV9XBMF
1356,NKCEDCT9S7TUUY5E
1357,RNGEA9ZXYUGC2ZHM
1358,NKCE5HYVE4YDTGPZ
1359,BBAE8PAXRUHPKAVY
1360,NKCE57RNFHJADNTG
1361,NKCE73V3DADAVHDU
1362,BBAEDPZZ54VEJDEG
1363,NKCE93H2ZTHJGFVS
1364,NKCE52CSZEWSNY3V
1365,BBAEJA5DZKZHSVFE
1366,NKCDYARBBBGJ3WGG
1367,NKCE48ZUZRC4WGDQ
1368,NKCE7PZPCSNSCHWT
1369,NKCE7MMGDBM6ZYT5
1370,RNGEDAKFX6JEXQT4
1371,BCHEEYZYG7UWJZHU
1372,NKCE9YTVHFEBDNCN
1373,BBAEB64FHHFVTZ6N
1374,NKCEBMDCG3PEZTHX
1375,NKCEAPCVGBK8M7EF
1376,NKCE9YFBFPA6YFSJ
1377,BBAE9PVN5UN9WYH6
1378,BBAECD6FD6MHYUXR
1379,RNGE7M92H9QHRKEX
1380,NKCE5W33FFA87YDE
1381,NKCEFKBYDZMHUYZK
1382,NKCE5YNTTNJHVHZT
1383,NKCDYQ3RCVCSYD2E
1384,ERGE8D4ZWCHS3F7Y
1385,BBAEDVQFRG4ZS5GB
1386,MNGEGJGBTZH6RZC8
1387,NKCDXHWZHPXRF28E
1388,RNGEH3EVGJ9YGYHX
1389,PELEGPFMDMTU3PQJ
1390,NKCE9ABENEV48UKQ
1391,BBAEE82Z8WNRMWBZ
1392,BBAE6GJFPZ4JH8Z3
1393,BBAE9KAHBJBJH5CH
1394,NKCE4VA4EDK86BCN
1395,NKCDU4RZCFTVHFDF
1396,NKCEA4CAHBSWN3E5
1397,RNGE8UQ5KVGCJHAM
1398,NKCE6GJ5XVJDXNNZ
1399,RNGE8UGWZZHGBJXC
1400,BBAECH63WYDG6TE2
1401,ERGE86NTSCGHJD2G
1402,NKCEB98T6AZZCH8H
1403,NKCE3CXNYVR68G28
1404,RNGEDAPYZCATNYHX
1405,BBAEDVQFYXRHVUVC
1406,PELEGPGCDR7TXNSG
1407,NKCDYRHGHJCQ65WW
1408,NKCECZFZFGAAPNVJ
1409,BBAEDZHYDZQGHHP3
1410,RNGEC8PNB9RJXNTG
1411,BBAEA8VKYEPMBYAR
1412,NKCE7MMGG37H9JWQ
1413,RNGEDAPVZSDUGFZY
1414,NKCE4PZ6QRJGJHJH
1415,RNGE8NA4ZZYUVZHW
1416,NKCE3HG8HGZG4JBR
1417,NKCE5GJ3YZQ8UFUR
1418,RNGE7Z9NAEWGKG5A
1419,BBAE7SSNKUZPRZNU
1420,RNGEDAQ3ZJC36WRB
1421,NKCE5ZHWVMKDR39H
1422,NKCDYG8BDVKZ7GP8
1423,RNGEE8ZGHERKSH6Z
1424,NKCEAX7H4XXDD2Y3
1425,BBAEAG4DMUBBYUKA
1426,BBAEDVR8H7Y3ZBMG
1427,RNGE9HE5ZYYRGYTZ
1428,NKCECFHUDZ3ZE33K
1429,NKCECKHZPB2JMPGF
1430,RNGEAY8GGPJTHDVB
1431,NKCEBHGBEZKFGHZR
1432,RNGE7GVY35ZPA8QX
1433,BBAEAX4TCCFPEWZM
1434,NKCE9PFFUGQPHF3C
1435,RNGDQ5GGSFNHNANZ
1436,BBAE4JGAB7AEHG7K
1437,NKCE45YCF9MGXDYZ
1438,BBAEEYH6STZFQWVH
1439,NKCEFFFP9THXHT7P
1440,NKCEA5FHMY3HFHVU
1441,BCHEG22KSCZCNAVX
1442,RNGE96Y2KTQSGHNG
1443,RNGE9HE7BKMCZGRV
1444,RNGE8TFNT6ZKTGT4
1445,NKCE3JRM4BDRUZVE
1446,BBAE4B3ZU44CMGCJ
1447,NKCE7HN9F746GK2E
1448,RNGEAM4MYMGDVXHP
1449,RNGECNH3EGGBCQSQ
1450,RNGE9HDFY49RXJSZ
1451,JWSEAAFF47ZV9MUN
1452,NKCDY8S8PH7ZAQYD
1453,BBAEEYH6YSZKW7SE
1454,BBAEDFYYYETPFCAC
1455,NKCED2ZGYUHRCCHF
1456,NKCE6TNZFQRQAYRZ
1457,NKCE9Z2J5XF5GDCP
1458,JWSECXGUQFEEJN2V
1459,NKCEA5FHYQBZK9JU
1460,RNGE9HD4ZAYEEABX
1461,NKCEE7XH9MQHGTFP
1462,BBAE6GJFKF8PYG4H
1463,PELEY2Z4F78JSKGE
1464,NKCDYQ3R8RNV2TQW
1465,ERGDXGYBXDZ72HGS
1466,RNGE7GVYE9PZHGUZ
1467,RNGEFKBYME7B3AVK
1468,NKCDXYFHPJ4UNFPU
1469,BBAEARGUS6XVGBT8
1470,NKCEBGPNXQFXGSKS
1471,BBAEDVQE5QNN37ZT
1472,BBAE4S7SVZGPY5KW
1473,NKCDWBPZNZU5K2QZ
1474,BBAEDVYSEN75YZZ7
1475,NKCEAVVRRGHWXTNF
1476,NKCEAFM7SFBNX7H5
1477,BBADXU3ZYTGQU9UN
1478,NKCE77RVZGZBCAD8
1479,BCHEF5M5JQBVBVEN
1480,RNGDQSVDYXTVYX7D
1481,NKCEAUXWF7BGPD6T
1482,BBAED8NATZ4YMD95
1483,NKCEG26ZKKWV2UNC
1484,RNGE88Q9U5YZG3G2
1485,NKCDYQ3REN9WJEAF
1486,BBAE7F9BHRMAH8Q3
1487,NKCE9ZGXYYRZTXZS
1488,NKCECQYZ24MSM3ZZ
1489,JWSDXV8PZQXWKY2A
1490,NKCE6SR4HR8H87TY
1491,NKCEAKKRQGFDH5Q9
1492,NKCE49ATR5MVGFTY
1493,NKCE4PZ6NFHQH3ZY
1494,NKCDU4RZGHA8VYRE
1495,BBADZMCFWR8NZBHM
1496,NKCE6KGHKCZAYUHM
1497,RNGE7GVYEFVQKHAM
1498,NKCE9ZVGGGZXJMEP
1499,JWSE2W4ZB5CB4MMH
1500,RNGE7M92N5M2PFUK
1501,NKCEAX7HAQ2RJA3Q
1502,RNGEDAK2HFRD72HE
1503,RNGEBTJCXWHKHXUY
1504,RNGEGMMBHHARCJ6H
1505,NKCE8UUWSCRYZFAD
1506,NKCEYGTGCGQQZVSG
1507,NKCE5YA94NVQ6TQ2
1508,NKCEAMDRQZKUXEYW
1509,NKCDYQ3RPPERYA9W
1510,NKCDYNY37JPBGBVM
1511,NKCE6SR4FHV6BJDC
1512,NKCEB2S9MFVUCSQU
1513,NKCE9PFFVHYGGCYU
1514,SNDEDAPKZGGEGYHV
1515,SHOECFFWRJYBTPHY
1516,SHOECZGYCGCZGJZ5
1517,SHODXQRRGKZ74U9M
1518,SHOEC8QGTYTSYHRC
1519,SNDEEAFUYNTKFMQJ
1520,SHOEGKU9SUZRXPHY
1521,SHOEF9G7ZES6C5HU
1522,SHOEGEXTGK5GGRW3
1523,SNDEDTCXWCGDH2HA
1524,SNDECHQNWBXDCYRG
1525,SNDEJKRZRSNSGFM7
1526,SHOEJDYYY77DZF6Z
1527,SNDE2GQNASST6VPS
1528,SHOE3S9BYE5XWSKS
1529,SNDEHZQ7YZAHAZYP
1530,SHOEBGHQ2NUKZBWB
1531,SHOE3TJTTBRB86GG
1532,SHOEGAJGF5CSZNHA
1533,SHOECV4SKFKBN8QQ
1534,SNDEAN42SGFZADUB
1535,SHOEBYXXZQYHGJJY
1536,SHOEFMRZZAXFQW4F
1537,SNDEJTPN7JUHRZGM
1538,SHOEGEV4PTVSQTER
1539,SHOE73V5DXWZTRQ9
1540,SNDEJYHYUBMNAN3R
1541,SHOEDBSZC6ZCH4F9
1542,SHOE9UDJKNVSDH72
1543,SNDEF3R3VB55PJBX
1544,SNDEHZPHCXP7ZTFA
1545,SNDEYPKYJNJXQBGQ
1546,SNDE5ZMYKNRPH4TQ
1547,SNDEHZMFFAHHZSHZ
1548,SHOEJNMN7HF5GQNJ
1549,SFFEHGQYTSWWYMXU
1550,SNDE5V33TFHJZAY7
1551,SNDEBPYZGKTW3PZJ
1552,SNDEHZH4HY8SQ2PS
1553,SHODUMFYWTPDYNX6
1554,SNDE8B3PAXZESCKK
1555,SNDEAN42GHZZADGP
1556,SNDEJNQ6ZSRNXHZF
1557,SHODYZ7QYUEYDEZ2
1558,SNDEB7AZS33VMN66
1559,SNDEBDGSABAC5MMV
1560,SHODZJFFAM2H9CRC
1561,SNDE2B97YKEBEBBG
1562,SHOEDM6EUGKWFSMZ
1563,SHOEC9FZ3BAF7ASF
1564,SNDEHZQQERXYSRFS
1565,SHOEFDVVFH5WUUMN
1566,SNDEJTZGDSZFAU5F
1567,SHOE652MJRRMFBEF
1568,SNDEAN42ZEEAZNNM
1569,SHOEDPA3UHBYZACS
1570,SHODYQE7UKHU3ZHE
1571,SHOEGFWHNAKBNYHR
1572,SNDDY9RZPHET6BHX
1573,SHOECUZYKWZF6RCN
1574,SHOEGHF8NXWFY6SV
1575,SNDECV7CS9FRHD6V
1576,SHOECSQ74H5CX2QD
1577,SHOE4JCEZDRSHC4S
1578,SNDEAN42HMGHM3H2
1579,SHOEJDYYRGWZZBM6
1580,SHOECW3RYSYWGZBH
1581,SNDECMAYFAG2PTYT
1582,SHOE9YD5XF7KK39U
1583,SNDEYPKYZ47RUKSX
1584,SHOEFNYNFURVUQET
1585,SNDDVN24AHEAYBYM
1586,SHOEDG8Y9PHZ3GAW
1587,SHOEH7622HVGTZUF
1588,SHOEBF3XFZY2ZVVP
1589,SNDEJU7G9C9SDGCE
1590,SNDEAN42PBZ5FGD5
1591,SHOEHX7GDMXQPSC4
1592,SHOEC8QGMZ3UJFTG
1593,SFFEGGGRKZETXKTF
1594,SHOEC8QGWFF2VXAN
1595,SNDE9MVWDSTTUJYS
1596,SHOEGWXXQFGNVUG8
1597,SHOEAPCYWEAFSFU5
1598,SHOEJKDT4DRYHFEN
1599,SHOEBF3XF7NZMWAC
1600,SNDEBHHAZWXZRSD5
1601,SHOE2FQCR89ZNN8W
1602,SHOEDZZYZYGXGQZZ
1603,SNDEARQA4U9GY6TG
1604,SHOE7732Y7YQWBQP
1605,SNDEHZH3HSRF5PDE
1606,SHOEG6FTDZRRUVDJ
1607,SNDEGZ8XGC4BWUZF
1608,SNDEHW9HMGABQSEG
1609,SNDEC9REJWFXJYB4
1610,SNDEDG6H5CYWWBBP
1611,SNDEJZ2KDZUQ9BPH
1612,SHOE2PQ42ENPZEYJ
1613,SHOEBKEYSKS87GKG
1614,SHOEFVT6YAKB9XTE
1615,SHOE3HGTYCWDACZ7
1616,SNDEBGHBFVGJRFND
1617,SHOEJCZ2JNGJSPEJ
1618,SNDEAF3Y34EZRCMT
1619,SHOE4QFHZWCZGCMB
1620,SHOEY7HYSEZJQMMY
1621,SHOEE5N4X6Q6MAUG
1622,SHOEF9G8WTWGAAFB
1623,SHOEHYF3Y7MJFWM8
1624,SNDE56UUKGHHWFGF
1625,SNDDYKR8Z5FKRWPQ
1626,SHOEBZ65KFSBZKBT
1627,SHOEBYWSZ4ZRNQPU
1628,SHOEJ8GV8VVUKV78
1629,SNDE28TRKCZXHCJY
1630,SHOE3URGKNFYXDGP
1631,SHOECZNMUNRVGQ7H
1632,SNDEJYHYHPSBVVP3
1633,SHOEGHJVBSMSXQCV
1634,SNDEJS7AGFRYHWGV
1635,SHOEJJEVZG39MUMG
1636,SHOE2FBZSHMWGNSJ
1637,SNDE5V33PWZAGZDY
1638,SHOE34YXWXZ9PCFF
1639,SNDEB9AYJW69XZHB
1640,SHOE2PQ4TFG9X8GF
1641,SHOEHXHVTBYRCTYN
1642,SNDE5RH6ZV2V6HGZ
1643,SNDEDBM64AVT7HWK
1644,SHOEACXT4VFDBHTJ
1645,SHOE6PEHVTQKMYQK
1646,SNDE3NWJBWJXJ6ZV
1647,SNDE7UFUWPHHAX5E
1648,SNDEHZH4RXCE8AGJ
1649,SHOEHYEAJCGEP5UQ
1650,SNDEAN42XPSZS7MN
1651,SNDEDF6CPDWETBKF
1652,SHODWK97XBSQGJVX
1653,SNDE3SNFMHARS463
1654,SNDDYZ4XV6SZWZZY
1655,SNDE9ZWFJNW2ZQRH
1656,SHOEJBV8FAV6DNWW
1657,SNDEHW9GP5PQGYKH
1658,SHOE8V4FJRJZGMCH
1659,SHOEAMZZNMJH4UZM
1660,SNDE5HENGYQVEAN9
1661,SNDEJZ2JZ7GN4FCD
1662,SNDEJGYFP2AT3FMH
1663,SNDECQY9BPWE3PKW
1664,SHOEFRUPFECAZYBS
1665,SNDEFGEAF4GRHHX8
1666,SNDE78YZVGXGUZWS
1667,SNDEDEWN7MEQVQUN
1668,SHOE2GURQ2ZZFHX9
1669,SNDEE34X8JHBYBVW
1670,SHOEDM6ESQGUFT8F
1671,SNDE8H58SDEBJCFY
1672,SHOE9YGXQHFW8FCZ
1673,SHOECJTWAVQ3J745
1674,SHOEH7SY8PZPF9NE
1675,SHOE6XNZ7WS4ZQXH
1676,SHODZ5YHTEHZTR3V
1677,SHOEJUUVN2BVGSJZ
1678,SHOE9ZZX59MFJ9WK
1679,SHOE9YD5ZAYJQUYZ
1680,SNDEHZH5UYAPJS67
1681,SNDEJMNRQZNK6TSA
1682,SFFEGJZQHKNFMPG6
1683,SHOEFAJ5NAGQCG8H
1684,SHOEA38TXG7MPUCM
1685,SFFEGZ6H7MW6X6ZF
1686,SHOEGP2X3GMKZVES
1687,SHOEBG6ZDGSSUTHP
1688,SNDECHQMJ55YZR8K
1689,SHOECUZUWWUMMEBC
1690,SFFEGNUVZHZHEUQR
1691,SNDEY7QPXUF5PZSZ
1692,SHOEFVT7PSMSBXKA
1693,SNDDYE2M83GSMVEJ
1694,SHOE94J3RHN7Z6AC
1695,SNDEHZPDYWVYBCHT
1696,SNDEJGWQSWNHXXA3
1697,SNDEJQ78HASZT5F3
1698,SNDECHQMAQCZ4CMH
1699,SHOEHYEZ73SMT8HR
1700,SHOEJVGTSYMHYFBX
1701,SNDE3NWJCPNHJZGZ
1702,SHOEBGDMKUF33QYC
1703,SHOEJUQFQURGGFY4
1704,SHOEDN9SGYX4ZA4P
1705,SNDEGSZD4WHWUEPU
1706,SHOEBQ36GHBZEYHY
1707,SNDEHQJNFGTYMPHY
1708,SHOEHVZPEFK8DAWV
1709,SNDECV7CCGVPTAK4
1710,SHOEGAJFAU2N5RUR
1711,SNDE2RXYKZZAMNGT
1712,SNDE8TQC4UGDTQMP
1713,SHOEG7NXNBF9PPJV
1714,SHOEAEPEW8USADYE
1715,SHOEJ3AZDMUAUMMY
1716,SNDE9G8EHTUXGSWF
1717,SPMDHEZ4GT8R8HCH
1718,SHOEJUQGGZQPCVYE
1719,SFFEHWF4HP7HGYUH
1720,SHOEY7HYNUXSNAT7
1721,SNDEY6HQWYYVMQUG
1722,SNDEYVXWYMSUHCF4
1723,SNDEF3HVZW4NPVCN
1724,SNDEBR4ETGGZWASZ
1725,SHOEE5SYZX3RXYFU
1726,SHOECQQFS9D6CFNC
1727,SHOE28TKBXVEFWZM
1728,SNDDZK9YVB2HNF8R
1729,SHOEJQCKU9ZRGJT8
1730,SNDEJZ2JX5NNPREZ
1731,SHOECVMMYCMGFZZP
1732,SHOEATSZWUNKW8ZK
1733,SNDEDGQFFJXGUETF
1734,SNDECS3EYTMGYU3F
1735,SHOE7CHXZ6MEYZNW
1736,SFFEHUBYNBCUKGTD
1737,SHOEBZ3DYJZDTGAP
1738,SFFEH2FGDBS7DMQK
1739,SHOE38Z4XMXFASBV
1740,SHOEJ5YSJMX2HXRF
1741,SHODUMFYYW5YGRQN
1742,SNDEFNNDTQUEBB6D
1743,SHOE89XZZKW8GACG
1744,SHOEBG79YJZD9C33
1745,SNDEHKGNTBHM4MZD
1746,SHOECQQFYNSCRFBR
1747,SHOE7NJSGVYAUEGN
1748,SNDEYPJZYXEV7D3D
1749,SHODPH4GZWVXE5RB
1750,SHOECXZEFH55CZT9
1751,SNDE2ZZZTRZ6HHFW
1752,SHOECNQAQT4QK6UA
1753,SHOE46TFXDGTPGX6
1754,SNDEHZPDYWFY44PF
1755,SHOECNQR5ZPRMBBX
1756,SHOE4K54VP44KTZK
1757,SNDEDKKXMX8ZGVQR
1758,SHOEAJHWVZFDFTFZ
1759,SNDEJTZYMNA2YHYY
1760,SNDE9X9DWFGHFGCH
1761,SHOE7ZK8M2Q4EJYD
1762,SHOE53GTNBHWXQ3M
1763,SNDE69H7RHFAUARF
1764,SNDEJQ79E7U8MQKG
1765,SNDE7NSTNHAEACGG
1766,SHOE2FQCE3QFC8ZM
1767,SNDEEAFUSGWPCYSS
1768,SNDEDKKWEAFRMDR9
1769,SHOECS7EXZXZSWHW
1770,SHOE3TZMQHKWG7TT
1771,SNDEC87JCXXKG9HJ
1772,SNDE3TJT5MNHBFJB
1773,SNDE6ZCMAB4KCF5B
1774,SNDEJU7GHGYTX7VM
1775,SHOEY8RMVZV3UY3A
1776,SNDEBZY2BFKZCYPP
1777,SNDE93J4NRPZAC2S
1778,SHOECP78YDYPYPSE
1779,SNDDXFDZNYWTHZX6
1780,SNDEJSGGFRNWVAZS
1781,SNDEYTSCGHWWHG89
1782,SHOECKEYCF73BXZX
1783,SHOE7DJBEPYGQPHF
1784,SNDE28TUKXHH5ZEW
1785,SNDE6J96URNBNUZH
1786,SHOEBGHQTJJFUYSY
1787,SNDEA5EG9KPNG38S
1788,SFFEGGPCZJ5D8D6C
1789,SHOEGMU3WHYEZGZT
1790,SHOE8N3C54FMBKQH
1791,SHOECUZVWQRHBY3C
1792,SHOEGHHMQRQFGSPV
1793,SHOEDP7ZVGDYRAYQ
1794,SHOE9TBZFYZQGYRT
1795,SNDEEFTGGBDEG7AR
1796,SHOE3PFHZMH9RZGY
1797,SHOEFECFE5BHMYZA
1798,SNDEBN35NMSCC52E
1799,SNDEDNFG7ZNRNAGM
1800,SFFEHW2MKEGWVDEV
1801,SNDEDN5EEBUV9JYZ
1802,SHOEHY9DYP2HYTSZ
1803,SFFEJT5THKSESHQJ
1804,SFFEJUBUUFGT6TYA
1805,SHOEC89GW4YEXFHG
1806,SHOEGJTFGB2NEXGY
1807,SHOED8FAHTWYDVZP
1808,SHOEY7HYCTPKZXUB
1809,SNDEJRB3ZCF39NCY
1810,SHOEJNSBRQE4RGRE
1811,SHOEDTP4GJZGKCFS
1812,SHOE3EZFRNXJHVDP
1813,SNDEBKH7XHJFKG2H
1814,SHODZYPRHHQWFTF9
1815,SNDECHQMXYAEHBNH
1816,SNDECZJR6APCXEZ4
1817,SHOEHGYZGUHY8FFU
1818,SNDEAGWVFMZSWDFK
1819,SHOEYWFYAACHGWYJ
1820,SNDEAVE2U5JHRSGU
1821,SHOEAMEVQ7ZNVUJZ
1822,SHODWMHHCXTD47NQ
1823,SHOE3S9BGUAGYE5X
1824,SHOEHYEX8J32HYWR
1825,SHOEAVZPFZTFHHRP
1826,SHOEDP8UGDTCBGDR
1827,SHOE2VC3UPHYRARN
1828,SNDE9ZWFPGUPYZTK
1829,SNDEASSYEX2D4H65
1830,SHOEH4FSHEDEMVTM
1831,SHOEBYXXAZQYTHPG
1832,SHOEG8BM8ZFYGPTP
1833,SHOEGGNAJYRJEAM7
1834,SNDEDBM6YCKDKN2F
1835,SNDE6GEYSA2KAZZF
1836,SHOE7CHXSQZ2JQHD
1837,SNDECCHARYUEZVVD
1838,SHOE6KNBNJ98N78B
1839,SFFEG3FYNEASKCQK
1840,SHOE44ZFTHMTAB6C
1841,SHOE9AGSGZQNEXGD
1842,SNDEGGTVUJZ9HB2M
1843,SHOEGVQCT2ZSGUHY
1844,SHOE4HKYRFPHCJWX
1845,SHOEGSNVQN4HAGV2
1846,SNDEJTZBDGZYVGG6
1847,SHOECT3MGNKFEDEK
1848,SHOE2ZNKMZYQFQDV
1849,SNDE9ET8T6HZQKGW
1850,SFFEGW39MZHHGBEF
1851,SNDEDGMDSPZY9PCZ
1852,SHOEHYBHTYSXZJYZ
1853,SNDEHZKGKGHDFG57
1854,SNDEAK7FMEZQD9Y3
1855,SHOEGZ7FYFFSFKHY
1856,SNDEGAJFFK2KKKRF
1857,SHOEFAJ5TYC2JMCH
1858,SHOEF9G8NSYGZW8W
1859,SNDE7ZK8EPDFJKU3
1860,SFFEHVAVYGCD3HSD
1861,SHOEBYZGZ682N4K2
1862,SNDE33WXXFHJUZPD
1863,SNDEAN43TPETYTYJ
1864,SHOECGUPWQRCNAHR
1865,SHOEDZZEHQZCRHES
1866,SHODX6XFHPZUHNDX
1867,SHOEEPF8KWHTJ9A7
1868,SNDECRS4KZZZZN2A
1869,SFFE7BG5FK8KG25T
1870,SNDEJZ2JJKS6YGYZ
1871,SNDEHZPDGAZBWJTM
1872,SNDEAK7EKNJJ55UV
1873,SHOE558ZNZWGFGPF
1874,SNDE6S7NZTD7QQ7M
1875,SNDEJTNXZ6YGMZMZ
1876,SNDE62UFPXUNHGGF
1877,SHOEJWAYZBFHTGBS
1878,SNDEFDZQYAQFRFHE
1879,SHOECFAQWZSP3SS2
1880,SHOEHYEY6GJVURAS
1881,SNDECCCGM2TCHBWG
1882,SHOEH4KM2W3Z6EH5
1883,SNDEG6EFWGBCURUT
1884,SHOE2MCJC5DUUBTY
1885,SHOEYAYFZYJEK2TN
1886,SNDECMEPKYBCWJYB
1887,SNDEGFJ2GD5GWVSH
1888,SHOE68H4XCVXBAH9
1889,SHOEJCKBGJGZQJHN
1890,SFFEHBHYHYFGY63U
1891,SHODUMFYM8ZHSJBG
1892,SNDEHKGN4HC92GR3
1893,SNDE7DZGGD2JVRBN
1894,SFFEJNR6SC9V3ZQK
1895,SHOE68NHF93EP4VH
1896,SNDECHQM4CGAXJXW
1897,SHOEJKQNFKGHKDWS
1898,SNDEYFWRUAVG9HGX
1899,SNDEBDGSBAGMVRBE
1900,SHOEC89YJYEHBW2C
1901,SHOEGHEEEZETGJNZ
1902,SNDEE34XM8XB6ZEX
1903,SFFEGKYYDWTZTEQC
1904,SHODZKAZZGGBSXFD
1905,SHOEF9G8X3SG6GHX
1906,SHOE6XNZAFUF2SHZ
1907,SNDEDSCEVHNXMTKU
1908,SHOEF9G8Z4ZXF6WE
1909,SHOEYVXVYAVXACCW
1910,SHOEC9FZ7W9HTAQG
1911,SNDEHJ6ABUB763MD
1912,SHOECXPHZSFGQEZZ
1913,SHOEJRF2TEXACAKZ
1914,SFFEHK9JZTUFV3HN
1915,SHOED6K6Z3G5DCGB
1916,SHOEG9JCNHTZQESY
1917,SNDE6AKUC72HPWZF
1918,SHOECKEYFVTA6E8S
1919,SHOEC9FZZGGADEFJ
1920,SNDEJQ7Y56BXHTNM
1921,SHODRWMX6YFTNG8V
1922,SFFEG763F38URMXA
1923,SFFEH2FGABYNF47W
1924,SNDE7TAAH9FE5T99
1925,SNDEEF4THKPERDG9
1926,SNDE7UFUESQ8B3HT
1927,SHOEGHHGGDVFZEZG
1928,SNDE9GRQJQQ76ESA
1929,SNDEGFJQBJWUCSHS
1930,SHOEFAJ5M668K6ZQ
1931,SNDE8X2RJ4GBHSCN
1932,SHOE96Z9KHM4WGAA
1933,SHOECH3WZHFCVZWU
1934,SHOEJTNN3EATFHFG
1935,SHODYQDHGGG4CZPW
1936,SNDEAK7FSYH3XPM6
1937,SNDECHQMUCZFXXHZ
1938,SNDECYKYAECBGGAW
1939,SHOEBP66SBGGU9ZY
1940,SNDE2PQ45GJSGYKB
1941,SHOEBG6ZS2YREWHD
1942,SHOE5QZ2KHYSXCZR
1943,SHOE356K9ZRUHW5N
1944,SHOE7FC8SKGXN3YZ
1945,SNDEDG6HNGZDZXBV
1946,SHOEC89HYNZUDXRY
1947,SNDEDZADYMGG9PYH
1948,SHOE2FQDMSCWNPHG
1949,SHOEYB2FN5Y2FH7N
1950,SNDEDG6HF8EDVZTV
1951,SHOEAVPFUVHJJRHT
1952,SNDE85CH2PN36BUZ
1953,SNDE6VTHVHHK7KKF
1954,SHOEE3GGSRHDHGYQ
1955,SNDEAK7EXPF32JJT
1956,SNDECHZFESTFWGTA
1957,SHOE9QFGHVY9TFGH
1958,SNDEJPZMCWYT5QRW
1959,SHOEGWVEARZFYHUZ
1960,SNDE8X2SFWGEZS6Z
1961,SHOEBYWT3QBBAVXJ
1962,SNDEHYMW2V3UDM7W
1963,SHOEHXFXHX4ZCUX2
1964,SNDEBHZUXA7JDEZZ
1965,SHOEYAYFVXGSD6ES
1966,SFFEHF8EGEZHGVQ8
1967,SNDDPXG7SGBHW6AF
1968,SNDE3HY2585EXR3W
1969,SHOEYM7YWCPEYNFZ
1970,SHOEHU78QSSGMYKN
1971,SHOEJKSFUHKSZHUG
1972,SNDEAN43ZMSHVGFV
1973,SHOEBBWKYRZHMMZN
1974,SNDEHZSMAVZYGYXX
1975,SHOEGHZZ2FP7BNGU
1976,SHOEY7HYGM3ZTQZX
1977,SNDEHTGCH7GVZGZF
1978,SHOEDP7ZGYFKGWNH
1979,SNDEHWJCAYMKQGRT
1980,SNDED4G9SBG4BZY7
1981,SNDEAN42AC9BKMHR
1982,SHOE3URGYEVZ55GD
1983,SHOE56FQQKESCGUG
1984,SHOEB33YYBM4UZSX
1985,SHOE2QSWZZFSCHAJ
1986,SHOED5DC2GSMQMHU
1987,SNDE3UG82VHVW5EX
1988,SNDEBJGXWMQBH98F
1989,SHOEG52R2AKHFYHH
1990,SFFEGJZHZPYSE7YD
1991,SHOE5QZYBEWT53HQ
1992,SHOEAEWUYGC3HPFN
1993,SHOE84EAMMT8WBW9
1994,SHOEAGUMMWFABHUT
1995,SHOE6VH4NXCGQH9U
1996,SHOE794VVTGBADKW
1997,SNDE9BGFRGS9WJTV
1998,SHOE3S9B2TDHEQDU
1999,SNDE8VY9K2JGMJJZ
2000,SNDEFS7QNHMY8NG7
2001,SHOEFZFHGGMUSMDK
2002,SHOEF8NHSDK8CXTC
2003,SNDECHZ6GBPCTXXT
2004,SNDEBKWJ3ZHXQGEY
2005,SHOEC88MHGKHKJHQ
2006,SHOE8YNTDQGYYSHR
2007,SNDDWSHKNEUHQSZS
2008,SHOECJD5WVAGAJEH
2009,SNDE5PJGURDFBURG
2010,SHODKYZ9C3HHKA3J
2011,SHOE9E2PZPZFZ7BV
2012,SHOECYRFRZW9KDY2
2013,SHOEJY4FK7VKHGDS
2014,ACCE9DJYHYNMV3PT
2015,PWBEH24XHG2YBYED
2016,ACCDCMMNZWMACPQW
2017,ACCDUV7ZFXEHS3HH
2018,ACCDVHJZYPZEYNPA
2019,ACCE9DKA7GXK9MKT
2020,ACCEFMU3W9JTAHMQ
2021,OTAEG356HUUGPCTU
2022,ACCE9Y6QMPYQNCBZ
2023,ACCEFH5BQF6WMYE8
2024,ACCEFH5BNCCAZ3HG
2025,ACCE6KYGEKNVZK5W
2026,ACCEAMGZF5ZHHKJK
2027,ACCECC2G8NHGTK44
2028,MBPEEYTZMQV5SHNX
2029,ACCDVHJPFPBNPJWG
2030,ACCEAZCVS4YGWUVH
2031,ACCEGH6RNERXNQHW
2032,ACCEGMPSDVAVNFPM
2033,ACCEA4DZW8SPZG8W
2034,MBPEJMV6ADZK33SF
2035,ACCE6SJGZYJVZJZ9
2036,ACCECRF7VSPDYQKU
2037,ACCEGYP2DUKTZP9H
2038,ACCEFH5BGZHNGHBX
2039,ACCE9DJPQ29YN5JY
2040,ACCEGR4DQFCCXNH8
2041,ACCE9DJTEHXUGPCG
2042,ACCE9WVGYZSX5FG2
2043,ACCEYSQ9ZP8B9ZE8
2044,ACCE6BHRE3QKFRJJ
2045,ACCE9Z5RNSEQZHSR
2046,ACCE7XGJXH9JZG59
2047,ACCEB7BXG7FS2EHS
2048,ACCE9ZY9DEZFVYXG
2049,MPLEJEG8SDGZ4GGP
2050,ACCE9DJS9XRHM8T2
2051,ACCE9ZY9TEGEBGHP
2052,ACCDUFZGNYNJMHGY
2053,ACCECZTCGM5QTWWF
2054,SSKEJ5UHZAZVTC6H
2055,ACCDUV7ZK6CYBYTG
2056,ACCDRSJRAKAQZK2V
2057,ACCDRFVG52PHVRSK
2058,ACCE9DK43KGQXFMY
2059,ACCE2A66GHHRYZZW
2060,ACCEGWTYBXCTU25E
2061,ACCE9Z4KQXADV2KY
2062,ACCE7JHZ5J7GZQUH
2063,ACCEAC4QAWFJEFYN
2064,ACCE6P3BKHFJ5XCZ
2065,ACCE6SJGJRJB73ZR
2066,ACCEA4F3EBFDT4HX
2067,ACCE9E2RYP2JXVBY
2068,ACCEA4DZBHA7WNZK
2069,ACCEJUD92GWTPCN2
2070,ACCE6DZCGNZWZJYR
2071,ACCE6SJGW5HSKZGK
2072,ACCEGH6SPZF3AHH6
2073,ACCDVHJZTAKZGMN4
2074,ACCEA4BDCWQHDNMU
2075,ACCE6GFCDHGGMHN5
2076,ACCEB5SDSFFZZDNG
2077,ACCE9YWXVFTHQHJ2
2078,ACCEGR4KPQS9XQWB
2079,ACCEGUY72CYWXAEW
2080,ACCE9DKY84DAFFWH
2081,ACCEJNF6ZRPRFFHV
2082,ACCE8XZMZKPAJRGV
2083,ERPEGPWPBMFTQYSQ
2084,ACCDZMAQ7UHXWA9P
2085,ACCDZMAPDMFWAAH7
2086,ACCEAZCVGMG4PW37
2087,ACCE9Z2HKDMZMDAH
2088,ACCE9Y6MGZNGHGNP
2089,ACCE9DKAABPBUZTZ
2090,ACCEABW8VUK4NHQS
2091,ACCDAHV9MAHKZGZP
2092,ACCEGKFHRM4ZGYZP
2093,ACCDVHJPXWFPURJA
2094,ACCEKFVWTGZXG5XK
2095,ACCEA4CAN5YDCS6V
2096,ACCE9Y6QHUGVMMTY
2097,ACCDVHJP73AHGXS9
2098,ACCEDF7A5JEFATPG
2099,ACCE9Y6QYCMQBRMU
2100,ACCE9Y6QGXDGPUJH
2101,ACCE9Y6QSQRPCFKF
2102,ACCEAZCVPTGEGVMR
2103,ACCDVHJPTWNAWFNJ
2104,ACCEGKFG5VWCR3JG
2105,ACCE9Z2HDVTHQHVF
2106,ACCEFABMA6VHDRTY
2107,ACCDXH5EBSDJFXHR
2108,ACCE9Y6PWGPX6TPJ
2109,ACCEAZCVWMCUN6MZ
2110,ACCE9Y6QEZH2U5BN
2111,ACCE9Y6QCYTYZV3S
2112,ACCE6SJGHMB4T4WZ
2113,ACCECNDZE4GSJPMV
2114,ACCE7JHZMA2KSPC2
2115,ACCE2MAACQGGCZHS
2116,ACCE6GFEGKV3AXCG
2117,ACCEDTNRADHZ35UD
2118,ACCE9DJRHGN5TDZM
2119,ACCE9DJNFUNKKWZZ
2120,ACCE6GFGHGCX46VF
2121,ACCE9Y6QMFM6FF8M
2122,ACCEAHRFFH3S7HFF
2123,ACCEGKFGE9EGBSBZ
2124,ACCE9YGG3X5HNMRQ
2125,ACCED9SYZRBJTZYP
2126,ACCEC87TREZYJJPE
2127,ACCEFH5CKGYGMMNH
2128,ACCE6SJGGXPUXDGJ
2129,ACCEBVT585S73BEW
2130,ACCE6SJGGZHTGHKN
2131,ACCECMYMWEKHADVG
2132,ACCE9WVGMFMTASR2
2133,ACCDVHJPEVANMBVC
2134,ACCEFYBA2PKGHQAB
2135,ACCDUV7ZMDFYCEKD
2136,ACCDUV7ZGSAHDAMB
2137,ACCEAZCVABRA3MXR
2138,ACCEA4DZQGWAG8SJ
2139,ACCDUFZGPZPYYWDT
2140,ACCE9YWXSSSVBKAC
2141,ACCEF7Y8FWFQZZZG
2142,ACCEAZCVJZFACTYS
2143,ACCE9Z5US7JYNUPB
2144,ACCEDV26ZN5K4GDN
2145,ACCEGW4XAYHJNZEA
2146,ACCE4HJZJYY9TWVF
2147,ACCE9Y6M2JWF5CYX
2148,ACCE5Y8WYHZFUASN
2149,ACCE9Y6PCTFY6NZP
2150,MBPEJMV8TZQRBF9N
2151,ACCEDQPJNCJARHVX
2152,ACCE9DK5H6H8K4ET
2153,ACCE6SJGEMKYUYZN
2154,ACCEGKFCXHZZH44S
2155,ACCEBJBHE7HH67XN
2156,ACCE9DJKRYYFFZHU
2157,ACCECZPPPBXPD5HJ
2158,ACCE9DKAHZBAEQUG
2159,ACCE9WVGPZPZHYZC
2160,ACCE2FY3GZZMWYGW
2161,ACCE6GFCQGEX4CDA
2162,ACCECNDZZGZHBUYC
2163,ACCEFH5CHPBYVZTC
2164,ACCDSWHWFDAK95ZT
2165,ACCECA55HRCW6W8K
2166,ACCDZMAPSWMFTCTR
2167,ACCE6P3CAUF6GFEW
2168,ACCE6SJGHMWAGSMP
2169,ACCEGRYUMK6MDDX2
2170,ACCEDHZCASMFY9RR
2171,ACCDRSJRXVUNDCBC
2172,ACCEDGBH5D5HBCBH
2173,ACCECR3MKTJYYG7B
2174,ACCEHZF95ZRCKACD
2175,ACCEGUY9XYXUMRDA
2176,ACCEFH5CTKTYBFJH
2177,ACCEAZCVWSQFGFSK
2178,ACCEAZCVKBUXGJHY
2179,ACCE9Y6MTDAAGNFH
2180,ACCE9Y6VXWTFBXNS
2181,ACCE7MAU5WRZ4VCQ
2182,ACCDX7XCTDN3EHF6
2183,ACCE5K5HXZHYJAHF
2184,ACCDXB99ZN5K9GXM
2185,ACCEA9K5ZCDNRGXN
2186,ACCE9Y6Q2ENGYXWY
2187,ACCDXB99QHDWGPCP
2188,ACCEGJPRSJTAGYKV
2189,ACCE9Y6R3QSTFYEF
2190,ACCE6SJGYPXKWVX7
2191,ACCE9DJK2JSMNZGZ
2192,ACCDVHJZGWBVPQHZ
2193,ACCEABW8QWGJANDU
2194,ACCE8XZMAHNC8JVS
2195,ACCDXFAMJSGUGTZQ
2196,ACCEGNT9BYZVJANY
2197,ACCE9Y6RPGPSZNB3
2198,ACCEDSKGPSQFT79Y
2199,OTAEJZF5RKHJX6HG
2200,ACCDCJ8AZJHY2PGF
2201,ACCE6GFG5GUDHRJE
2202,ACCDXFAJ8NGKEQ5A
2203,ACCECZTBN76ZFNZC
2204,ACCDXFA5QFCZZ4WZ
2205,ACCDUV7ZQJRDRS8G
2206,ACCEA4CAGEJMVCXH
2207,ACCE9Y6M3WPVUFVZ
2208,ACCEEV5VN3XFH8CH
2209,ACCE5Y8G3TUZPK3C
2210,ACCEE54QE6Q2XVZA
2211,ACCEAZCVGHVNJ5YX
2212,ACCDVHJPSYXDRQZZ
2213,ACCEAZCVTGP3N4TW
2214,ACCE9DK5ZQPQGVDV
2215,ACCEKFVWGNASHCFK
2216,ACCE9Z2HZGGRUYBE
2217,ACCE9Y6Q7RNYXPQT
2218,ACCE9DJVVZT4X8ZB
2219,OTAEHTCEMXR3FVVF
2220,ACCE9DJVMATEHFC5
2221,ACCE9Y6WGSQ3KQWN
2222,ACCEGH6SHJECW8UG
2223,ACCE59YXYNSCHX6J
2224,ACCE9DJHFS9AQNFH
2225,ACCE9YGG4HDH4GZZ
2226,ACCE9DJUGTGPS7HH
2227,ACCE9Y6MF8HWAQ6N
2228,ACCE9Z5RPDN3SC6G
2229,ACCE6SJGP7FDHZQG
2230,ACCE9Y6QEZNRJ5A7
2231,ACCE9Z2HHQYKCUF9
2232,ACCE6GFCFGMQV8PG
2233,CGPEGQYHCJABVGHZ
2234,ACCE6GFE64ZBRT3Z
2235,ACCEJGYYYCGETMGA
2236,ACCEJWHTY2HVMG7Z
2237,ACCDUV7ZYXGM4FX3
2238,ACCDXF9HT5SHRYYE
2239,ACCE9Y6RCNP4RQ2M
2240,ACCE6GFCZGDZFBWA
2241,ACCE9Y6QHSHZ6NWK
2242,ACCE9DK68KUGBEHB
2243,ACCE9Z5U2CQZJKTY
2244,ACCEEV5VVP97HRTR
2245,ACCEA4BDBHVSGNWE
2246,ACCE9DJWDCSGHUXC
2247,ACCE6GFE3WMUHRB2
2248,ACCE9ZVFRF5VPGYH
2249,ACCDVHJZHFJHGFHQ
2250,ACCEAHRFHPRZYETJ
2251,ACCE9Y6M4HQRGEEQ
2252,ACCE5Y8GR7YP7WVT
2253,ACCEEAMDYVBMZHYV
2254,ACCEBAGFSNSGQMPP
2255,ACCEFH5BCCEAPJEK
2256,ACCE6GFFTFNHMPNX
2257,ACCE9Y6QSQRMZ8R7
2258,ACCE9Y6MK7Q8GYKY
2259,ACCEEEWGHE9JGKQE
2260,ACCE7VEFCM6ZZAYB
2261,ACCEGYSC7S7HARGB
2262,ACCEA4CANABEGP24
2263,ACCEGQY5WKZGDDZD
2264,ACCE9Y6QQQS2NGTE
2265,ACCE9DJR98NQFY6K
2266,ACCEAZCVKCFSN4Z8
2267,ACCE9YWE8SCZKEJ9
2268,ACCEDUUFVGNTC7ZW
2269,ACCE9Z4KZHFVAQNC
2270,ACCEGPC9DA8TGRYY
2271,ACCE3YFF2ERBY5ZV
2272,ACCEA4CAZNNRMUMX
2273,ACCE6QH4UHRE7WHQ
2274,ACCEAZCVDZH4YF57
2275,ACCDUV7ZVBA7CHWX
2276,ACCE9Y6QYFJMK8SV
2277,OTAEHTCDUMGYDGPU
2278,ACCEE4WYPG4CKS9A
2279,ACCDZMAPZGGNRWZ8
2280,ACCE6SJGWCZHWNAF
2281,ACCE5K5HMGMMYCHH
2282,ACCE9Y6RZEYH5Z5K
2283,ACCEFH5CHENGARHH
2284,ACCE9Y6VN5ERHYKW
2285,ACCE9WVGV8H86JSH
2286,ACCE9DJNFJJQFZCJ
2287,ACCDQJYMJJ5CF8ZY
2288,ACCEE4VZYMVGUFNH
2289,ACCE3YFFWB4HHHG2
2290,ACCE7HRXZBTSZCZP
2291,ACCE8XZM3YGBZ6BZ
2292,ACCE6SJGQJJGENVK
2293,ACCDVHJPGY29SYGW
2294,ACCE9ZY9SMY2NEB4
2295,ACCEGRYDNFGBF5UE
2296,ACCEFYBAYY7HPBGH
2297,ACCEDHZESFFHCKTG
2298,ACCE9YGGCDWRRXGF
2299,ACCEGH6QGCGAZBFZ
2300,ACCE8WJTEJRYFQEG
2301,ACCEDQ5CYXS7E7HZ
2302,ACCEAZCVU9RPHNFG
2303,ACCE9Y6MSXARQKHR
2304,ACCE6GFEQDTMBBXW
2305,ACCDUV7Z2FV2ZQ8Q
2306,ACCDUV7ZHCMKUSCD
2307,ACCE99CUN85W8QHE
2308,ACCEAC4QMHUXBHQY
2309,ACCEAMGZRRYVAHDC
2310,ACCE9DK5EHZRUXCN
2311,ACCEAC4Q4BQFYCNE
2312,ACCE9Z5RPQY4GEXZ
2313,ACCE9Y6QHXJR8K4H
2314,ACCE8XZMDKTAZBAH
2315,ACCE6GFCTWXEMZJM
2316,ACCE9Y6VBXCVGMTP
2317,ACCEA4BDSGXTU39X
2318,ACCEGJMYVUYRRFGW
2319,ACCE9Z2HBBAUXRXE
2320,ACCEGKDGVZWHYV5H
2321,ACCEGUYANPHVDGNK
2322,ACCEBWRHKPQCGJNF
2323,ACCDXH5G5BB2BGUA
2324,ACCDCYB8NCGPEYEU
2325,ACCE9ZY9ZTCKN2HN
2326,ACCE9DJU5ZZPJDFW
2327,ACCECR3NJWYETKGC
2328,ACCEA4DZHTPWDPFB
2329,ACCE9Z5RUADP3CPZ
2330,ACCE9DJTN3JAJEHK
2331,ACCE2A66ZZTSN6UU
2332,ACCE8ZY8JUNZHSHW
2333,ACCDVHJPWWHAZHTC
2334,ACCE6RHG47DESW3Q
2335,ACCDSB6EJXB8B9GG
2336,ACCEFH5B4KSP8GCP
2337,ACCDZMAPAMKZRVMD
2338,ACCEAHRFFKPGUGGX
2339,ACCEGYCGPKC3MNY3
2340,ACCDXZK5H9WPZ84Q
2341,ACCE9Y6WGHYMA4PW
2342,ACCEGZ8EWQ7RMZTZ
2343,ACCDXH5JWYYPBBGC
2344,ACCDVHJPWYDRAG5B
2345,ACCDVHJPFNVAZVVR
2346,ACCEE76CRD8G6MNH
2347,ACCE6GFE3ZBKXJG9
2348,ACCE9Y6QZYJ5SUPZ
2349,ACCEFH5B8BZBWGD5
2350,ACCDXF9UAE73HDKX
2351,ACCE9DKA5SSKGKTS
2352,ACCE6GFCY8HKUA89
2353,ACCEAZCVVFPBJAGB
2354,ACCE4NR3ZTDM2UZX
2355,ACCEGUY9JUCX2SGP
2356,ACCEB7CEK5ZGJGTN
2357,ACCEAHRF2C8HJ3PH
2358,ACCEGKXQH5DAPEES
2359,ACCE9DJZZBFBGZBZ
2360,ACCEB7D4GWPD79ZG
2361,ACCE6GFGYHEW7YRU
2362,ACCE8XZMBCKRGRVS
2363,ACCE8XZMD6J8HBY3
2364,ACCE9Y6MZX5ZYYGF
2365,ACCE6DZCN3VN5ZSN
2366,ACCE9Z5VNECKSHFE
2367,ACCE5QD4BPW5FJC6
2368,ACCE9Z4HZHMZNSGK
2369,ACCEYWF8SHVQDXP4
2370,ACCDVHJP2BA7BWFG
2371,ACCDUFZGTEBTHVZ7
2372,ACCDXB99KXMDEEFQ
2373,ACCDVHJZVETHWJAE
2374,ACCEF2R7ZWEDG674
2375,ACCECZPPZFGBTRUG
2376,ACCE54YZ3PUHU2RM
2377,ACCEAZCVPD9H3UST
2378,ACCE8XZMKHTPSVFW
2379,ACCE9Z2HKHDGH7JY
2380,ACCEA4DZW4GZ3J6Q
2381,ACCECA554ZHRTYAG
2382,ACCEE82ZMAGZQWG2
2383,ACCE9Y6QSTDPGGSD
2384,ECOEFYFBUZZS8JT8
2385,ACCEGR4ZHHMWSMFM
2386,ACCE9DK8PTG6DQRS
2387,ACCEAMGZMAXHG3M5
2388,ACCDVHJPFGRGYSYZ
2389,ACCDXFAGYWTHWYGT
2390,ACCE22EDPNEBU5XC
2391,ECOEH3DPYUSTWUE6
2392,ECOEFYFB5YZHCAVN
2393,ACCE2FY3V6YV7ZTK
2394,ACCDUV7Y3TYPAT25
2395,ACCEAZCV3HFDYAHT
2396,ACCE4WJKQGGVYGT4
2397,ACCED9SYSVAU9FRG
2398,ACCEAHRFVZCK8T8H
2399,ACCE6GFCFEUGCKH9
2400,PWBEGG7AMQ6UGNZW
2401,ACCE4YC4KH8TXAGM
2402,ACCEKFVWCGHSY6NF
2403,ACCDUV7ZHP6MUVQV
2404,ACCEGKFEZFBG3DZW
2405,ACCE9Z5RCNTPHPCQ
2406,ACCE9DJUZ4VRYVK7
2407,ACCEAZCVNKDCDDRU
2408,ACCDVHJZZSQZGGVA
2409,ACCE9DJXGJKWFVEH
2410,ACCE6GFHKFQW3KCE
2411,ACCE9Z2HBDWY8S9N
2412,ACCEA4BDAQMTG8XG
2413,ACCDXH5JGXMTZFTZ
2414,ACCE9Z2HZGKABQ3Z
2415,ACCE7GPZB3AZCFJZ
2416,ACCE9Y6R2Z5Z8GFG
2417,ACCE5DAA9KBP7XMS
2418,ACCDYHPHP4EHDHYC
2419,ACCEEV5V5ERYC6RN
2420,ACCE9Y6RPMZFHQQF
2421,ACCDZMAZ8XHR482E
2422,ACCE9Y6QVZJFRWWA
2423,ACCE9Y6R2GZD5ZGC
2424,ACCEGH6RHZMYYWPQ
2425,ACCEJUD9N6DGTZ9V
2426,ACCDVHJPHS9KUH2A
2427,ACCEA4C9TASBZ9F7
2428,ACCE9DJXJKYTP7UF
2429,ECOEFYFBWG4BHPWZ
2430,ACCDUV7ZHXVZU5NG
2431,ACCEFH5BAPFJEZJD
2432,ACCEJWHSGXGRWPKN
2433,ACCEA4CAW3E3ETWG
2434,ACCEGYP2ZNGRUETZ
2435,ACCE9Z5RZR68MGQV
2436,ACCE6GFC6ZEZTSXZ
2437,ACCE9DK6KMVM5PRD
2438,ACCEGNVAB72PPVYN
2439,ACCEDD2QZTSXUA74
2440,ACCE9DKFF4UDMWC5
2441,ACCDVHJPNVYVPXEV
2442,ACCE9Z4KEMZTUKZP
2443,ACCE6GFCZKHUMTD4
2444,ACCE6RHSYPAB8TBH
2445,ACCE9ZY9CYAGFPK3
2446,ACCEBYWYDYHDZYDK
2447,ACCE9DJT7UUZGMNB
2448,ACCEYGZVZRV2HXNM
2449,MPLEGFCMFT7NH7H3
2450,ACCE9ZY9SMMBMYC3
2451,ACCE9DKFNEBH7AUG
2452,ACCEB79YTY3B8S9V
2453,ACCE996SS4RVW4ZG
2454,ACCE66FE7EG4QH7P
2455,ACCE9Y6PZPNFM3C3
2456,ACCE6SJGHNUGZWVH
2457,ACCED55XRZT9N2HH
2458,ACCEGPCZHTGQCH4S
2459,ACCE6GFCGXJJX4RZ
2460,ACCE9YGGBG5JEJKZ
2461,ACCEGNYUMARHZWGW
2462,ACCE9Y6WGGTJWWZY
2463,ACCE45UGGC7GVAVG
2464,CRTECN2QVSZP8JDW
2465,CRTECN2QT988EFGM
2466,CSKEG2PJK4WVGDCT
2467,CRTECN2QXWZTD2RB
2468,CRTECN2QXRHY9NAY
2469,CSOEGTPQFMB65EUG
2470,SUDEGGB5XKHZ8YRV
2471,CRTECN2QZGUQPR93
2472,CRTECN2QSHETEZRE
2473,BLKEBEUNFFPSFKHE
2474,AVCEJ3CZ7GPK4XSJ
2475,CRTECN2QVWMACTQ2
2476,CSREGVMGRHSGNYRE
2477,CRTECN2QYMHJKQ3G
2478,CRTECN2QZFEYWTMM
2479,CRTECN2QYDGMPMFF
2480,CRTECN2QSDV5BZ8T
2481,CRTECN2QZK6STGYV
2482,ACCE8DY6GCGZSNYJ
2483,CRTECN2QXMDCFAGM
2484,CRTECN2QWSVZAX9V
2485,CTTEH9FXZHGFKUA3
2486,CRTEA7HAXMYFVGXX
2487,ACCE9EYRRNZYZUBG
2488,CRTECN2QVPYHYVF5
2489,CRTECN2QS6EBXAGP
2490,VAREGHJHAYZH3DEE
2491,CRTECN2QZ8CWZEFZ
2492,CRTECN2QUFMQFXSR
2493,VHREB3NZD9YGJ2JD
2494,CRTECUWZC4AEEVTQ
2495,CRTECN2QUGVQGSCG
2496,CRTECN2QZFP2GCCK
2497,CRTECN2QWHUYBAQZ
2498,CDBECMHBGTVV5XAQ
2499,SUDEGVG6YTPMYPU4
2500,CRTECN2QXUBGMWSE
2501,CRTECN2QSN7HAXRJ
2502,TWTEHH2BCWXHVTHF
2503,CRTECN2QZ8T7W8B5
2504,CRTECN2QVQQNZMRW
2505,CRTECN2QSEPYCPAB
2506,CRTECN2QV7UF7NXV
2507,CRTECN2QT6ZMHHHH
2508,SUDEGGATDVCMWGGH
2509,TWTEHH2BXEHVZD7E
2510,CRTECN2QSYVZPU4B
2511,CSOE88UGPBWS3GH7
2512,TWCEBZZUUZS54TFU
2513,TWCEAXCCYCES4JYC
2514,CRTECN2QVES5SGVH
2515,CRTEA7HAPG9RZMQD
2516,TWCEJFXHMSCXWE9J
2517,CRTECN2QUPXANVU9
2518,VHREB3ZYGJREKQDW
2519,CRTECN2QVHHZ5THC
2520,SUDEGGAU7XR6PG2K
2521,HLMEJMBMUCEYKEFN
2522,SUDEHYGVYJBUNY3A
2523,SUDEHYGUJ4G4CVKY
2524,CRTECN2QY9DJX5HV
2525,CRTECN2QUBGAGPCK
2526,CRTEJUA36GHKGQEY
2527,CWLEG69T7RRKTZNR
2528,CRTECN2QZNWFT9PT
2529,CRTECN2QWTSFHZ25
2530,CRTECN2QWDMVUA7T
2531,CRTEA7HA7X3CW7YQ
2532,CRTECN2QYG6SNGZE
2533,CRTECN2QUZBANWHU
2534,CRTEB774NHSDW3DV
2535,CRTECN2QWPZM7GRF
2536,CRTECN2QZZHZH8H3
2537,CRTECN2QW9FYDQFY
2538,HBAEGEXDPZQKRDUH
2539,ACCE5H2YFHX6HFTU
2540,CRTECN2QZ5BPGNFM
2541,COVEJVF7ENJZTYCJ
2542,SUDEHYGUU99UH5PJ
2543,AVCEGCGPHGNPDZNW
2544,GRKEG679TVS7CSPA
2545,AVCEGCGPZF3ANNUZ
2546,CTTEGF8YF2TCTHYV
2547,CRTECN2QWWAZZX58
2548,VTEEBGHKZAMGQAHN
2549,SUDEGGB2FP67XG6K
2550,CRTECN2QXHGGKHWV
2551,TWCEAXCCNPYAJUZZ
2552,CRTECN2QZZTXU2FZ
2553,CRTECN2QVNAWZZHZ
2554,CRTECN2QZMHEU2J3
2555,VHREAFYHWMX6CHG7
2556,ALSEHB97RZGCAHPV
2557,CWIEGKPGR69BBHZ8
2558,BKAEGFWZBRPSZKGG
2559,VHRE8YHUHAYGJZ2Y
2560,CRTECN2QWVXB3XQZ
2561,CRTECN2QTXCGYGNC
2562,CRTECN2QUTVCTHHS
2563,TWCEJFXHGJDZAXVT
2564,VLBEGG5HV258XEHM
2565,CRTEA7HABNRWRZSV
2566,CRTECN2QZWHEJRGA
2567,SUDEGGAVHGYEQJAH
2568,CRTECN2QTUGVFTJ8
2569,CRTECN2QYGGUZ9HW
2570,CRTECN2QV2PZUHXS
2571,VHREBBHBK6KSZC6N
2572,BHGEGTATJCEZRGM2
2573,CRTECN2QSVZAXMVG
2574,BHGEGTAVWRZQTU6T
2575,CRTEHSSCVTZ3DB72
2576,SUDEGGB5GCHTY53K
2577,CDBECKGD48GHQNQK
2578,CRTECN2RRRSAH7JT
2579,CRTECN2QVMFZFNGC
2580,CRTECN2QYCUNFSZE
2581,CDBECAF9HMV66ZZ8
2582,VLBEGFFDCSSZXNJ3
2583,VMREGZPQYTYQWGHK
2584,CRTECN2QZD4WXYG8
2585,VHREA2YHV47FAKF5
2586,ACCE6FZPTNC3UGSG
2587,CTTEH9FXG97MNGFZ
2588,CRTECN2QVV7UJQNH
2589,ACCE8WYMVWNXBBAH
2590,CRTECN2QUCSMF4SX
2591,CRTEB774RSGGQZ9U
2592,CRTECN2R5JRYASA4
2593,CRTECN2QT4YABNGQ
2594,VLBEJKMQNYGFDJWN
2595,CSOE94WXZHYY9AYH
2596,AVCEGCNVZJHWXBMT
2597,VHRE4ZNGMPBTHHZN
2598,VILEG953CTBDSRM5
2599,CRTECN2QYZ9YX3JR
2600,TWCEJFXHJGGJNHAV
2601,CRTECN2QX4FC2UAC
2602,CRTECN2QYMZVFQMR
2603,SUDEHYGUWDBVFRMH
2604,SUDEGVG6PJKDGW2Z
2605,SUDEHYGUD6ZMX9AU
2606,VSKEC9SFEQVKCWVG
2607,CRTECN2QY8X3MMJ5
2608,CRTECN2QYGAGSCUU
2609,CRTECN2QTXQGCGBG
2610,CRTEB774ZFD3FGHQ
2611,CRTECN2QYSAMMGRW
2612,HBAEGEXDDGSHZRB4
2613,CCVEFV4XN2TQDQJZ
2614,CRTECN2QUHGUJNDZ
2615,AVCEFURSJBG924HG
2616,SUDEGGATXD4BMC2G
2617,CRTECN2QZTEAZZ5C
2618,CRTECN2QV6QBDUNB
2619,ACCEF8CZKFEXZKFM
2620,CRTECN2QXKXTKNRF
2621,CRTECN2QYTQNTVFH
2622,CRTECN2QVBDPEQQ2
2623,TWCEJFXHKFKVGPV7
2624,CRTECN2QVAZYUD83
2625,CRTECUWZ8GPZMZYY
2626,CRTEA7HAQYWGJJQ3
2627,CRTECN2QUCRGWXHP
2628,VMREGZPQM6DNNVFB
2629,CRTECYY4ZHUZ6HNT
2630,AVCEJ3CZHKUG7WKR
2631,CRTE92XDANPCQTHQ
2632,VLBEHHWFMGCMEM4K
2633,CDBE8Q7N27HQHMPG
2634,CDBEAFWE9TJEUYUQ
2635,CRTECN2QXQGJ7JZD
2636,CTTEH9FYJFQMB8M9
2637,BKAEGFX2ZAQTSRMD
2638,CRTECN2QV9AZBYNG
2639,CRTECYY4HJPQG9Z4
2640,CRTECN2QWTEBGJAJ
2641,TWCEAXCC3XYD6GPP
2642,CRTECN2QVUET9PQ8
2643,ACCE87C2Q7Y7YARB
2644,VHREHEPTFFEFZFYE
2645,CRTECN2QYJGSFZMP
2646,CRTECN2RQKJZ58GG
2647,CCVEG4ENZJCWD3C6
2648,BHGEGTAVKNNCPUGG
2649,CRTECN2QZH9J6EHK
2650,CTTEH9FUMMZYPKW9
2651,CRTECN2QXCYG6CUA
2652,HLKEEAPBPJZQ5NVC
2653,CRTECN2QYTPHK5YQ
2654,HLKEF8JMZ4RKJTPF
2655,SUDEGGATYHBGUFTF
2656,CRTECN2QZCEGWXEH
2657,VHREB3ZYZAUDNXZF
2658,CRTECN2QWVFTBZZS
2659,CRTECN2QYG5PEBZC
2660,CRTEB774JMYWBRMV
2661,TWTEHH2B5SJAKDBD
2662,CSOE2V29ZTH5A3QU
2663,CRTECN2RZRH6FTYZ
2664,ACCEA4DRT4BEY7TK
2665,SUDEGVFZUHWSGM6M
2666,SUDEHYGUHD7GX9H6
2667,HBAEGEXCYWV4CCEV
2668,VHREB3NZAWHG8CTF
2669,VAREGHJHAH6GXVVF
2670,CRTECN2QWRACCVZW
2671,CRTEA7HAATHHK6EA
2672,CRTECN2QYZXQGFHE
2673,CRTECN2QYFYRSXTH
2674,BKAEGFWZ2GQBFZYH
2675,CRTECN2QWA68UMF7
2676,TWCEJFXHGDSG5XZV
2677,CRTECN2QSUHUEZZD
2678,CDBECTRVD8H3ZG4N
2679,VLBEGG5ZMDBMCWMF
2680,VLBEJKMQ9QZS8ZXH
2681,CRTECN2QWAGCHYGC
2682,VMREGZPQ9RQHZ2YN
2683,ACCEAY5YHCXTV8XR
2684,VHREB3NZKU68PRVB
2685,CRTECN2QZZJNSHRZ
2686,CRTECN2QXYAX58QU
2687,CRTECN2QTNHHPAZ5
2688,CRTECN2QSGWBHY9F
2689,VHRE4VJVSUAT3PS2
2690,CRTECN2QS6ZFWPEY
2691,CSKEH3JPCEGTMZFP
2692,SUDEGGB473ACY9MF
2693,CGCEG28UCFAFNXBH
2694,FLUEGKG29CTAHMYC
2695,CRTECN2QZ7HCCY8G
2696,VHREBSMGB5G8YCPU
2697,ACCDQGVSDZ92ZWGW
2698,SUDEGGB4WFMMA3BX
2699,VAREJGRDFHF3QNRK
2700,CAIEGP4YSZ4GNUV4
2701,CRTEA7HAFUMPQNHJ
2702,SUDEHYGUSSZGDBRQ
2703,SUDEHYGUMT6UGYAR
2704,CRTECN2QVDE3BWFH
2705,SUDEGGATGYXA9YBC
2706,CRTECN2QUYTHVFJM
2707,TWCEA96ED9EZN9UW
2708,CGCEG9PPNBHZUESR
2709,CRTECN2QZ97PHXN9
2710,CRTECN2QYGBAQWZ3
2711,CRTECUWZDJRHRFNK
2712,CRTECN2QUSDGM2UT
2713,CRTECN2QUAMRBWUE
2714,CRTECN2QUZSRCEN4
2715,SUDEGVG2XUU2ABG5
2716,CRTECN2QS6YHKQ3G
2717,CRTECN2QSNJJDVRM
2718,CRTECN2QSXEHJHR5
2719,CRTECN2QZFNFMRNG
2720,CRTECN2QUHGCHPEB
2721,CRTECN2QWKHRNPTF
2722,CRTECN2QVZZS3FER
2723,CRTECN2QWWFMWSJD
2724,CRTECN2QSAF6BKNC
2725,VMREGZPQVBXT7HFR
2726,CRTECN2QZXFVEPGG
2727,CCVE6FQUJHNHQVNQ
2728,CRTEB774SCZXFHBY
2729,CRTEHSSCJK4PDGHP
2730,CRTECN2QZVEY2YUK
2731,CRTECN2QTBFPEZWQ
2732,CRTECN2RQTBXZCNG
2733,VHREB3ZY4FDJGJ5E
2734,CRTECN2QUFVCKWYA
2735,CRTECN2QSUGUWEJM
2736,SUDEGGATV7QB9GV9
2737,CRTECN2QYYWUXHRP
2738,VHREBBHBKGWZHYF7
2739,CRTECN2QYJDGSWPA
2740,CRTECN2RGCYZVWF3
2741,GRKEG4UVAZTGYWRB
2742,CRTE4DY4YV6KZCSK
2743,CRTECN2QX928WWVE
2744,CRTEJUA2EZVNMX8B
2745,CRTECN2QYJVTVEH9
2746,CRTE8389HNP2UHPT
2747,CRTECN2QUHHJZNY8
2748,CRTECN2QXUGAJF8Y
2749,CRTECN2QTH6YPGYF
2750,CRTEHSS9CHAE2BZZ
2751,CRTECN2QXRSMGFP5
2752,VHREBSMGYYUBVHHF
2753,CRTECN2QZ6S5X2QN
2754,VHREB3ZYKEFGHVV6
2755,CRTECN2QVJBRMHRN
2756,CCVEFV4RRNH9FAHH
2757,CRTECN2QUCNBTHBF
2758,HBAEF6G94958PFCM
2759,CRTECN2QVQSG3VFW
2760,VMREGZPQPHUZCEQE
2761,AIREJ3SFZNZ5RHRZ
2762,CRTECN2RH6EVCARZ
2763,ACCEBEZZEQZ3SSAZ
2764,BHGEGTAU2KVDHXXJ
2765,CPWEJVVPKWJCQV7T
2766,VLBEGFFDP9H6WG2T
2767,CRTEJUA3CYHVYNHD
2768,CRTECN2QSGYM2NU4
2769,CRTECN2QVFHNA9J8
2770,ACCE8C3YU6JDREMH
2771,CRTECN2QSGBHXGMN
2772,SUDEGGAUR7EGNEQ6
2773,GRKEG4UV5AHURTPN
2774,CRTEA7HAEXGZ7HNU
2775,CRTECN2QZBJCYUKR
2776,CRTECN2QZ7DHY6GV
2777,AVCEJ4W3KFNZ2SGN
2778,VMREGZPQFRYKVGZT
2779,CRTECN2RDAKXQHYH
2780,CRTECN2QVB5MFPF8
2781,ACCE6J23PMCFS9ST
2782,TWCEGVM9UGQCHHYP
2783,CWRE4ZUHAEQGSMGH
2784,VAREGHJHYJQYYJKA
2785,CRTECN2QZZ9WFURB
2786,CRTECN2QWCYT99YB
2787,CTTEH9FXP5DHZWF7
2788,CRTECN2QZJZTTSAS
2789,VAREGUMXHVBZYZ7K
2790,CRTECN2QZBYREFGP
2791,CRTECN2QUT9HQH2T
2792,ACCE5H2YP2AA6RWX
2793,CRTECN2QT5HKHZ8F
2794,CRTECN2QZWN42H2A
2795,VMREGZPQ8HBZPXQ3
2796,VHREB3ZYGQYX5KHF
2797,CRTECN2QVCCD9PHT
2798,CRTE8389ZZJS6W9E
2799,VMREGZPQEQ3FX7JZ
2800,CRTECN2QVTFGBGZR
2801,VWCEGYW3YTRFUT8B
2802,CRTECN2QZCGZSGK8
2803,SUDEJFBRVYEUZUDH
2804,CRTE8ZZWHBBQ736Q
2805,FLUEGKG2K93HY9TC
2806,BHGEJQY4GJ9PEZX5
2807,CRTECN2QU6HG98UZ
2808,CRTECN2QTARWPXSU
2809,VMREGZPQRRHHGHTF
2810,CRTEA7HAHHRNYZEY
2811,CRTECN2QTVFBZGYM
2812,CRTECN2QX3VH7RD5
2813,VLBEGFFENZPXGYPG
2814,CRTECN2QXFVVG5ET
2815,ACCEA66TZQRT23RN
2816,VHREBBHBPXHHHPYE
2817,CRTECN2QZCEEGDZN
2818,HLKEF8KGAV9MMKVY
2819,CRTECN2QYXNQ52NN
2820,CRTECN2QZZF7VZMM
2821,VHREADGKUAXTFNFG
2822,VSBEGBH8YSKZ7AGY
2823,CRTECN2QZ8AAVTRS
2824,CRTECN2QZUD25VFN
2825,CRTECN2QYZYQPHUH
2826,CRTECN2QS6UTHZJG
2827,CRTECN2QYZCRHWD5
2828,CRTECN2QXZUFSGHZ
2829,CRTECN2R778GQBCY
2830,ACCE8XUCYRB9ATHZ
2831,BHGEGTATYZ2VKAHF
2832,CRTECN2RQJGXB54U
2833,CDBECTRVCYQQZFDR
2834,CRTECN2QUPEM5TEE
2835,SUDEHYGVUAJZFGYK
2836,CRTECN2QU9FYCMKU
2837,CRTECN2QXBKG9MZF
2838,CRTECN2QTGFWHYBY
2839,VMREGZPQ5ZKCSUDH
2840,CRTECN2QWFYBKKJZ
2841,CRTECN2QZNJG3SGV
2842,CRTECN2QXQK3RMVY
2843,CRTECN2QUHW9VFFT
2844,CCVE3Q2TBZRQYZSZ
2845,CRTECN2QYK2R2PUS
2846,ACCE8VP6PZDUEYGP
2847,SUDEGVGYPKQSBP8T
2848,SUDEGGB4EZEJ7ZPV
2849,CRTECN2QZJSZBWGH
2850,CRTECN2QYNCSMYNX
2851,CRTEA7HASSJUVUUV
2852,VMREGZPQQR7QURFF
2853,CRTECN2QYC2EM7ZR
2854,CRTECN2QXMRMSVSN
2855,CRTECN2QSVPFJZTD
2856,CRTECN2QSZFWPZFY
2857,CRTECN2QSSHFDJS5
2858,VWCEGYQ4FSFHGEXB
2859,CRTECN2QZSPZDNAR
2860,CRTECN2QXXNYW7QY
2861,SUDEHYGU4GE9UCXJ
2862,CRTECN2QZVUWVHZZ
2863,CRTECN2QYATYF94A
2864,RCLECHVGMEGUDCYU
2865,STIEYZ5TZZNHGHAB
2866,KHREH26Z6GEDTYYH
2867,WCKE2TFYGZYGYU4E
2868,SHIEA4AH26DDUBJN
2869,SHIEB657EFEYYGWE
2870,SHIEBZB4U7BKYJTU
2871,PTGE9A8S8HXQFFFV
2872,LTNEHQSP479D2F8K
2873,STIEGGHFHXMJQZBG
2874,STIEEHYKFSCTYDYT
2875,SHIE7EUKZA97SQMQ
2876,TLPEGUHRNHVKZX4X
2877,RCLEYW4QPRG4DMJU
2878,SHIE9Y8XB8UPYHKS
2879,SHIECGQ7FMHSYNR6
2880,HKHE5QUYGQAWURCP
2881,BNGEB467ZXZZ4HWS
2882,STIE6JA56ZUYQH8B
2883,SHIEHZRCHVFEEVMR
2884,STIEYZ5TZG9N32H6
2885,SHIED9YEH65NSA8N
2886,POSEJUA75X5VGPAJ
2887,SHIEDJR9RF8WTDZZ
2888,STIEYZ5YZHXWZ5FJ
2889,STIEYZ5TQEGTNAUD
2890,DEPEDCAGCGGUWYGV
2891,SHIE8SPVGMNK5NFG
2892,PTGEGUZQKVZSWNXY
2893,WCKE26PFMUP4EDAA
2894,SHIE3FHYZYD3JHQD
2895,SHIED78RWUCDPFRH
2896,VASEJQS2A8HYMPBB
2897,SHIE55R4YXKFTNFR
2898,SHIEBYA7DVARZBKB
2899,RAKEJU36AQRXGSZW
2900,HFCEGNQBNPDHFAVZ
2901,STIEGGF46MN27YRM
2902,SHIE9J6PH5ZKV7YX
2903,SHIEBWNUURZ8BWDZ
2904,SHIE8Q7P5XAGDZ4H
2905,RCLEYW4QPVNUJYPT
2906,TLPEGUHPRY8VZC35
2907,SHIE7VEF53ZMHGMS
2908,PTGEE8Y9HPREBKEK
2909,SHIEHYHMGQWHRCBW
2910,SHIE834ZYF3EYSFT
2911,PHFEG9H7GRQ6Z3QP
2912,ARPEG55TGY4ZSPNX
2913,WCKE56UDREZAVX5V
2914,SHIEERWHHPMWHPWB
2915,LTNEHQSPYYBAEWYY
2916,STIEGGF6DZHYPYK4
2917,PHFEGTJJ5HD9FYGF
2918,SHIEB85ZRAUWMFTT
2919,SHIE8HXEEX69GA9F
2920,SHIEBKMSYJFA9XZT
2921,PTGEGUP6TA9TUFZZ
2922,WLPEJ5VGMYBYGGX7
2923,SHIE472GZZQFSZPC
2924,RSFEJT4ZNP5V7HH2
2925,STIEYZ5T6WKUJERC
2926,STIE34TGNPF6MC8K
2927,PTGEDZBHHZKKGTFZ
2928,SHIE9FMPNPC7ZGGZ
2929,SHIEBZB4JHGWHX5Z
2930,RCLEYW4QYZAMXHJV
2931,PTGEE9PF9WH93CXM
2932,GRAEDCRWFFYQVH2E
2933,WCKE56UCYJSEZKKG
2934,SHIEBUEHMKAWGWQQ
2935,SHIEHY2BWXJSRZFZ
2936,SHIED9AKUTQZQ5ZK
2937,SHIEBTG8KDBQFWAK
2938,SHIE6KAJKKRGGCSJ
2939,SHIECKYBNNY2BNZD
2940,SHIE92XGJHG4HH5E
2941,CKIEGRF2ZVMW5TC5
2942,WCKE25RA9WDHBYKH
2943,CRDEJTZJAEB6JNQT
2944,PTGEGUPZQDZ4NDBY
2945,PTGEGQFAWY7H7BJR
2946,SHIE55GT7F6HYXDT
2947,SHIE2CAJP6XBWPU2
2948,SHIE39QJZY3BNW3A
2949,SHIE854Z8YKYZVKE
2950,SHIEGVPGAVSXK5QU
2951,SHIE93J5D9MDDZGU
2952,SHIE8QE6RMNSGPAU
2953,STIEGXEYHGGMQ74Z
2954,SHIED9YEGQVPFGQN
2955,SHIE2NM4FBBAYP9U
2956,WCKEGNRGZZESVZKN
2957,SHIEAVZQQUWKYURZ
2958,PTGEDZBHZHGW2H4H
2959,SHIEBCQZGGKHEKSZ
2960,ARPEG54NHHJDT9FZ
2961,STIEYZ5TYMKVXHUZ
2962,SHIECQHNRRBCFBFG
2963,STIEA4CNPADJXBRY
2964,SHIEAVZQBP8HKYNH
2965,VASEJDBZDNPPUFEK
2966,WCKE56UCUA7M9VUZ
2967,SHIEAMGZDAP7FWG5
2968,WCKE26PFGGBFEP9A
2969,INSEJZHHBYACZ4ZF
2970,RCLEYW4QSHJZXAJH
2971,STIEYZ5T4GMGBZEU
2972,SHIEARR3DXE2SXRF
2973,TLPEG6GSDFSCZPF2
2974,PHFEJNHGK4CZJKEG
2975,STIEYZ5UYMPWNRT6
2976,STIEAE2ZAHKFJJMU
2977,SHIE8WYNTGEU8JDA
2978,SHIECQP4MBUZFWP3
2979,STIE6JA4UNR5RK4S
2980,SHIEGWVP4ZGYGG5Y
2981,PHFEG8HFYXFTK6JA
2982,SHIEHGXG5PNH2HEF
2983,DEPEEGTHNNNSWZTZ
2984,SHIECAYW3VZWGZGX
2985,SHIEC9AFED2B2EZX
2986,STIEYZ5SVEZX9BJG
2987,SHIECV5BYUZEQJT7
2988,RSFEJDMAXYKUD3CG
2989,PTGEG77MHGS9UZHT
2990,WCKE56UDJ9MG3XGU
2991,STIEYZ5ZCPDHF5HK
2992,SHIEAUUTMZEXJQGG
2993,SHIEYZF6GPYGTTWY
2994,STIEYZ5T3ZF7VS7V
2995,SHIE5EF4YXZHTNFZ
2996,STIEEHYKGFJZ8ZKA
2997,SHIEA3GYUGTA4T2A
2998,SHIE9FMZAH4U4H6Z
2999,STIEYZ5TNACUD77N
3000,SHIE9FMPGFYZR2YZ
3001,GKEE5ZZ34VYKVZEK
3002,RCLEYW4PQPMHDXGJ
3003,SHIEYZF6VHZ5HTVV
3004,SHIEGSDVTESTQFAQ
3005,SHIEAMGZFHYABMHB
3006,SHIECVUM8WK2BCCW
3007,STIEYZ5TJ5HSFPPB
3008,SHIEJNHHYWGF96EZ
3009,SHIEBWNUNANV22KB
3010,SHIE55GT4JDKEGZQ
3011,SHIEE5NRDCFPEGBB
3012,SHIED9QZH7GZUGSK
3013,DEPEE992T9RYUUHR
3014,SHIE8WMZ2KHZWZKZ
3015,WCKE2TFYTHBHTP5B
3016,SHIE8G24RUNDF63N
3017,ARPEFZT4KHXGY4XX
3018,STIEEHYJZBYHET4F
3019,SHIE6G82KNDJUCAQ
3020,RCLEYW4Q2MXFSCSM
3021,ARPEEMCAMGADRCGQ
3022,STIEYZ5XDGADZFAP
3023,TLPEGUHQVHZPGVDB
3024,SHIE7DFNFZRPTGKD
3025,PHFEG8HFHPE6ZXZ5
3026,SHIE9GH8DZF3APB9
3027,RCLEYW4PKHPWGSDV
3028,VASEHU9W3N9RDPGZ
3029,WLPEJR93AGRUSEZH
3030,STIEAE2ZRKWBFNSP
3031,WCKEDUW96VMDHGTN
3032,SHIE95FZRPVUP9TT
3033,POSEH6RFMHRP9WNZ
3034,SHIE7DFNYZC6YWTT
3035,SHIECGUP3UE5HNXG
3036,PTGEGUZHKTTY5BKJ
3037,SHIECPZPHMWWB4YB
3038,SHIE3YW8AGHPXQZZ
3039,SHIE9J6PRGFHJHRY
3040,ARPEE3YXEPFNJGUZ
3041,HKSEFHYXHEBSYZR6
3042,AIRE9B8EKTNR8J4B
3043,SHIE9J6PPZ44RZDK
3044,SHIE9J6QNCYPG2J9
3045,WCKEGGN2J66F3KAF
3046,AIRED9YGJWG2GXUK
3047,SHIE3QDHDTF4BMK4
3048,SHIE5U6NNGWD7CDX
3049,STIEYZ5TUKTYH4KD
3050,WCKE2TFYRTHGTUTC
3051,STIE6Q5TNH3UMHNU
3052,SHIECSRFZCQRERTJ
3053,SHIEY382DC3J6MBU
3054,SHIEB7957MQBWGV3
3055,SHIEDUW9A53NNGWA
3056,SHIEH72VZX6BH5BB
3057,STIEYZ5TS53XAZUR
3058,STIEGGG5X7XFSCRJ
3059,PHFEJNH7XUEGHCAA
3060,SHIEA3GY4Q2NHPXA
3061,AIRE98PZEWXEQFVC
3062,STIEEHYKXGSW9FYH
3063,SHIEHXZEFKZK3FSS
3064,SHIEJWDQATXMFH5C
3065,SHIEA33PFVZWGR3Q
3066,SHIEAU6YY2FY4XXX
3067,SHIEBCQZFENB4BGC
3068,RAKEJU38ZMFGGJWJ
3069,SHIEY6KFSWWZVUVT
3070,KHREGSDWQZKZRY3J
3071,SHIE53GCQDQEK7SF
3072,WCKE56UCTBCHWDZZ
3073,SHIE7QCY6ZQSUF6E
3074,SHIEJY5HPVJT9MUE
3075,WCKE26PFXHYFSKPP
3076,SHIDYPABZUZ7PZVW
3077,RSFEHYDXK3ZUVRVY
3078,PHFEGJGHPSYKMHES
3079,SHIEB59MMCHHZ4XJ
3080,SHIE9C45CPQTYDV6
3081,SHIEAKXK6FC6PVDD
3082,RCLECS6HRZJ6Z8TS
3083,SNKEBPVFVGG8A5UR
3084,SHIE4PZGEARGTGCP
3085,SHIE7VFYMZMDGAEQ
3086,SHIEARR3VTUDSNFD
3087,SHIEH5WQNYP7FD9Q
3088,WCKE26PFEZETHGRZ
3089,STIEEHYKHYS3XCTH
3090,SHIEY382SR75SXEY
3091,RCLEC88FDFFHFZ8N
3092,HKHED633F9Y9PGVR
3093,SHIE6ZSBWP9DTDHZ
3094,SHIED8T6GSTTYVBA
3095,RCLEEFTH3QGRZF7G
3096,SHIE6ZSBG6MQDHNX
3097,SHIE5CEEJF5VWZFH
3098,ARPEDQM39KH99YSG
3099,SHIEB85ZA9EMJ4BZ
3100,SHIEBQF6BNGS946Z
3101,SHIEARR34RCY5ZPH
3102,WCKE2TFYSPKJHWJG
3103,SHIECH87SYGU7F8A
3104,SHIEAXGYUTQSUBUQ
3105,SHIE2QTSMSXF9QAH
3106,AIREBB9APEFZYSFB
3107,CRDEJTZKCCUAHCBB
3108,SHIECSPA5TZMFSS6
3109,SHIE3YW8E89ZWPFD
3110,DEPEECKGGQEPNCJU
3111,SHIE5U6NBCUHQZTS
3112,SHIEYZF6UHDUDHN5
3113,WCKEDVH6WZBMEKHN
3114,HFCEGNQBX5WRS5DZ
3115,SHIEHYHHNPVZEXVZ
3116,RCLEBAWZJHAQWXCT
3117,PTGEGUPY56VN7B6A
3118,SHIE25R9XNBE78MY
3119,TLPEG6GR9HUYW3ES
3120,STIEYZ63XFZRHBHP
3121,STIE6Q5UAMR4ZWPD
3122,SHIECGFT7U8W3ZQN
3123,STIEYZ5TNV9BAWM9
3124,SHIE7GY2FRWSTGZF
3125,SHIE954FZSSHYFGG
3126,VASEJQQNGXXSK9HM
3127,STIE6JA5JTYFXFRE
3128,RCLECC9YFXCTZE8M
3129,ARPEFZT4FGYZZHAZ
3130,WCKE2TFYMTCGDBE6
3131,STIE6JA4JQZ675HW
3132,SHIE7DFN7ZSSVHXC
3133,PTGEJQR3SVBUNGQQ
3134,SHIEYZ3F3QWMYNEC
3135,TLPEHAKFGFC9QPM4
3136,SHIEBTT2R6Q2VBY6
3137,SHIECMGF5WTA2WGG
3138,ARPEFYZQ7PZSTFFS
3139,RSFEHYE2GRC9ZHMJ
3140,PTGEGUP5KM48MRRW
3141,PTGEGUZVM4X9XZWG
3142,SHIEBZB4SXXAG6TH
3143,SHIECPZQNKC9TGAC
3144,SHIE3QDHGHWCMCZG
3145,WCKEGG6YZUBZUVXD
3146,STIEYZ5TGZSPA2FQ
3147,RCLEYW4QNGHANNYH
3148,PTGEE9APWGGDTTMM
3149,SHIE5HZ5UWWXYXWV
3150,STIEGPHXHYBJGHQS
3151,PTGEGUPN4DGKNRZE
3152,SHIEHYHMWMYPDFSU
3153,SHIEAREZZWVXUBQT
3154,PTGEE9CSJWGBQDBY
3155,ARPEEMC95HMYAJNH
3156,SHIEBFXDQYHQAUQF
3157,PTGEGUPFREGF543N
3158,SHIEGWTYGF2TFDPP
3159,SHIECCF7HXG7JT6G
3160,SHIE6ZHNFS9S8FTX
3161,WCKE56UCNFG9PJ9Q
3162,FIOEFUXPJQYZKDXZ
3163,SHIEBGHDHBWNZBJB
3164,SHIE6ZSBHCNYY2CP
3165,SHIE7DFN2AGNFUUS
3166,SHIEF8DUHZJP8MVC
3167,SHIEBFDAW2GHMTYS
3168,SHIE7VFYJHKGMXUR
3169,SHIE2XDXPYYGJJZN
3170,SHIEBTT2PX3XCFHU
3171,KHREH26ZBZCPVPSJ
3172,SHIEARQ3SFURR9EY
3173,SHIE7MMKBRXEWKYQ
3174,PTGEGUZNXKZ8P6Z9
3175,SHIE9ESMNSYKZMUG
3176,SHIE9FMP3RBSYMEV
3177,PTGEGUZZJXXJBGPQ
3178,SHIEC8ATXGYEJ4GD
3179,SHIEAPE9AZ79HFJZ
3180,AIRE98PZ7PC54SRA
3181,SHIECTS9VCW9SN75
3182,WCKE25RAHZRQP7YR
3183,SHIEBZY34GZUFZQX
3184,POSEH6R6F5GFFHA7
3185,SHIE834ZGCFNCSPK
3186,STIEYZ5TSXN8QU4H
3187,SHIDYZAYRM4KKJGR
3188,SHIE9J6PAJGHYX6B
3189,SHIECRY7XECHNFNH
3190,WCKEJFDDZHGFPSGW
3191,DEPEDXSYGHYWFHRT
3192,SHIECFNXZ7W9GVYZ
3193,STIEYZ5T8JH6GFHX
3194,SHIED8FWBW8XWUGE
3195,SHIE93F2TFZXQHFG
3196,SHIE4THTCWNHTZXM
3197,STIEYZ5UYVSPATVA
3198,SHIE7ZWAT8HEHBZX
3199,SHIEH6NHGJJPEDUS
3200,SHIE4SFGBDRCCCDA
3201,RCLECS6HFGX2ZAY5
3202,INSDZKFYE9FHHPNC
3203,STIEEHYKPPRXANDJ
3204,AIREGHYGSZKZYZBB
3205,STIEJPM5PA8HVJFV
3206,VASEJQQGBDQ5GJQ5
3207,DEPEE6TY9ZYHQCTY
3208,SHIE8M9PWUF5H4SF
3209,SHIE853ADDAHYSFQ
3210,RSFEHYBRPRRCKZQM
3211,VAAEGPSGGKYB7UAH
3212,SHIECZNMYRAQJHRW
3213,SHIE9J6QKG4SD5WG
3214,CAGE5PHY7ZHR6GC9
3215,CAGED6YFNUF4UUTH
3216,HCPEFNFMYAUM6CNN
3217,CAGE6FZQH7KMNAKA
3218,CAGEBTJBTZ9HK4AU
3219,CAGDV253GZSTRTWC
3220,VANEGPA7YHEVNMBF
3221,CAGED6GKXVK5EZHH
3222,VANEB97UCYGMNHRY
3223,DEOEGCYJVH7BGHTY
3224,SNREBR5MZHSPP6SQ
3225,CAGEYUXVAKNKDUUV
3226,CAGDS6VEGGYYEYUH
3227,CBKEAHJXG8EJYDY6
3228,CAGDTSJUFVMVP3XG
3229,SNRE53FVTK2FQAKU
3230,MNKEACEYYP8HF2JF
3231,CAGE9YTZHBQ5ZGWM
3232,CAGE6SYMVUA8FPT8
3233,PDKE9C4FPDFDQSUW
3234,CAGE4GF7UWGZHN7J
3235,CAGDSNMD7GV2GYMH
3236,CAGE8X8XZCGGXQ7Z
3237,SNRECF6UH7GERGGU
3238,CAGEBZ7UGCZZHVTE
3239,CAGDY9Q7QVXRYZMY
3240,CAGEAN78EYYZGPKP
3241,CAGE7NK9NNWVPYGZ
3242,CAGE9B78AVRWXHGD
3243,CAGE9ABAGXS3WZDB
3244,CAGEBTGGUDAHNG8D
3245,MNKE75M6XXECTDK6
3246,CAGECHKFHCDYVHQQ
3247,CAGE4Y4FXXUZS4ZP
3248,CAGE8SCPNS5RCE4V
3249,DEOEG9GYTRECGKPY
3250,CAGDZVGTV3SMMMBY
3251,CAGE76HYPAMJ7WKH
3252,VANE4VND2XHZRCNT
3253,SLMEDD5NV2ET25RZ
3254,BRZEG9F4YGWSGFVD
3255,CAGE9AGR4VWWTDY4
3256,CAGEBTJBPXFFZWEH
3257,LSKEEGNSMPN7C8BE
3258,VANE2ENYCDFZYHD3
3259,VANEGQ6HKXP73RDE
3260,CAGDVVX9HE6C9WYF
3261,ESDEE3KKYXVXUZVG
3262,BFAD3ZJYYCXDAVGH
3263,SNREDZEKGTF8KTUR
3264,CBKEBFJWGCTVNSVJ
3265,LPBEGDV88DZJK6QP
3266,SNRE82YYYKFZFACZ
3267,CAGE53FS5CFUVY3D
3268,VANEG47EKAQE3CQT
3269,HRCEGVZ9GNYJNREX
3270,BEOEHHQZYG2VSX6W
3271,CAGEBTJBUKGHGBSJ
3272,CAGE3FCNYX3YFNGY
3273,HTSEG6YUAFSNFG6M
3274,CAGDUDG8FHXXUYJS
3275,CAGE7NK9GT9GQKH2
3276,CAGEYFZWDZYE5VPH
3277,CBKEBFJX7YMGHAWS
3278,BAREGTPMGGH6MB8V
3279,CAGE7GFZ7ZVGXMAR
3280,CAGE745BJ67RZCRR
3281,CAGE9ABAFWTJFGVY
3282,CAGEFZWRZGH3HNQM
3283,CBKEBFJWFQZZ2KGZ
3284,CAGE775RKU3WYJWG
3285,VANEB97USJ7GYHTF
3286,SNREA7P9GK8HM2Y4
3287,CAGE9ABAYFMUUH45
3288,CAGEBTGEZYMKVZQV
3289,MNKE7VFJG9PCYHRU
3290,SMPEJWCKPNNPDVKG
3291,CBKEAHJXAZKUNPSP
3292,CAGDVVX97KZEH2EJ
3293,CAGE8SCPGJQXUWHF
3294,BEOEGXRWE4NDBJNV
3295,CAGEBFPEVT4JFGPC
3296,CAGE5QJGHCGQNQVU
3297,VANE3KUFNUEGQNKH
3298,CAGE4Y4FZ7H9JZTB
3299,CAGEYUXVF2FNARKD
3300,CAGE5HPCQHDXS9XR
3301,MNKE5YG7USVVTPCZ
3302,SOPEJXBBKEAHD3NK
3303,BAREGSGXZMYSFTYV
3304,SNRDWTGQ9FDKB33Y
3305,CAGE53FSKAYSFUXG
3306,LPBEG79TAW9PSJBU
3307,CAGDU85YZUFN86CH
3308,CAGE5PHYMTKW2GGR
3309,CAGDR3XKFCZ6XA2F
3310,SNRE8GR3PFYVXEVV
3311,CAGE3FCZBJNEY2CG
3312,CAGE68FGTG6SUWHQ
3313,CBKEAHJX6HTXHG9Z
3314,CAGE6XN5AEG8HZNB
3315,CAGEC87BMFZWYG6G
3316,CBKEBVA87QPSX25Z
3317,CAGDU85Y85GDJGUD
3318,CAGEBFPENZTMYNBS
3319,CAGE5PHYRHNGU7D9
3320,CAGE44J56KZG2CH3
3321,DEOEGDV8EGAVXPVR
3322,SOPEJ7SCRS3SKFGP
3323,CAGE6DFWZE3GCFVE
3324,CBKEHRSMWYB3HVNP
3325,MNKDZKF6WYMMF2M5
3326,CAGE6FYKFFUGUV7S
3327,CAGEBTJBA4ARHRUC
3328,VANE8QPQZFRE6XVN
3329,CAGE44J5UXNHXFYH
3330,MNKEYGQMJHGZ4ZRX
3331,CAGED6GKXJKPSN8Z
3332,SNRDKUGHD4EUB5KY
3333,CAGEBFPEQSVMZGZZ
3334,CAGE75HSTPYGJGUA
3335,CAGE9ABBP3NXYEMZ
3336,VANEF8CF3QKU8CQN
3337,SNRE6DNNHRCCZ6VK
3338,CAGE6FZQ2G93NPBU
3339,CBKEBVA8FSYCT7NJ
3340,CAGE75QCGVXYV78T
3341,CAGED275PAD86Z6G
3342,VANEGPA7ZKGT2UUH
3343,SNRDZHPMBUEC5JFZ
3344,CAGE3FX7XZGYHGRJ
3345,CNDEGVK2VGHG7GHG
3346,CAGE4BQXSJPTBUS4
3347,CAGDUDG8TBQXEA2D
3348,CAGEBTJBRFGAUQQB
3349,CAGE5GYKTZWZSHXN
3350,CAGE9ABBH8HSJQXD
3351,CAGE52QHVSB7KTKG
3352,VANE9ZH3RSHMCJRV
3353,CAGE4BQXKEZPSHWG
3354,CAGE8VUUUDFNDWRE
3355,LSKE5U4JKDMDSVF5
3356,CAGE8X8XXY7YGMFM
3357,ECMDQBY28WDJQDWA
3358,NLPEGUMZWFSEZSHZ
3359,CAGDV253CTVNMSP2
3360,SNRE9WHFUEMHYEAE
3361,ECMD9YGUDNHZCHZ5
3362,CAGE8X8XDEUHD3JS
3363,VANEDVKNANXFHWZA
3364,CAGE7NK98FHDEGGG
3365,BFAE2V5YU3ZQXWCN
3366,LFHDQAZP4FHGGZEM
3367,CAGDRJJ3HUNXZPND
3368,CBKEAHJXFZTXMFZ9
3369,POXEHPSHDKBCTWCF
3370,HACEJU8F5MTVFHGV
3371,CAGEFPY9ZSFFNVAW
3372,CAGEAFDBEJY56XSE
3373,CAGE9YTNZV5B3WWZ
3374,CBKEJ3YHXK62DD8G
3375,CAGE75DFM4UF6ZDF
3376,CAGDW63HG5JBCVGA
3377,CAGE6FYKMJNKDUE7
3378,CAGE6FYKT4NSENUS
3379,HACEJXFJZ5HSR8QT
3380,CBKEAHJXYMKYBFJC
3381,CAGE9ZGYNRZCKNEF
3382,CBKEHGUY3GEHDSFY
3383,CAGE37EQD7HQBTTD
3384,LFHEGUEKWKFG2J8G
3385,CAGEBTGEFEJMCGFF
3386,CAGEYUXVZSFVZRHE
3387,VANEEGRGHGQS7G7D
3388,CAGDUGFYPRZUAJCM
3389,CAGE6XN5KFGMR4Y6
3390,CAGE68FFFPTGVEQQ
3391,CAGE6FYKCSZ4PUFR
3392,CBKEBVA8DNSJG8R2
3393,CAGE5HYNWQYHCGQS
3394,CBKEBVA8B4SZJVKY
3395,CAGEYFZWNWG6SMHG
3396,CAGE4BQXZ3BGVT6P
3397,VANEDHSCE7UYEGHZ
3398,RPEEGGDJN5D8HFRM
3399,SNRE2DKY688AZS3J
3400,VANEDGK7CYH9FMQP
3401,CAGE9ABATUHJ8G4X
3402,CBKEA9HYZSMQUVYM
3403,CBKEAHJXJQUY9EMV
3404,CAGE8PKGEWKH78FY
3405,CAGE7BZ5CHRWATQ4
3406,CAGE7CJVGGHQYZDQ
3407,CAGE2ZHBSKWHSHKH
3408,CAGE7CZR6ZD9RT3K
3409,CAGE8F56SZEHA7JV
3410,HGLEA2G4YBK3JHZM
3411,PRMEGT8Z6RCS7XYP
3412,CAGDYPBWA7RBUBYT
3413,CAGEBXX7YEQZQQ2J
3414,CNDEGVK2ZMCGSCEQ
3415,CAGE225HGFQ4VSSK
3416,SNRE9BDSSGFRYVMJ
3417,CAGE8SCPX394WVJT
3418,SNRDZMQ862AJVKGG
3419,CBKEBVA8UHTEAUHF
3420,CAGDTFSHTF6TRBFZ
3421,CAGE8PKGWFENXJAZ
3422,CAGDRJJ3HWPMJUCC
3423,CBKEHJUH7WPZEEGK
3424,VANEDGK7MSFHYRNV
3425,LFHDBF4BY3PS66NG
3426,MNKE79DWUUQVSBZF
3427,CAGE79CEHJZX52XS
3428,CAGE3FX7HWMQAPCG
3429,CBKEBVA8C7SF4RCW
3430,MNKE24MA8KWPREQT
3431,VANEABFPKGGZTYVQ
3432,ESDEE3KKE5ZVR4UW
3433,CBKEBVA88HURBNHA
3434,CAGE22EETSQPZKZA
3435,CAGE68FFHV6CRPKF
3436,CAGEBPNU8TKUG6NM
3437,CAGE5FB5XTQN7WNZ
3438,CAGE22EEX2HKGXFQ
3439,TNREBYP73ZT4HUZD
3440,CAGE7TVZ8PH9GJQU
3441,LSKEJNHFS2RT4WQF
3442,CAGE22EE8ZG8HCS6
3443,BFAEYCBMXNQQJ89Y
3444,CAGE9ABAW2FEMYCG
3445,LPBEGETNASPKN7XH
3446,CAGED3YQSJXNZRJF
3447,BAREGGF8KXRWMGZK
3448,HRCEHF2CDHYWPFVN
3449,MNKDNW49THH74PVT
3450,NLPEGUMHNGBY8DCC
3451,CBKEJ3ANRFJUM4TM
3452,CAGED6GKZ3YSVSAD
3453,CAGEBTGHEHZHZGK3
3454,CAGE6FYKGSNJWBG8
3455,CAGEBPNURY2W7W4G
3456,CAGDSGY5KU3VWEAY
3457,CAGE5UR64GKHG7ZS
3458,CNDECQTUZGSAH2DH
3459,CAGEYUXVHFYNCAYD
3460,CAGE2XC2CTC2TWRJ
3461,LSKE9RHNFSDTF7D2
3462,VANEGQCWZYFZ3EYJ
3463,BLUEGZCARCHECHRW
3464,CAGDTN27DEWJYUHK
3465,LCMEJMZ6TWVHGZDR
3466,HSYEE3PERJWWMYHB
3467,CAGEBTJB8UABHDRH
3468,NLPEGUMNPUQXBWQY
3469,CAGE6HYJDNZJVADS
3470,CAGE8TQ8DYHXBWFF
3471,CAGE9ABAHPZ5QTWD
3472,DEOEGAKKEKGHJT7M
3473,BEOEGXRVBCDZKUDU
3474,CBKEBVA8V8KQCCX4
3475,CAGE2XC2HFSSQNSM
3476,CAGE46YZDCJFGGHV
3477,CAGE7GUFJG7JZ3HC
3478,CAGE7CZRW6MNSUH4
3479,DEOEG9GYZZAFPDPC
3480,CAGE8PKGXDZFUTHH
3481,CAGE44J5NGQHXMHF
3482,CBKEBVA8S2FDDMG3
3483,CAGE5NGBPYY9UDZE
3484,CAGED4CHGZGWRKEB
3485,MNKDZSMXADGFZD3C
3486,CBKEBVA8ET8EDCCA
3487,SUOEBWCHKAPGTVBJ
3488,CBKEBFJXQJZDCUPB
3489,CAGE5GE5YRY2YNDV
3490,CAGEBTJBUGCHBYDY
3491,CAGE8F56FWET6JMJ
3492,CAGDYPBWZ6JSHECV
3493,DEOEG9GYD746P2DH
3494,CAGE7NK97H7CGEVA
3495,CAGE9AGRUGPHV5FM
3496,CBKEBVA8MKH3MG4W
3497,CAGEC87TYWUSSRHF
3498,VANDZY4YZFPEG85T
3499,HCPEG9CUJA8SNHBA
3500,CAGEBTJBNDAJ5DHY
3501,DEOEGCXBKZMKQC3Z
3502,CAGED6GK44DCXKZM
3503,CAGE6FYKQHFNZZ4K
3504,CAGEBFPETZZDWEBZ
3505,CAGDU85YEZTUTEVF
3506,CAGEBTJBHF6WFSUC
3507,VANE652HAXYMVDAD
3508,CAGE8PKG4HSNQQKY
3509,PEREAYF3MFSJJMYU
3510,CAGEAJVFHAGWYAZH
3511,CAGE8PKGYFGQQYAE
3512,HTTECRHF2PAYMFMY
3513,HRCEGVR9HBWKYFPD
3514,CRNDY6GWJWFVZUGE
3515,CPCE2ZMCQDE9FBN7
3516,BLAE9CSUKAUQDMPZ
3517,CRNEE84JUWNY6MYF
3518,BLAE8YHU6APGPWDC
3519,CRNEE84JNEVAWBJH
3520,CRNEEABUMK4GFDGU
3521,BLAEE2GJATTR8YG5
3522,BLAEE7VSZ9YV7HG9
3523,BLAEAWABVGFNW3CJ
3524,CPCEJ8GNEUGJERZG
3525,BLAE5YFQDXJESB3S
3526,CRNEE84JXSRGYKYF
3527,BDSEJJ7CDYYK8V8Y
3528,BLAECYJBSHFYG5VR
3529,BLAEEERTHSQRH7ZB
3530,BLAE3WR6ZQFCHFYE
3531,BTWEYY3C9MRZJETW
3532,BDSEGQ32ZQVH7DP5
3533,CPCE2ZMDYGENCZEN
3534,BLAEAWABMNZFGGYJ
3535,CPCE869CHX7EZM5T
3536,BTWEDXPFRTU58SF6
3537,BLAEEDGA2UFF8ZHU
3538,BLAEE2GJKYPDJDR6
3539,BLAE57Z4GZNGHY26
3540,BTWE9B4GNTPXFUH6
3541,BLAE6DPHRB25VEHK
3542,TPMEE72YPGSUVPGH
3543,CRNEEABUZNMZJMUK
3544,CRNEE84JYN5GMBBY
3545,BTWEYC5VMGHUZBDV
3546,TPMEE6Z2FAWCZZSR
3547,CPGEH2CZAF2KGYPA
3548,CRNEEABUQGGMMXNX
3549,BTWEC899ZNB9XH3Z
3550,BTWE68HFHPGSWYAW
3551,BLAE8M4XVCTFD4JT
3552,CPCE2ZMD6RXUDVDK
3553,CRNEBPU6HFFUHQQA
3554,CRNECTCNWCSWPU4H
3555,CPCEHZRGZ7KXYQXA
3556,CPCEFH9YCGUDCXYH
3557,BLAEE9GHEEGZYDZP
3558,KLSEGTBZNDRR34AM
3559,BLAEE6KTGHRDPNCG
3560,MATEGX23XSZHD9VK
3561,BLAEAWABSWRWCV7V
3562,CPCEJMKVMKTJ3WHM
3563,CRNEEABUGDHYGAYF
3564,BTWEFZ4VD6THQHVH
3565,BDSE7FQ6SEDGMVPK
3566,CPCECR3NUZEZPSFH
3567,DCVEJHVEMXYT6UF6
3568,CPCEH2BTCQSH457P
3569,CPGEGQ42GGEHHQAJ
3570,BTWE6PXJC3PPBVAW
3571,CRNEEABUTTAYCJQY
3572,CPCE5YKSD8HVN6NG
3573,MATEGX24KZS8YA4K
3574,TCVEHSMFHCPGH9QJ
3575,BLAEAWAAYNB3BKZV
3576,BTWEDGG4G3GKERJQ
3577,CPCEJMN3AN4RQPX4
3578,BDSE6WKCFTWQZAKF
3579,BTWE6HD25KATEMZQ
3580,CRNED63HNKF4ZHDN
3581,BLAEAHGV37V3A2GG
3582,CRNEEABUVHAQZ7RQ
3583,CPCEJAHFPZP7Z2YY
3584,CPCE8VZFDGUEJGXH
3585,BDSEJTHNGWVGWWQU
3586,CRNEE84J3UWBFE3H
3587,BDSEJJ7CEFDSZSDN
3588,BTWEDGKCQMTW6VFZ
3589,CRNEG8DTZRN5EHT6
3590,BTWE8FGZDT8NWYFH
3591,BLAECYN7AEZQHJZG
3592,BDSEJSEZYPCYRTHS
3593,CPCE8P4VYNGASRFB
3594,CRNEEABUGTGCG87N
3595,CRNEE84J7C2RSDFP
3596,CRNEFPYY4NH4XGWP
3597,BLAEEJGJHUDRK3RK
3598,CRNEAMGZMSVZNBYQ
3599,CRNEG8DDQFFWBQUY
3600,CPCEH2BTEYRFXHP5
3601,CPCE8HMRQY7FTZZ7
3602,TCVEHSMFYEQGRTAZ
3603,SLIEHUFGN6EAJZZV
3604,BLAEAZ9YF6JEXT8B
3605,BLAEAWAAAQEUY6SW
3606,BLAE6DPHGJXV84EH
3607,APREGUTB4HYPZQVX
3608,SLIEHET3CZ6XSDHP
3609,CPCE2ZMDHY4YHHP8
3610,CPGEGQ6TN2HDJP4W
3611,CPCE49C9W7EFFSSS
3612,CRNEE84JQG9WX6RZ
3613,CRNEE84JKMYF9X3G
3614,BTWE5QUGZHGG8YZH
3615,CRNEE84JSPKEFZAP
3616,CPGEGUDYUKZTNYXN
3617,BLAE8YHUBQ8BXRZG
3618,CPCEH2BTGUYS5XJB
3619,CPCE8GHXZMCZWHZB
3620,BLAE6DPHFYECGZ68
3621,CRNEGHFTNZAFQPD4
3622,CRNEE84JUHJMMDPU
3623,CPCEJCCPQKBGD2NH
3624,CPCECTDWUSGCYB7B
3625,BDSEGG8BKWBVMPZK
3626,DSTEJJ8UB6GWJWFX
3627,KLSEGWJVFRENNTGU
3628,CPCED8FBGJ8ZR2XA
3629,BLAEEJFZ5KA42ZS3
3630,BLAEAWAARSZGS9KF
3631,BLAEEDSGY6APNYWQ
3632,BLAE8YHUD3WYEH7S
3633,CRNEEABUMQ2UXZAH
3634,BTWEBHYMEUDSHZXW
3635,BLAEAWAB6GVKTJGW
3636,CRNEE84JQZE2TYHM
3637,CRNEG8DSZ3TVFPYU
3638,BLAEB3XANVZX7KXN
3639,BDSE7WQ37UVSX7SK
3640,KLSEGUGCH9ZZUKQZ
3641,BTWE6N5SXYEJHZPB
3642,KLSEGVF48H5TYDKA
3643,BLAEE6KTKJGZBXXZ
3644,PLWEBNRH3G6NA7MY
3645,CRNEGE2TRGCGCD6J
3646,BLAEE6KTJRCUYPFG
3647,BLAE3WR6TST46SNT
3648,CPCE2ZMDKPBBNGZT
3649,CPCEJMM7HWCNNGBR
3650,CRNEE84JUX4HHETA
3651,BLAE2CBGPESYDUBH
3652,BLAEEHE3HHS8AURG
3653,CPGEH2BQJBDNMCK8
3654,BDSEJJ7CMKHRWVCZ
3655,BLAEEH2ZJ3G9DA7G
3656,CRNEDDYREZRDKVSY
3657,SLIEEXZYYFHXTCZA
3658,CPCEDGGNCV7AV7SX
3659,BLAEDBEXC6VHNZEV
3660,BLAE39ZZYDGFHKUH
3661,CRNEE84JTCWGADGY
3662,CRNEE84JVCCGKSZA
3663,PLWE6S4BKHB5HZD2
3664,BTWEB2PFYPSZNNVK
3665,CPCEYW2TCDZ9TZZA
3666,CPCECFY5FJ2MHPZE
3667,BLAEEJFZC8QR9VRF
3668,CPCEH2BTJ5EBZUUB
3669,CRNEE84JWHJXZWVP
3670,BLAEAWAAUHFTFG8N
3671,TCVEHSMY2TNTCKNC
3672,CRNEE5ZSUJZ82AZE
3673,TBREBH73PCHEDGWF
3674,BLAEAWABFHJQPA2H
3675,BLAE4H9UWEUNZKN8
3676,BTWEYHEHZGE7JTDJ
3677,TBRE8VPAQFHPQKRE
3678,BLAEEDJ6GGYYASSR
3679,CPCE8PF9EGY9TVY6
3680,BTWE3VWM9HENTJXC
3681,BLAEBZRJ3PFRVMRE
3682,BLAE7ZK96GZGSYVG
3683,BLAEAWABZ5GADHAX
3684,BLAEFHQ3HZPRCD8Z
3685,BLAEFNYCRGTHXXEX
3686,CRNEE84JTVDV3XUQ
3687,CPCE8VZFRPNUFFGE
3688,CPGEGUDVH5JHZUGN
3689,CRNEE84JVT2BYQHR
3690,BLAEEHE3GZ7WST52
3691,BLAEEERTXBGBWYS8
3692,CPCE8XWG8YZZSMG4
3693,BTWEYHEHMWUPMZM8
3694,BLAEEDEGGXT28W9J
3695,PLWE8TQEW8KSMEQF
3696,KLSEGUGFRDBSSEDM
3697,CPCEGHG3YNZMHFCZ
3698,CPGEGVXAQUV6RF6J
3699,BLAEEHE5PXHBZ5MB
3700,BTWE7GTGSHBTEZC8
3701,MATEHFNNMZUFNXP3
3702,DSTEJJ8UAQSHGFDV
3703,BDSE7FQ5QTGYQDH4
3704,BTWDZHJGZBBYCFAQ
3705,BLAEAWAAVZYX3EM6
3706,BTWE7T3W9VYRKYAF
3707,BLAEE4WSG8CYBRVY
3708,BLAEB3XA82K6JBCA
3709,CPGEGPWFQURZHFBA
3710,CRNEEABUF6FKE8H8
3711,TCVEHSMFEGNCAGYN
3712,BLAEDJNKEWUHHBF5
3713,BLAEE6KTGFDV8NGP
3714,BTWEJQ6AKJYGHUGJ
3715,CRNEE84JZGP5FYTJ
3716,CRNEE5ZSD8SKMGQB
3717,BLAED242BBPBXMC7
3718,CPCEH2BSUG9QVGHJ
3719,CRNEJCC5YHEWAQ7B
3720,CPGEGPYWRZMPQESK
3721,BLAEEAAXH7AHKWYZ
3722,CRNEDX67ACJHFGNT
3723,BTWEFBNYDWYWGJWD
3724,BLAEAWAA4EZN6YFG
3725,CPGEGPVME4G6YSJ7
3726,BLAEEDGBFPG3ZMYG
3727,CPCE8KSN7FXHU4G2
3728,CRNEEABUQGQX8RPH
3729,BTWEBS9EJHDCSCNY
3730,CPCECSABG58X5KHG
3731,BDSEJJ6USEQZS3QA
3732,BTWEBRD3Z9PTDBDF
3733,BLAEB3XAHPYXYMZN
3734,CPCEDG4HQZHVAUKG
3735,BLAEEAAWGKXCXJHX
3736,BDSEJJCKFGYZR4GS
3737,MATEB88UVMT8FRPH
3738,PLWE6S4AVYSK8KHT
3739,BLAE9CSTCCH7GHCY
3740,BLAEEDGBCYYWZFHK
3741,BLAEEDEGTSA4GC8C
3742,CPGEGUDZKSTV74GH
3743,CPCE89GHBHKDXSRM
3744,BLAECPWZZZVPSDFH
3745,CRNEE84JXHGUXSY5
3746,BTWECS3E4KQ3E9UZ
3747,BLAEE3XF4RUA4UAD
3748,DSTEJS74YZGHCWTH
3749,BLAEDZF2CD3HA8P9
3750,CPCEA4ZCYYKCHARZ
3751,DSTEJJ8UFYUTSZ3F
3752,MATEB88UNDXHX9HA
3753,CPCED8GWXMJG6TU9
3754,CRNEDX3GCRFHQEB3
3755,CRNE6AUFHBJFCNFB
3756,CRNEGE2TQ7EBFE4Z
3757,CPCE8PF8EGKCKYRF
3758,BDSEJJ7CG69JGCBM
3759,CPCEBS8ZZHECSSZW
3760,CRNEEABURVVKTHGX
3761,BLAEEDXCF6YKZYGC
3762,BLAEFHQ3DNE82GHZ
3763,CRNEE84JXKGJAE4J
3764,CRNEYW6P8NZEK9EQ
3765,CRNEFPYY8KFKHBGT
3766,BLAEARKNZBBTPUYZ
3767,CRNECHFGGNYG3KHR
3768,MATEHFNMZVV9HYUV
3769,BLAED8FWSFTEZARZ
3770,BLAEEDEGBXDH8BCG
3771,BLAEEJFZS37KVCDC
3772,BLAE9CSTBZESFBMQ
3773,CRNEE84JAMEZYWWD
3774,CRNEFQF6GZF9ZCZQ
3775,BTWEDGMRHGQZKRZR
3776,CRNEE84JNGJT9VQ3
3777,TLSEHUFDYMAWZ8AV
3778,BLAE7AYFVKKWYJAJ
3779,SLIEHR2V82GJXBGU
3780,BLAEE6KTUAKAHYNP
3781,CRNEE84J3QNGUZPP
3782,CRNEEABUH9AJ4FEP
3783,BDSE7FQ52B4P2Y6G
3784,BLAE93GX8VTDTHNN
3785,CPCEGHHTHUKBPSSP
3786,CRNEE84JXGRJUYZZ
3787,BLAEE6KT79ZYZ4GN
3788,CRNEE84JZGUQQREZ
3789,CRNEG7BKMFFYHQ8Z
3790,CRNEG8D73GZNM2ZX
3791,BTWEYXGCCHGW72PE
3792,BTWE3SMGZCGQMAZX
3793,BLAEEDMURAWADW54
3794,BLAEDQ27DDURHY8C
3795,CPCEGH8NHZHZDFXR
3796,CRNEE84JANPGQBE7
3797,CRNEFPZFWWT8WYJW
3798,BLAE8YHUJYHGJYZE
3799,BLAEE4V3X97TBZGY
3800,BTWE7FMNQWFFKUFT
3801,CRNEE84JQGQHBTQU
3802,BLAEAWABZNQWVJNA
3803,BTWE968V4KCVPFZW
3804,CPGEGQYQ8UKFHWYT
3805,CPCE2ZMC6HSGDZHR
3806,BLAEYTZD7URYGB5J
3807,BTWEYHEH6MF6GET4
3808,BLAEEGQXXXKECK8Y
3809,CPCE7Z3WCGYSGTR3
3810,CRNEE84JN5JQCZG6
3811,CRNEG8DDQQDRY3HJ
3812,BLAEFKASM6ZYQ7SW
3813,PLWEBNRHHCXBBBMA
3814,MUGEH2ZHFHQZSGQG
3815,MUGEACY8VKKQ6GJ4
3816,PTPEATF85YZDHTZS
3817,PTPE5WB8Z2C6YYCQ
3818,MUGECEVF6QB99RWA
3819,PACE632TBVYD7UCW
3820,MUGEYYXFMBHPJT9F
3821,MUGE5HG8AZTFDZ4T
3822,MUGE6ZDZRKBKEHPF
3823,MUGEACY86QBJGTZA
3824,BOTEANCHYTGF2MXB
3825,MUGEAWE5MZRRG5GY
3826,MUGECEVFKZHBDRWM
3827,MUGEACY8W2UBMYUQ
3828,GLSEDNZ4WA8XVVFF
3829,MUGEBJ7XJRQDMWYY
3830,PACEFRBMZZFZYGPW
3831,BLBECQUKSFHGRRTA
3832,MUGEACY8SSF8HCAN
3833,MUGEGZUHRUHN684R
3834,PACDZTD7Z9T2GVGT
3835,MUGEBFGY3VGMSTZE
3836,PACE66XREPHDU3NH
3837,CRNEJB4NBT9BTM84
3838,KHKEJTJFZTWHQQGU
3839,PACE3P9ASGJSV5KW
3840,MUGEAGGKY7DVDTYA
3841,MUGE9HRRTTGNEANM
3842,GLSEHFUGTFGKKZ8N
3843,MUGEJG6TBVQSYMUP
3844,FRKEGVUNGC6RCBAZ
3845,CRNEJB4NE9FYSGBR
3846,MUGEAGGKRHSXEGCV
3847,SHKEHCGRNFGTNGNZ
3848,GLSEEDTXEEJDZWDN
3849,MUGEAGGKFYCFTBUJ
3850,MUGEAGGKPSZSWZMJ
3851,PTPDZYCEDURXTYRF
3852,MUGEBFGFHNSEBGMC
3853,MUGEBFGFMTNYY7X3
3854,MUGEACY8VQRMM4FX
3855,PACE5VYXKSZZ8GKF
3856,MUGEJWBRFZJHGSBG
3857,MUGEAGGKPVFMRCXU
3858,PTPEB98UCDYJ2MTE
3859,BLBEJR23J2CTPFAU
3860,GLSEHEJA3CAWZ8JJ
3861,MUGE94E88NSTANZT
3862,MUGE6S9YXRP8MRQC
3863,PACE5VYXRZBQ3FVR
3864,JUGEJTBCFT7QYU7D
3865,MUGEACY8Z8Y3EDRZ
3866,PTDEGXMSY3G7FKJU
3867,CDSEG6ANKKXHFEVX
3868,MUGEJG6TH8HH2XC6
3869,PACEC89YGNYZCMC4
3870,MUGEACY8DDVJ8QAD
3871,PTPEA5DYMZTZWEZQ
3872,CNSEH4JEFRFBFYZV
3873,MUGEBJ7XHH5AVZV7
3874,MUGEAGGKXFT23YYH
3875,GLSEHFUGQRHPBV8D
3876,MUGEAGGKKZBHTBHW
3877,PACECCBJ8ZNZMVSH
3878,PACEBQ5THBFZZYUX
3879,MUGEACY8MKDRNBFH
3880,PACE5M34GBFNK4F3
3881,BLBEE5QEZPXQ7KFH
3882,MUGEACY8ZBCGS2ZF
3883,PTPEGG3XD3GAPBNB
3884,MUGEACY8CMZT54ZX
3885,PTPE2Y3XXK9XGJCZ
3886,PTPEJNZ3JY75FCYC
3887,BLBEDKV9XHJFRF7H
3888,MUGE75ZZ3G2NGKXZ
3889,BOTEJT4YZXKRPDTY
3890,MUGECEVFBPUAPF8B
3891,MUGE6SYUHXASZBRF
3892,MUGEGZUMGYAPVSZH
3893,PRCEGG7WXSSRWQWS
3894,PTPEY6JZGMWZF8H3
3895,BOTEANCHDNKDTKGH
3896,PTPE34YJXKXZVTWK
3897,BLBEE5QEJWDQAWXH
3898,MUGEACY8HJB2956S
3899,PACE43HFHCYGHYFK
3900,MUGE6SYU8QAKS7UH
3901,MUGE5PZ6HEKU5YN8
3902,MUGEAYHPFEWRVJH6
3903,BOTEANCHXBAMZVMZ
3904,MUGEB7J7RZDRUQH9
3905,MUGEAGGKVNSUCWUG
3906,BOTEJRZF6THZAYNT
3907,PACE7RRFT47PZGPU
3908,PTPDXN7BGWDRNHYY
3909,BOTEA8TGKVHDTSNW
3910,CNTEJVGGPSZRZDFH
3911,BLBE7EZ2EYPFGEEX
3912,MUGEBJ7XJHMCGNV9
3913,MUGEAGGKNHCZKE2Q
3914,LBXEJS7ZFUEJF53Y
3915,MUGEACY8Q7ZYSTN8
3916,MUGEGZUJBNU4Y2CH
3917,MUGEBFGFRVWCKPVT
3918,MUGEB7J7VYQXGFM3
3919,MUGE6SYUDDPPJDKT
3920,MAREJMJB9HFBCFNA
3921,MUGE9ZVGGRKZBUUA
3922,HCSEHGV96WXQCBN9
3923,MUGEBFGF6PBQ2R3K
3924,MUGE9P6DJGVZHRMV
3925,BOTEGZWGRM6MPZZD
3926,MUGE8S9K9YBFCGQV
3927,CNSEJMBC6X4KHW2N
3928,SPAEG6QYTABFGD3G
3929,PACECF9NDZG39YPR
3930,MUGEACY8CHWAPQK2
3931,MUGEB7J7SENGQCZK
3932,MUGEAGGKGVE5CCWZ
3933,BLBEB33SVEEHHYHA
3934,PACE95FMAFXHZB5C
3935,BOTEANCHR3YGCGFP
3936,PRCEGJDKCWDFFSAY
3937,MUGE6A5HP6TG9YCQ
3938,MUGEBFGFD5FRUUVP
3939,GLSEHB7RQJFVT6GS
3940,PTPEY6JZN3K8Z5GA
3941,PTPEFJHG6SUSBPG8
3942,MUGE9P6DPPNA4TUS
3943,BOTEANCHJFBASRUX
3944,PACE7QHJGYKXGM5W
3945,CDSEJWHYVFJYHRGR
3946,MUGEAGGKJM5GUWQH
3947,MUGEAGGKVTBAE89D
3948,PACE26UZFAH7U2Y4
3949,MUGE92Z4VKWKGEXX
3950,BRTEJMMTQZHCY7KH
3951,BLBEF3HEKYURWHKG
3952,HJREGAHGVXJXZFHB
3953,MUGEACY87HUCUYCD
3954,MUGEAYHP2YTXUDBB
3955,MUGE8DAUYGPWG9AE
3956,PACDZUDMCHKDHGXA
3957,MUGEAGGKYWKB6YGX
3958,DUBEAN9SCDCVGZBZ
3959,PTPEFS9BTD3YHNHF
3960,PTPEYW8HMUYRPGAD
3961,MUGECJZ2DTFF8KJA
3962,MUGEB3GZ4ZYHF24Z
3963,GLSEHFJZGQDR9Y6Q
3964,MUGEACY8ZGC54WNC
3965,MUGEACY8VZZANNTE
3966,MUGE5HG8VVGMBN5M
3967,MUGEACY8EXQKEZ8J
3968,MUGEGZUHHHHCUWWM
3969,MUGE8DAUSNCVD2QG
3970,PTPE3WXUERJCP24D
3971,PACEAU9GVDACRKUV
3972,PTPE4HEYHXA42KH4
3973,PACE43HFHGWUEV48
3974,MUGEBFGFYQPGRQ7Z
3975,MUGEBFGFCWPFX4SZ
3976,MUGEAGGKHFAM4YZG
3977,MUGEAGGKXF2KF4HN
3978,BOTEH2PJRPBTGXMB
3979,CNSEH3GZGG6VYT54
3980,MUGEACY8MFV9ZDB3
3981,PRCEFR7WX4AFUXZN
3982,CNSEHWGRNCSHGNPC
3983,MUGEBFGFM3GRXXKW
3984,MUGEGZUHX744RFEN
3985,MUGEBFGFEFPRH8F5
3986,PTPDVPEXQ88YHBEE
3987,PRCE3WRYGKBAZGR8
3988,PTPEA5N8ZGYNK3PZ
3989,MUGEACY8EWA937QD
3990,BOTEANCH6ZZZHJVD
3991,KRKE9F9SRBFDZSPE
3992,MUGEKY8XMXHPUNUV
3993,MUGEACY8H9R9ENVT
3994,PTPE6GZRTJJCSURV
3995,MUGE6S9YZ25CHZRN
3996,PTPEFJHGGFH7GA3Q
3997,MUGEAGGKWW34AFH6
3998,MUGEGZUGBZRFZPAS
3999,MUGE7DUFEC3VUZMF
4000,PACE4YPWNTHM9YXZ
4001,PACEFVZZ2R8ZE5ZH
4002,MUGEACY7ZZFGP7BM
4003,MUGEAGGKGEQBSTZA
4004,MUGEAGGKY8BGZWSU
4005,MUGEBFGF4ZDPGTZZ
4006,MUGEBFGFSYVB3FF3
4007,MUGEBJ7XKJDMNXY3
4008,MUGEACY8HGXBNPB7
4009,BLBEYXYHGMXNNABE
4010,MUGEAGGKFBTYPN4Z
4011,MUGEGZUHVZ4Y85DV
4012,PTDEJTJYZGQ3QBFP
4013,MUGEACY8ZGEDWKGZ
4014,PACEBHCUHAYSM8PF
4015,MUGEHFDKXW7E3UTG
4016,BLBEAEH6TYRUHVNR
4017,MUGEAGGKHSCYMGZG
4018,MUGEBJ7XBXMRUHQC
4019,GLSEGPCFGCZRYA73
4020,MUGECEVF7HGA3QMQ
4021,MUGEAGGKSMSZVEAB
4022,MUGEACY8QGGEP9E7
4023,MUGEAGGKYUB8SYA5
4024,PTPEANCHU79KNHU9
4025,PTPEJVNJHB6FXHDJ
4026,BOTEANCHTFMQHFTY
4027,CRLEJ6B76SJP8ZVG
4028,MUGE92Z4ZTV8UZYN
4029,PRCEGXNFFZ2MHBYN
4030,MUGEAGGKMTYUFAGC
4031,MUGEACY8QGADG5VG
4032,MUGE6A5HZUJ924WH
4033,MUGEAGGKNFZUGFN7
4034,PACECFGDM9KCZWFH
4035,MUGECJZ23GD5PE6C
4036,PACEY7H2KGPAHCCA
4037,MUGEAGGKCDCUHPYQ
4038,PACE632TFZZWFNDA
4039,PACEBNG37K3MXNBQ
4040,MUGEAGGKQM37W42E
4041,MUGEGZUHAVWFHSER
4042,PTPE7H5JD4MH5T4D
4043,PTPE4YAN2DXZZGJY
4044,MUGEACY8MGYM6PEF
4045,SLTEE6YYX9J6AYV5
4046,MUGEACY8DDWFGRUA
4047,PTPE9DQXGXYQXNBP
4048,PRCDVFAFM2FPJBMZ
4049,LBXEHYZYAC6XFEBQ
4050,JGTECTXNVGH5GYM5
4051,MUGEJZWTW9GYADQT
4052,MUGEACY8SWZV9NGD
4053,PTPE62XBPSEHCQCR
4054,PTPDVPEXSVAC5GK7
4055,IDMEHY86YP4NFZUG
4056,PACEAYZANXQFKGZ3
4057,MUGEGZUZRYKZGTQD
4058,MUGEACY8NCCXXWJZ
4059,MUGEACY87DHFDDZC
4060,PTPE3KKX3DBHYFVX
4061,MUGEB7J7TTV5URK4
4062,MUGEAGGKPUYPSZAG
4063,MUGECEVF4WG8JSZ9
4064,RTRE2XJSG2ZFVFTW
4065,USGEE39ZKAU9DDA3
4066,USGEDDUFFKX9MGSX
4067,RTRE96W36WAJHRCF
4068,USGEE5ZTTUZDK6Z8
4069,RTRECRF7ND5CVZZX
4070,RTREY9XYN7YUJTFR
4071,RTRDNGVMCHXQT6HU
4072,RTRDQSSHGP7UGRFC
4073,RTRDZK8XCUEKZDFZ
4074,RTREFJRJN2Y6CQJS
4075,RTRD6FYY9KH3BBGZ
4076,ACCEJ6TE5XZANPB5
4077,RTRECZVP6VGBTEGT
4078,ADPE9CJZFQPKTJEG
4079,RTRDRDPR9JHCSBGH
4080,ACCDX8ZUGJDYYJ43
4081,RTREA4CEAZ3VPNHK
4082,RTRECZANMW6UAQ5A
4083,LACEGEZDGBBEJGZ6
4084,RTRE9N5GJGJ2GMRV
4085,USGEDSGQPYKN9YKU
4086,USGEB59M4HDG7HZN
4087,USGEBYYPVTTJA9JR
4088,ACCEGZ659MWTNBAG
4089,RTRDZTF9URF2UFPF
4090,ACCEGZ6BUESXR4VH
4091,USGEDGJFPAWYGDDP
4092,ACCEGBTPV5PPBHVD
4093,ACCDXFZXGQTBTM6N
4094,ACCDSY8EDTGSEZD5
4095,ACCE558KTS5PCGMF
4096,USGEE3GGGGYWM8ZZ
4097,INKEAX9X88JRDCR2
4098,ACCEGZ6BS95BBYH4
4099,ACCDSY8ESXF9AUHY
4100,USGE7U5M7HUUVV2Q
4101,LTBEJGVNHVHPUZ9G
4102,RTRDF7QU6QFFZFKB
4103,USGEJPQHFM7CVCYH
4104,USGEC8ARDDMVUS7V
4105,RTRECTV9PSVC8Z9Y
4106,USGEB59MDGGJ4TEZ
4107,LACEGF4N3CAXZDKH
4108,RTRE2TYNWTGTPE8D
4109,LACEGF4PBHRZVQZZ
4110,INKEDHFH3QWCM9QC
4111,LACEGEZBUKFAFH2E
4112,RTRDGGQ754BDWH7U
4113,LACEGF4N66XHVBVB
4114,LACEGEZDFYZYZQ7B
4115,RTRDZBJ5E8TBFDD9
4116,ACCDXFPYT58AGGAF
4117,RTRDRMGYGV73A3XJ
4118,LACEGF4NZRFQD9UJ
4119,RTRDZTF9DBT4CW8U
4120,USGEE6YKZAKRZKSD
4121,RTRDHYYVXHYG93NF
4122,RTRE2V3Y6FWVHDW5
4123,USGEDAQRYJHZT4BH
4124,USGE5BVUJY4DCCZF
4125,ACCDQDYBQZPEEXTY
4126,RTREYTY2TMVNXZG4
4127,USGEDZEKBZKVYEZC
4128,USGED8ZSHRYQDKGU
4129,RTRDFFYGM2TEWVCC
4130,USGEEF3QTHWQ73HZ
4131,RTREBVK9HX8XJH2T
4132,USGEDDUFPQBYH6GY
4133,RTRE9WHYCSYHZKDM
4134,RTRD7XKFDBPBR6CV
4135,ACCEJ6TES5HRPFTG
4136,USGECMER6YHJTVBE
4137,INKDYVCR6P5Y9JDF
4138,RTRDZBJ5FZSU4AYZ
4139,RTRE8GJTHFTTDZWA
4140,ACCDSY8EHHF5TSKC
4141,ACCDXFFBYZTCAMRN
4142,USGE9QFK7DKTJVHB
4143,ADPE9TFCUY5Z8ZH2
4144,LACEGEZDVDYA4FZZ
4145,USGEDDUFFUEEDZAV
4146,RTRDPEG7ATGCPYZS
4147,ACCDX3KFD7H6VWJ3
4148,RTREY7SCGRHBZRSF
4149,RTRDW77Y4D3QTBUG
4150,RTRD4D3EGBAYBG2C
4151,RTRDNGVMAKRQKH7Y
4152,AUDCY8T7KPEG3ZZF
4153,RTRDPXKCBHEECZQE
4154,ACCDWG6GYCXXABPZ
4155,USGEBZ7UHXASBG6M
4156,RTRE3KKX6DHYNZBK
4157,USGEBSK8VVGZCHPF
4158,ACCDY6GWDTT9TMNY
4159,RTRDYKYKKGPHZGHY
4160,RTRDQ9YMUHW7PYYE
4161,LACEGEZBYUAA7ZWB
4162,RTRDPFNAFVJAXHTA
4163,USGEE3YXGXN9FHUQ
4164,ACCEJ6TEH8FYHEFG
4165,USGEDQGCSHSRGSYG
4166,RTRDHCXZPWGDJRVH
4167,ACCDXFFD7H52GCDD
4168,RTRE7DBHH85JTHXC
4169,USGEDZF2UQ38HTJ5
4170,RTRE387ZG6JUHDHP
4171,ACCEGZ66HG5DH7ZH
4172,RTRD3849TERR75YB
4173,USGEEF3Q6BUZYPSE
4174,USGEDSGQRARFSKZC
4175,RTRD6FYYUQZJBY6F
4176,RTRDETBCHYE3UZAA
4177,ACCEGZ65AEVGSGZ7
4178,ACCEGZ6BS9JKBF5P
4179,USGEJTVATZSAFZ3H
4180,RTREAX3DGDRSSYFT
4181,USGEAMADA8XHH2UM
4182,RTREA7E5WGGNH7UR
4183,USGEBZZ3SVFAFF5E
4184,RTRDQZMJBWHZCXZT
4185,ACCEGCATKHNRXUHW
4186,RTRDNGVMRQ63YU54
4187,ACCDQDYBYCX69WHA
4188,ACCEGZ6B9MYUTYST
4189,RTRD8FPJQUFYZAPJ
4190,RTRE387ZDKW7NQGV
4191,USGEDRESZAGFHZUF
4192,RTRE6Y4UUCDRGMN2
4193,COMEAZ94HWYQTZHZ
4194,ACCDWJ8US3VAZSH8
4195,RTRDNGVMH2ZJZRMQ
4196,RTREGG8F83DMYHPE
4197,LACEGEZDSQ5JKX2G
4198,RTRDPEUPQRZGWHGC
4199,ACCDY6GVZYHGRRPP
4200,ACCDWRBD8TQYUZX7
4201,CPUEJ2CMBFHTTHSJ
4202,USGEDSKFXUHKEGME
4203,LACEGEZGTVHNGAF2
4204,RTRDHWZYK9SN4MGZ
4205,RTREFDT4U3A6UZEH
4206,RTRDP2GSBX4AF7FK
4207,ACCEGCASDTW8AW4G
4208,LACEGEZDHWMDGZFK
4209,ACCDSY8EYJ6PTNGT
4210,RTRE3F95FDUDKB8Z
4211,ACCDXM7PNZGBNTEA
4212,USGEDZAAFUVCHJA5
4213,ACCEGZ66PXG5AHHJ
4214,ACCEJHEYMFQUSCXD
4215,USGEDH3FCDFMMJUE
4216,USGEE3GCYYWX5ECP
4217,ACCDX3KYV5FEVMGY
4218,RTRE2RMAAU4D3H5X
4219,USGEDRRVZCFYRADJ
4220,RTREF2UMA333RFTZ
4221,RTREF5VHK9ZUQE7V
4222,ACCDVDC8S5JWEE6X
4223,RTRDZBJ5HJUQPHUB
4224,LACEGEZAFNV6YHHF
4225,LACEGEZDPPGNXF5V
4226,USGEDNR8U6ZAETKA
4227,USGE8R7KG4TYZPV5
4228,USGEDJP7GNXSPZ5Q
4229,ACCE4JKYGQGYYHBG
4230,USGEE5RFHDHCRFSU
4231,USGDPXUW6HCQVG5H
4232,ACCE8FG4JHHCTJDY
4233,USGEE6MV4XNTHFCE
4234,RTRDEKJVRCDYXRST
4235,RTRDA4U7UE3Z7UMB
4236,ACCEJ6TEQMU55MFW
4237,RTRDWGAKVZK8VQ9R
4238,USGEE4P5BUGKHE2M
4239,USGE9ZNJ2JKFNKH6
4240,RTRDFFYGKJAXPUUG
4241,RTRD7HN3JJYF6WN2
4242,USGEEF3QGH8GPGRU
4243,ACCDXFP2HFYAWDBT
4244,USGEAYRTXWS4QGKB
4245,ACCDQDYBMZDHCNRA
4246,USGEE4CAYEJWVAF5
4247,USGEDST69PGHVYH8
4248,ACCDX9Y3MJET7BHY
4249,MBDEFYHEKX7GBWFU
4250,USGEDZX5ERUQRW8B
4251,RTRD8FNG6FUTFZQJ
4252,RTREFR77EH5G8AH4
4253,LACEGEZA6MYSFYHT
4254,USGEJPQHT8YPZ7D8
4255,USGEDX24BCNC63FE
4256,ACCEGG7KUYJWDUUG
4257,RTRE4EY9HHDVPVG6
4258,USGEDZF2Y87ECZHK
4259,RTREBG9CJ7HHSHGJ
4260,ACCDX8ZUEWUKFHHQ
4261,ACCDX9Y62ETH4WGB
4262,USGEDSGQYHMHBZGH
4263,ACCDSY8ERUYRYSUA
4264,ACCEF3Z2XMEEJVWE
4265,RTRDZBJ5VAZG7VGC
4266,ACCEGZ6BBHDP23K8
4267,PSRE2K36QU4U5HBC
4268,USGECNEZPYBCAWGU
4269,ACCDX8ZT6GGZDFHX
4270,ACCDR3Z6KVFHCZQA
4271,RTRDZK8XD2H2VBAD
4272,USGEDDUFASHHQGEY
4273,ACCEGZ6BRBTGQWZY
4274,ACCEJHEZHGMYZGYT
4275,ACCDX8ZTH89YR2ZF
4276,COMEAZ945RHFFGUS
4277,RTRE8EHVG8MKE29S
4278,RTRDBECHFKZTHEP8
4279,USGEDRPHJHRGHJNH
4280,ACCDX9Y48HVQYFEK
4281,USGEE2FECFENWUNS
4282,RTRE3WYAU6HNKCGS
4283,RTRE7FT9VKRGNTRR
4284,RTRDYPA4PJHCJCGF
4285,USGEDDUFEWAMS6C8
4286,RTRDPA9FNCRGS8UZ
4287,ACCDVPGKY3GBDB5P
4288,ACCEGZ6BCUUKPVZR
4289,RTRDWBPC23ZAYMSE
4290,ACCDXQQGRWYGJCKS
4291,RTRD6FYYZCZGPCVH
4292,PSRD7NKJGFMGAZQG
4293,ACCEGCAVP2NZEETM
4294,ACCDQDYBPHVQ9EFC
4295,RTRDQGV3ZTKAZTPD
4296,ACCDSUZJGMZD9FHZ
4297,USGEDSGQDG8VUQWT
4298,ACCDXFPYVJCMFGET
4299,USGEB59MTEDYZGZH
4300,RTRDYYTZVSFZQXWF
4301,ACCDXM7XJHDBTH3X
4302,ACCEJHEKWCGVMTHH
4303,USGEE7ACNU4ZGY5E
4304,ACCEGZ6BY4ZPBWWV
4305,RTRDFFYG65VG5RWS
4306,RTRE93J4UYHVQAKG
4307,ACCEF3ZFTEZNYMHF
4308,USGEDDUFWRC4DM9G
4309,RTRE38HFGYDDZYGZ
4310,PSREFBQM8V7GVCGX
4311,ACCDWRBGW9XNZDGP
4312,ACCDXFPYCSFXCJU4
4313,ACCDQDYBYVQZNHCH
4314,WATD9H76RG5FQT5Y
4315,TCKE8SPVBHJZVDFG
4316,WATEA6UGFGKZKDJC
4317,WATDYFQ557AP8EVM
4318,WATDZ2ZQGEYGQCFX
4319,WATEAYAHJ8CUCAYM
4320,WATEAD5CGFUAZAMS
4321,WATDZRZGZAM7HDGV
4322,WATDZNSHJHDTS9GN
4323,WATECSW5XEYZW3G6
4324,WATDUNJ7YKMGG9RZ
4325,WATE9MVXJXHZHEJU
4326,WATEYAP3HZBXA4N5
4327,WATECHFU4QGFQEJG
4328,WATEATZUJHKHH59V
4329,WATEB795UJCGY7JZ
4330,WATEHYHNCANKP5VZ
4331,WATDA5ZAXAP2VTGQ
4332,WATEDHWY6UYHX6ZR
4333,WATEYAP3UAQ2H5MM
4334,WATEAFG4PYZHTC52
4335,WATDZ2ZQAFGKBF2Z
4336,WATDZ5HGXEYDHBWD
4337,WHBEGHYHY5FJP7G4
4338,WATECE855W5YFE3H
4339,WATEBSZUTGAQBCFN
4340,WATE3FAXGFHMASYX
4341,WATEBVHAWSYYS8EY
4342,WATDXB5HPZFBCDG4
4343,WATE7VE2MFQWBF4H
4344,WATEAK8SE2RUK7GM
4345,WATDUNJ7AZ9RYTAF
4346,WATD9H76QFGFQAHV
4347,WATE7ZNJMHZDZDEW
4348,WATDWBHR38VKQAKG
4349,WATDWABRFCWT2DD3
4350,WATE4S5RZZY6ZCSA
4351,WATE6S3AZNHMPTJA
4352,WATDUNJ7PGYUWDGQ
4353,WATE8HU2ZJEJS92Z
4354,WATDZMBRGZ4U7SQX
4355,WATEYP8CTDHWH7N9
4356,WTBEGYYBQTZXRQK3
4357,WATDCUGXHXSUHBHX
4358,WATE5HFYXEJRCTHF
4359,WATDZMBRXFZUUD2Z
4360,WATDZ5HGJGTPBEHB
4361,WATED53FKKH4S8E4
4362,WATDDXF3B7QGT3MC
4363,WATEYUZXGBYVBF24
4364,WATD9H76H9EHPBUF
4365,WATEJAE8DFSKJDQE
4366,WATE9M3RRRKZK4FD
4367,WATDJYPXZMUSCBJN
4368,WATE6XU7E3D28FJH
4369,WATED9T48YVSTAA5
4370,WATE26J74MGUBFFB
4371,WATEHZP3ZA9YT99G
4372,WATDA5ZAWCTQHAY4
4373,WATE34FM4B65YDDE
4374,WATE9WKSHRYTM2PP
4375,WATECSW5VZSZETGS
4376,WATE3GEY74QU9T35
4377,WATDVGGHNSHKU4ED
4378,WATDUK7DKXV8WCAW
4379,WATEYAP3ENSXBF7E
4380,WATEHZZV8HF77B94
4381,WATE9GY44ZQHHFGP
4382,WATEBYZGCFGUP9HG
4383,WATDZ5HGMZ3FZ8ET
4384,WATECGG4W76YEBUB
4385,WATEDBVHQ6AJX7N9
4386,WATEBJ37KBB3SEBR
4387,WATE5HFYFWFCXEPT
4388,WATE9PJWEQRUDBEM
4389,WATE9MXPNCGYHEK3
4390,WATE3FAGMKFBCTPA
4391,WATD9XFGAJQGR4AQ
4392,STIE9F5USTFFWM5B
4393,STIE88KNKXY33QZJ
4394,PHFEBZ2GBSK3U43Z
4395,STIE9F5UCZRNS8ZC
4396,STIE7KFJNFQ8KQUR
4397,STIE7KFJYDFUUBEG
4398,STIEC889GTHUZPWD
4399,STIE7KFJAKSTDY9G
4400,IFPDG7HYHYQNAGXS
4401,TOPEHTU46JAHMV33
4402,BTWEDRTHRY83HXYY
4403,STIE9F5TXEZ2RT8N
4404,STIE9F5UGDGUX58J
4405,FDUE6ZHHEEHEHRQD
4406,STIE9F5U4HGVGABZ
4407,TKPEGRKHT4832GFE
4408,JUMECNJURHHGKSXR
4409,SHTEGEFYGYU3AZAK
4410,LJGEHFBTFDGHGGWD
4411,BDSEGWT4FQHRSENN
4412,STIE88KNYM5PHFJW
4413,CPBEF7N4YFPB9EEQ
4414,STIE7KFHHFMGM9WX
4415,DRPEHYHH78DZHUZG
4416,BTWEE4HMGWFQPGWH
4417,STIE7KFHHU4GMGBE
4418,STIE2FRBMHDZHFJR
4419,JCKEENPXA2PXS6QH
4420,DSEEHETVWRX9FZDT
4421,SBGEGE6TNPUX8STE
4422,STIE9F5U4EBM8WT9
4423,STIE2FRBSDPEUB8T
4424,DRPEJSFXYTPZAZPR
4425,BTWEGFZHGBXPHZUH
4426,SRTEGYXHGCTXUBD2
4427,BOLEFYQHHXVPYJH2
4428,MATDAHY8TCGBPRHD
4429,STIEBU65QZPKCVVU
4430,STIE7KFHUS3NNPZA
4431,NSTEG48QAMBSKRXW
4432,IFPE7828KFDGJKTZ
4433,DRPEHYHNHVKHZCZG
4434,STIE7KFJDGPUYDEW
4435,CAPEGW7UTGHRJBEW
4436,STIE7KFKWAWUMN7A
4437,DRPEHYHNWQEKZWXN
4438,STIE7KFHYBHYKMT4
4439,STIE9F5UCPRTGRVA
4440,BDSEGZCETASFKSBF
4441,STIE2FRBQFSYGYYM
4442,STIE88KNVG7YETY6
4443,BLAE7ZARKHFBHYE8
4444,TSHEGNTNVHRVFN3U
4445,STIE2FRB84HMTAUK
4446,DRPEB78QBJGZTHHX
4447,STIE9F5TBSHYS7QF
4448,BTWEEDBQDZKZJY5E
4449,TSHEGQGZZMPHRMZC
4450,BTWEHQVQ5VBYE54K
4451,LJGEHB6FRGN73YZA
4452,NSTEFH9FMYHGZBEK
4453,STIE2FRB9GDYECFX
4454,STIE8YSVBHMJAYT6
4455,TSHECNFS9HYANZZP
4456,JUMEGV7FGSSWHWCK
4457,STIEBU65ZHZESDWV
4458,STIE7KFJ5VGVTRJF
4459,STIE7KFH7PYS5GGK
4460,BLAE8BUKAAY8ZKMA
4461,BTWEE2GHAVDAAG3J
4462,STIE8YSVWABTME6T
4463,NSTEG48PMGVFNCME
4464,BLAE5CFRWHH7UDVD
4465,STIE9F5UKGKHH3N3
4466,SCPEJMZDRNQEVVNT
4467,STIE7VAYP6GYJRPQ
4468,SRTEHHXG8MUXTGPA
4469,STIE7KFJRZZCGX2X
4470,STIE9F5UZZHYBAWY
4471,MNTEGKSZD2ZWUBZK
4472,STIE9F5U6FH9GCEY
4473,STIE7KFKTVFQENK6
4474,DRPEHYHKJX3VJS4H
4475,TRODN38Q8HHZHRFE
4476,STIE2KFZTQFVYZQQ
4477,STIE7KFHWWHNJYYQ
4478,STIE9F5UFCGSZDHM
4479,STIE7KFHZRU9Z7XZ
4480,BBCDPFZM6V585ZZE
4481,LJGEG6UDW2EBZQQ2
4482,STIE7KFKQDP9JZXF
4483,SHTEFW56PAGGFJGA
4484,STIE2FRB7BPYRUBV
4485,DRPEHS7GGAEJHWGH
4486,STIE7KFHGZ5FPWFB
4487,STIE9F5URYM7HRVA
4488,STIE7KFHEFGYAM2Q
4489,STIE9F5UYFZEUEZC
4490,TSHEH9YYVDX6CZC8
4491,STIE9F5UMQ2BTXRS
4492,STIE7KFGSBYBQG8U
4493,BTWEDFCPBQ6FNNGB
4494,STIEBU6572J5BPHG
4495,IFPEEANZ88AYFQJJ
4496,STIE8YSVEQVGZVGB
4497,DRPEHYHHHZXWMARS
4498,DRPEHYHG9YYHD2HH
4499,LJGEFTYKNF6URF4G
4500,SWDEFF79MGSQGHAY
4501,STIE7KFGVMMCQZTH
4502,STIE9F5U4VDNYZGS
4503,STIE7KFHEGPHMZZ2
4504,DRPEHYHKFSHQEKTZ
4505,TSHEGACUGZYXA7PF
4506,NSTECQBQFGMTK9TE
4507,STIE7VAYKHMKHKGN
4508,BOLEHUEBRTVCGWMK
4509,SRTEGJV4J8DRGYG3
4510,STIE9F5UGGCGZFSQ
4511,STIE8YSWM4FXPEGF
4512,STIE7VAYNQZZ67YX
4513,NSTEHYA7NGZJ6Z5B
4514,BTWEEYJR46VFFQW6
4515,MSOE7D95ZBVSDKSX
4516,SWDEGU4MDSDGGJHN
4517,BDSEGWT5Q2TNUKHX
4518,STIEBU65TYHDZPGX
4519,JCKEF26QXMHTQGVU
4520,NSTEJMHARPK8BXHS
4521,BZREJH9PC4Z7RGUS
4522,DRPEHYHMKTQZZCR2
4523,SRTEHHXGEVDQMEQV
4524,STIE9F5TWBGRANFP
4525,STIEC889ZBGBQHHG
4526,TOPEBKYKHZ74DT6U
4527,BLAE8BUKXGJ3DHMG
4528,STIE7KFJBHM9J55E
4529,DRPEHYHMTYJV3FSH
4530,IRPEJH8KGZ7XEFDU
4531,ELWEG4TV8SGCMCBM
4532,PCSE6X3YEKWRUXKM
4533,PCSEC86VQBYAG5YA
4534,PCSDY5AFFQG43YQW
4535,SHMECRRMGX8UMEHJ
4536,SHMECRM3YRFDHSZS
4537,PCSEAKVBFP4E4JW3
4538,PCSECPH2QUEJGJQA
4539,PCSECYY4D7SZHMCV
4540,PCSEC86VZZ3CT8QK
4541,PCSE6SJGZWXPQY9G
4542,PCSEAF9QMVZUJSGK
4543,PCSE93H4FSGSJHU6
4544,PCSECPHKBH3N5R7C
4545,PCSDY5AHM2SEJM4K
4546,PCSE6SJGWAZ9H2MG
4547,PCSECV3FZ9NGYJDJ
4548,PCSEBFEH9XA3B2DF
4549,PCSDY5AHERHZSZZW
4550,PCSEBD5MCK4SUCHD
4551,WJCEHF8GZSQWZY7Z
4552,PCSEDFE7GAXP5XUW
4553,SBSDUTY7XQRHXVRA
4554,PCSEDT7S9UVVR68Y
4555,PCSE2DJZ4RMMXBUG
4556,PCSEAH5WZNWYJE8M
4557,PCSDYQEWYHKJZ7DE
4558,PCSEAKVBCZWH8HDS
4559,PCSE92AP2AN6QBX5
4560,PCSEC99MJKWX7FXG
4561,MLBEHCAYU8TGRGGJ
4562,PCSEC86V2Q6P7PAB
4563,PCSE6X3Y2HSTHBDW
4564,PCSE4V8H8WJHEKHH
4565,PCSE6SJGYMZB6CHV
4566,PCSEE4H5KYEJDF9X
4567,SHMECRS4DDGBWMDZ
4568,PCSE9Q6VCVMWRAPN
4569,PCSE5N9BAHDXCSVB
4570,PCSEB5BW8GUQG6ZH
4571,PCSEANGCJGZDCE4T
4572,PCSEDUT3FS8UTKJQ
4573,PCSEAH5WEMVJMB3D
4574,CUTDTXFGNMHJRUHX
4575,PCSEC86VEBNYKRB5
4576,PCSE9SCFYQRSMAPY
4577,PCSEC99M5VKHCAY6
4578,PCSDY5AFQE42NNTK
4579,PCSEC86VU9PMZYMP
4580,PCSE76X4VRQYUPQH
4581,PCSEC86VHTYFJHUW
4582,PCSECYY4NYESZ8CP
4583,PCSDY5AHRAG6EJZR
4584,PCSEBDFUMFZZQDJW
4585,PCSEAKVBTXB6E4RF
4586,PCSE9YFEBRCHEYFN
4587,PCSEAKVBYGBZXKNS
4588,PCSEAKVBFTUD49VH
4589,PCSEC86VCFQYV6QG
4590,PCSE2ZFDJJGFNHC7
4591,PCSE4V8HEJUFGMMV
4592,KBHEGPKX86TJTTFY
4593,PCSEE4H5QCZPBWHC
4594,PCSDY5AFPWQBABVU
4595,PCSEDTF2Y2U6HYFQ
4596,PCSDY5AFMETYABEH
4597,SWKEF24BN9GU9ZH7
4598,PCSEC86VA2HGZGXW
4599,PCSE4SFFFEAJQ4QC
4600,PCSE9R7E3AFG7F9H
4601,SBSDUTY7AZYZWSQS
4602,SHMECQYZ6CJ9GRPU
4603,PCSE4VAVF3JS4PVC
4604,TBHEHB7S6N5WHTYQ
4605,SCTEG7EEPNJZ7HRY
4606,PCSE6SJG9SMAGGHY
4607,PCSE2ZFDEWEJFKPY
4608,PCSEC86VCKS2FGGK
4609,PCSE9HAGHNGNRHZD
4610,PCSE6SJG2UD3X4G3
4611,PCSECV3FHFGEG7FG
4612,SHMECRNMPZGQZBWZ
4613,PCSEANGCBNFSSQHF
4614,PCSEAKVBNXFGZBKB
4615,PCSEAH5WWGGT8CEZ
4616,PCSE7T8FVEZQZ4NT
4617,PCSEAH5WHFV3CXBC
4618,SBSDUTY7VSABNSCK
4619,PCSE55G4NFW3DUS3
4620,PCSE27VWRYYZMNZE
4621,SHMECRHENT38D2TD
4622,PCSEBYMQRGV6RKDZ
4623,PCSE7Y9XGFAEZMMM
4624,PCSE95HXQE744G8Z
4625,PCSEC86WYPMMQEYJ
4626,PCSEDE6ZNWQCXWDY
4627,PCSE6SJGNDGTHPGR
4628,PCSEAKVBFDFZNY6W
4629,PCSEDPHM4G7WAYBA
4630,ELWEG4TV22DE3F4Z
4631,PCSECV3F9MXQZH3V
4632,SHMECRRMZRZKQEHM
4633,KBHEGN9ZV9CGHHBP
4634,PCSEAH5WZB8HNWEG
4635,GSPEGZBGUU5R22GZ
4636,PCSDYQEWUYFPRUWY
4637,PCSE93H4Q5THF7PG
4638,SHMECRVFSV5NVUC2
4639,PCSEAYRTUYVYYC6Y
4640,PCSEDTGQPPGYH4M3
4641,PCSEAN2WCFR4FXVB
4642,PCSE4VAV6VRPYEDV
4643,PCSEE4H5ADZDDMSR
4644,PCSE27VV35ZGZBB3
4645,PCSDYQEWHCZUKEZA
4646,PCSE76X4K44HZ5YY
4647,PCSDY5AFCZVXTMV3
4648,PCSEAH5WVA2T7SZK
4649,PCSEDP3UF6EYPZZX
4650,PCSEC86V8PEY3TAW
4651,PCSDYQEWA86AYYVF
4652,PCSEAH5WRCPTRHRN
4653,PCSEAKVBZUG8VZF5
4654,PCSEC86VVCMGRCYE
4655,PCSE4TF4HYNWURSH
4656,PCSEAKVBNSFWGBGE
4657,PCSEC86VKYNCPSDK
4658,GSPEGZBHDS6CBWAG
4659,PCSDY5AHKFCUQ3ZS
4660,PCSEBD5MD3X6SGBK
4661,SHMECQWKZVRQJVY7
4662,PCSEC86VZVTTBKJE
4663,PCSEAKVBSWFTSSKN
4664,PCSEE2FECQ7EEKZF
4665,PCSEBQ9RT9MFDUWR
4666,PCSEC86VGEWVKHWZ
4667,PCSE6SJGY3ZSWGZ3
4668,PCSE4FKCGZNGNHFN
4669,PCSEAKVBJD4VKMNP
4670,PCSEAH5WVHDU2YF8
4671,GSPEGZBEE64ZGJRD
4672,PCSE4A2ZBHGAVCDF
4673,PCSE98DZMYDTBNG9
4674,PCSECV3FHFAQ9T36
4675,PCSE4SFFZWMNJCAG
4676,PCSE2ZFDQHP9ENMD
4677,SHDEJFVQ6ZMNFGAY
4678,PCSE7B6U2VYJZWSQ
4679,PCSDY5AHEENB3Q9X
4680,PAEEGF2KQZFWK3PX
